census_id,emis
0001,1684.882389269971
0002,876.8915576063255
0003,4277.71518493218
0004,991.2857440717462
0005,3343.571855015152
0006,506.91538906733
0007,2.567231252501159
0008,4005.8695267950307
0009,4.914377977504183
0010,4946.226297651514
0011,243.69004227436557
0012,12.983621688189684
0013,1159.2726421020118
0014,1644.520654088342
0015,4355.967730430702
0016,443.9239899981576
0017,13562.352866564997
0018,10954.755577691049
0019,2441.4012907164033
0020,3153.97109100396
0021,24502.68493976493
0022,13567.26790193018
0023,5249.950042300838
0024,1755.9516944299312
0025,9929.062101945077
0026,140.5941864461058
0027,18.228279291350542
0028,223.33059048029224
0029,45.86888546311663
0030,4738.102121978189
0031,14373.194467668502
0032,14646.341536964735
0033,28543.871915878706
0034,13966.906598547253
0035,41116.38611244431
0036,21102.47375344286
0037,10452.339726938319
0038,24169.475544268727
0039,3292.9599727220734
0040,1418.1690218307565
0041,959.252381734468
0042,3235.0130018281598
0043,1913.9786815147659
0044,1153.6402567016935
0045,1973.1499938767427
0046,1199.4130057226791
0047,295.4534803573447
0048,3734.6330229104406
0049,1106.8470732475928
0050,5978.806565721294
0051,6866.488033708414
0052,2172.3147819438823
0053,2675.722321004822
0054,7438.49027439751
0055,22460.77261662935
0056,631.1626135451636
0057,16718.9107315062
0058,2138.4390960504247
0059,3942.241922693319
0060,1250.757862260772
0061,1027.199078006818
0062,5178.4998731957585
0063,4.374065802439194
0064,9017.959375327613
0065,1465.6632092346938
0066,305.7973416615801
0067,5891.67827991248
0068,2173.8549432345226
0069,2118.8764460011676
0070,1073.6562080790022
0071,1791.3366590664411
0072,2382.580696817003
0073,1128.4355736154625
0074,2512.6523537940825
0075,3179.7254179380534
0076,1191.6476981624894
0077,1651.2709210033897
0078,1086.1810000484484
0079,412.544460062711
0080,356.53122381767855
0081,89.49050551732148
0082,961.4314781765428
0083,2650.3613284677167
0084,7907.216773665407
0085,1393.1445306744822
0086,45.376484238116056
0087,8382.025171481633
0088,120.79708912507948
0089,4682.951373721609
0090,847.5226188254642
0091,3561.226809428406
0092,4.9961174289975485
0093,10.379655036961108
0094,0.2872115459907959
0095,781.327438760386
0096,0.48092844810072577
0097,3331.7460397974633
0098,17.107340568194736
0099,14975.20034890108
0100,17299.031416809543
0101,23672.026253305703
0102,10012.889241306731
0103,9707.707802881365
0104,26109.78693322102
0105,16030.103072943128
0106,27118.66496524457
0107,36338.45227888957
0108,18017.56699130025
0109,26522.45696342669
0110,20591.497195221946
0111,50725.88910774543
0112,41594.52601758624
0113,11064.486546600081
0114,9315.22475815082
0115,9905.907188226422
0116,21571.26072788647
0117,11606.251746075428
0118,5787.568213717315
0119,4628.484511562375
0120,22737.245285810277
0121,3215.404060040617
0122,8745.33020977495
0123,12797.678189889371
0124,3066.858419898726
0125,8203.201428378305
0126,12844.600039035306
0127,71620.27119994188
0128,42040.22790532399
0129,2520.2516194960203
0130,8673.954980844595
0131,2790.4610994171835
0132,16396.67584941068
0133,5636.893384275295
0134,47428.181768833245
0135,37502.80197163628
0136,173.46851714106234
0137,7.649524988101933
0138,0
0139,0
0140,2.066226443873787
0141,3396.9208403962716
0142,3907.975504210567
0143,3253.334137084082
0144,2470.4355467650007
0145,3630.856308339791
0146,6706.78637878838
0147,7390.713128910312
0148,7317.247608317483
0149,919.9955072554138
0150,1443.6205486885256
0151,1161.9277196236458
0152,10665.08262102123
0153,3216.0160785912517
0154,6510.10209861111
0155,2079.9165394887273
0156,1147.913485075779
0157,3455.058539820327
0158,4002.2387320006965
0159,3280.9218507216265
0160,942.2704633278302
0161,440.5403532545976
0162,2278.565425539774
0163,0
0164,0
0165,0
0166,2.516810675271823
0167,0
0168,0
0169,1.37209789755575
0170,0.5599235229897355
0171,0
0172,0.0010168228433283207
0173,0
0174,0
0175,0.004887723032837659
0176,7.535209987211828e-4
0177,0
0178,7.828779247552022e-7
0179,0
0180,27.467698239210716
0181,0
0182,0
0183,0
0184,29.789338480113138
0185,0
0186,0
0187,2.0180605438426085
0188,0
0189,1.5144400400372608
0190,0
0191,0
0192,0
0193,0
0194,7.098352442887655
0195,43.743246823145455
0196,0.7183560415315982
0197,0.023529638925684722
0198,0
0199,0
0200,0.008124129311686448
0201,0.010349564058011608
0202,0
0203,0.012905849353541268
0204,3.3230451112550776
0205,0
0206,0.44524156010488086
0207,0
0208,0.8732289204452726
0209,0
0210,0
0211,0.09895262284974052
0212,0.07953428487256577
0213,0.006049129490360082
0214,0
0215,0
0216,0.10157493144738133
0217,0
0218,0
0219,0.5525541835334261
0220,0.003773384103502991
0221,0
0222,0.0023320950711990885
0223,0.2590839294371175
0224,0.34054663480797004
0225,0
0226,0.5384372158191083
0227,0.10568477929935759
0228,0
0229,0
0230,1.2723934840151074
0231,0
0232,0.024778452120194354
0233,1.9691478826717053
0234,0.06299046773698627
0235,0.03100025144122138
0236,0
0237,0
0238,0
0239,0.13736014310444464
0240,0.030136140332871368
0241,0.13031204468787752
0242,0.1102695409469103
0243,0
0244,0
0245,0.10057851537094245
0246,0.17904246424222928
0247,0
0248,0.09030966339009823
0249,0.022661121059630748
0250,0.0402388609940831
0251,0.010881793083602334
0252,0
0253,0
0254,0
0255,0.011384770198443509
0256,0.016389773875477732
0257,0.0060581154756220584
0258,0.24760867181895985
0259,0
0260,0.006563314833364151
0261,0.1124924877728306
0262,0
0263,0.20171557500936635
0264,0.0035491905106930163
0265,0
0266,0
0267,0.012386884368078931
0268,0.6755490585039565
0269,0.08168193592701463
0270,0.14245876704647945
0271,0
0272,0
0273,1.7306244990319648
0274,0
0275,0.09100363383551828
0276,9.02415390124663e-4
0277,0.1856952365726329
0278,0.017408689263936145
0279,1.0428141388074361
0280,0.06171906150946704
0281,0.18245687987300532
0282,0.07159221830048366
0283,0.14054028934435903
0284,0.1232794491486681
0285,3.0859323250929576
0286,0.013453163264300091
0287,435.5505579523136
0288,0
0289,1.081514403980144
0290,0
0291,8.785280450536094
0292,0
0293,8.173369542651987
0294,0
0295,0.01747681678060638
0296,0.38265000962709994
0297,21.831268394499904
0298,0
0299,0
0300,0.10265525461641987
0301,0.03864715052648316
0302,4.574728980310029
0303,5.816383026379131
0304,3.146868575783952
0305,0.013403616193646183
0306,7.273398205727505
0307,56.34638218633613
0308,0.19969839396573186
0309,0.08028205299050686
0310,0
0311,0.40996498755765565
0312,0
0313,1.1161321519937695
0314,0.4414212387146743
0315,118.94454967800533
0316,0.8276953147305045
0317,0.41317164533571205
0318,0.8516740862937625
0319,2.5869061374516114
0320,31.03481925182907
0321,26.19970344229877
0322,57.0817034557805
0323,203.70287152697622
0324,786.0083672147946
0325,242.96436974663786
0326,3.075457256407088
0327,10.217658018811678
0328,156.34971540751962
0329,1750.6318265014818
0330,29.842729460432494
0331,117.96663282855515
0332,53.58372612374884
0333,0.14517186700234208
0334,664.4964656453808
0335,0
0336,343.5796574160181
0337,0
0338,0
0339,0.10635809969092833
0340,1.4355167645647333
0341,0
0342,0.015173625932777338
0343,0
0344,1019.1635439158189
0345,25.998168598281673
0346,0
0347,326.6882193445771
0348,0
0349,0
0350,251.8670882076441
0351,0
0352,0
0353,0
0354,0.3266003306509182
0355,0
0356,0
0357,0
0358,0
0359,26.55012560586657
0360,0
0361,0
0362,0
0363,0
0364,217.58973393646576
0365,13.172536896556311
0366,93.93686066985714
0367,0
0368,0
0369,49.91098277137882
0370,3.7070246729369623
0371,98.40832395653361
0372,0.978658042258813
0373,0.24147015797516833
0374,0
0375,0.6866576406354814
0376,2.445365798351277
0377,0
0378,1.7961391538682916
0379,0
0380,0
0381,0
0382,0
0383,0
0384,0
0385,0
0386,0.06639100370579654
0387,0
0388,0
0389,88.54714939594358
0390,0
0391,0.8385064111597198
0392,0
0393,11.407300052744642
0394,0
0395,0
0396,0
0397,0
0398,7.712436107479416
0399,0
0400,0.14970498741589866
0401,0
0402,0.3112373953616032
0403,0
0404,0
0405,0
0406,0.9027900726098689
0407,0.5680857502413393
0408,0.06481642312835136
0409,0.17569142549214065
0410,0.27711379139183
0411,2.0365048396323204
0412,0.3234121507992419
0413,0.11546170719938598
0414,0
0415,0.25896279005044026
0416,0.022868452234747757
0417,0.26459672564079484
0418,0.1335316198189961
0419,0.216063545637607
0420,0.03096137607786529
0421,0.0027521263974704478
0422,0
0423,0
0424,0.06241491053809844
0425,0.13452084690330882
0426,0.01989982425578636
0427,0.03574158636947333
0428,0.0055620850331711815
0429,0
0430,0.06522716318622128
0431,0.08201408018227024
0432,0
0433,0.04756378307345512
0434,0
0435,0.021878225990772163
0436,0.23145446927456095
0437,0
0438,0
0439,0.0025746378550908764
0440,0
0441,0.023400796818623545
0442,0.07205796126931177
0443,0
0444,0.0028970834336517638
0445,0.08905446614998089
0446,0.029063364148471025
0447,0
0448,0.0035927210180656064
0449,0.204767196844893
0450,0.01721845156268556
0451,0.08465342152447755
0452,0.030593757672025136
0453,0.07218006449820978
0454,0.03602570259468244
0455,0.06191542374435098
0456,0
0457,0
0458,5.20454657342742
0459,0
0460,0
0461,0.11089093019012553
0462,0.15409142999915437
0463,0
0464,0.2500115023496368
0465,0.09317679424401486
0466,0.04796883204825678
0467,0
0468,0
0469,0.048312275413179506
0470,48.32687469669395
0471,7.888985616098555
0472,1.0960680347720282
0473,0
0474,0
0475,7.593113137746936
0476,38.200730520903946
0477,0.030131236637059404
0478,666.1866672732298
0479,527.6264154318006
0480,1.3813228434783285
0481,0.00310811997437425
0482,0.05446723279198603
0483,9.669392228644453
0484,0.025864923281923257
0485,0
0486,0
0487,0.9700463594259802
0488,0.0430501212666826
0489,0
0490,1.0547087118242697
0491,0.017117469364040894
0492,0.016614636580393874
0493,0.07462862303857477
0494,0
0495,3.0867150116600616e-5
0496,0
0497,0.09669356315450577
0498,0
0499,0.005383207547424698
0500,0.01477597722421168
0501,0
0502,5.661349545548745
0503,2.468115942116533
0504,0.022633455303500187
0505,0.07846253077501586
0506,0.04485740881194485
0507,3.622039881519502e-4
0508,0.01532173303110998
0509,0.10500214425755915
0510,3.278102304861893
0511,0.02623885175994936
0512,0.03197797417730853
0513,0.018900380218801964
0514,0.0105779258533082
0515,0.0718427536686126
0516,0.5597515822365
0517,0
0518,0.0817827805555339
0519,0.13282965287723963
0520,0.02453526062300617
0521,0
0522,0.02182297275351769
0523,0.006872411838395485
0524,0.013290089140397287
0525,3914.9993087658454
0526,2.9267520089660914
0527,7.18107792591631
0528,0.7245901855494388
0529,0
0530,1.3315692005035125
0531,1.6854607964010033
0532,0.7670679346089503
0533,6.44021069591763
0534,2.164475504142082
0535,2.6311150665995924
0536,1.844496923084958
0537,254.70128656961086
0538,187.93385533460906
0539,0.42253286029177217
0540,0.7589731983075062
0541,0
0542,189.595284505633
0543,10.347335373100423
0544,4.773708090712588
0545,803.689336998213
0546,862.0718961395019
0547,134.64680373577906
0548,408.43074705844845
0549,319.0429382819699
0550,370.6711416731819
0551,140.09281954269213
0552,237.6615997405652
0553,3.185221962277858
0554,2.1643640604848073
0555,254.94865070655194
0556,68.91500159613062
0557,37.06256737848156
0558,239.54556350523737
0559,3.31777257352992
0560,45.94894982572763
0561,51.13835032653633
0562,91.53976491672795
0563,10.274905999530006
0564,35.66513719703642
0565,1131.741166347961
0566,902.9360300301458
0567,21.374067094062617
0568,89.42922308245247
0569,125.402714580078
0570,286.8019866062372
0571,110.8287049231586
0572,64.69123963445199
0573,56.01062344711739
0574,1847.5724137344198
0575,18.320787745934272
0576,0
0577,0
0578,1.6395517945046736
0579,0.09173459142228649
0580,3.838225960482383
0581,1.0662825090718568
0582,2.6014259385426177
0583,0
0584,0.06727758192599088
0585,1.0437419741643155
0586,0.008718326705930299
0587,0
0588,0.011048670251230769
0589,0.009796849163007118
0590,0.015191317232377485
0591,0.0010990171957566202
0592,0
0593,0.004249750418998657
0594,0
0595,0
0596,0
0597,0.003576952599477758
0598,0.005526214093758078
0599,0.23362660608621758
0600,0
0601,0.008546150582378474
0602,4.0895876056142185e-4
0603,0
0604,0
0605,0
0606,0.0061584370102501056
0607,0
0608,0
0609,0
0610,0.06564498824274066
0611,0.018254261164485718
0612,0.03038649073125937
0613,0
0614,0.03862719096753913
0615,0.09369658932013328
0616,2.468276291923234e-4
0617,0
0618,0.08437037791293482
0619,0
0620,0
0621,0
0622,0.00680096944925818
0623,0.01277815324277644
0624,0.009327949513272664
0625,0
0626,0
0627,0.09628983348337432
0628,0.24371889288361787
0629,0
0630,0.01055888216827336
0631,0.018413449932343336
0632,0.31678772015196155
0633,0
0634,0.022002250856331652
0635,0
0636,3.915109230177379
0637,0
0638,0.09888010141283729
0639,0
0640,3.6956203354377344
0641,0
0642,0
0643,0
0644,0.41603994792630034
0645,0
0646,0
0647,0
0648,9.670663542356648e-4
0649,0.02093276640109557
0650,0
0651,2.0790193093992664
0652,0
0653,0.10250581159232137
0654,0
0655,0
0656,2.3107179658945267e-4
0657,0.259822748199246
0658,0.3226890059512155
0659,0
0660,0.0638263603520612
0661,0
0662,5.823316691124636
0663,0.0026891506880248597
0664,0.022797144763218116
0665,3.838897784083994
0666,0.02844045314804494
0667,0.025839751539348737
0668,0.1879088615637728
0669,0
0670,0
0671,0
0672,0
0673,0
0674,0
0675,0
0676,0.01043940661570314
0677,0
0678,0.8797944392467841
0679,12.13113929574917
0680,0.8694280547732844
0681,0.38824797220221496
0682,2.289248304617269
0683,43.39970164277917
0684,25.754352114949146
0685,22.00167920501393
0686,39.16391262621477
0687,54.23629806544245
0688,187.32194812740235
0689,206.54401763213718
0690,125.86280628419782
0691,70.5398812638701
0692,154.2840963460333
0693,419.04664146544206
0694,27.68925300405861
0695,1644.9099871156411
0696,18.387468069217686
0697,1694.4964570044633
0698,419.22722506801466
0699,175.32561547663062
0700,1028.1376872289852
0701,1698.6172947942307
0702,1017.6431388174321
0703,25.79275118813422
0704,499.0666980635046
0705,7.9686625333283745
0706,754.5413992750691
0707,1469.2126364590754
0708,321.1517813261734
0709,211.01755983110976
0710,369.0789595612847
0711,2562.016864908568
0712,33.25754326565598
0713,351.87343938286665
0714,4418.962237387354
0715,1832.2663473114078
0716,801.7336173175959
0717,222.02992766649717
0718,164.90164661144186
0719,233.73980667699337
0720,3027.4807024019615
0721,372.74424189621277
0722,226.82182933545135
0723,169.85627338586863
0724,2.309019080508413
0725,1221.8862099611738
0726,1212.5052908297644
0727,894.0771677563446
0728,674.4511861514517
0729,780.1071069564294
0730,2368.0410609718156
0731,838.6015756811225
0732,236.08433917175478
0733,201.78572511823617
0734,1282.5471914111404
0735,362.2786323878075
0736,767.3647517701016
0737,504.59191746199843
0738,14.271575378537149
0739,0
0740,0
0741,670.8163517196206
0742,856.7008565982144
0743,702.7006635127092
0744,184.88033056534346
0745,236.04887460923095
0746,373.4687738004858
0747,2790.0441914927655
0748,754.5013975264303
0749,814.7653885761977
0750,82.29532349523171
0751,1600.25336669862
0752,565.7388548492933
0753,1523.619252616456
0754,889.8734905395471
0755,616.6178248329502
0756,2063.1311028885875
0757,11173.419705687867
0758,388.22488875606007
0759,1719.3947035298675
0760,263.01827335815665
0761,1167.8121734823392
0762,220.65220486804424
0763,2664.259437668813
0764,4710.105407864176
0765,381.9659689605012
0766,358.00453900717207
0767,784.833942138149
0768,860.6096330251386
0769,991.4966068869877
0770,1598.9395298637423
0771,909.0425475904088
0772,527.9706110231775
0773,874.8516107043732
0774,2014.9554464298446
0775,1814.170423858809
0776,978.6627245212809
0777,589.9341310082802
0778,760.9994706168407
0779,307.05611846685446
0780,548.3482121490599
0781,648.4387726004137
0782,1.1206770772939192
0783,0.17353483275363019
0784,0.1874359602323761
0785,0.7779018347723076
0786,0.41106465251118895
0787,23.009916029146943
0788,0.1498659664099115
0789,49.34249691868488
0790,62.13291940677427
0791,312.9200587615286
0792,65.4973354318346
0793,136.05839412790064
0794,75.01944934623073
0795,159.0248805083523
0796,100.66744656341764
0797,1.1821293760888045
0798,14.123760909562774
0799,37.230596990822356
0800,15.597863924567651
0801,2200.878273731975
0802,799.7604466108991
0803,736.3905446201618
0804,411.7693644991458
0805,3.9016517231398056
0806,103.58201692087282
0807,49.22500568680288
0808,37.188399202077534
0809,50.9273554462433
0810,14.179703659690269
0811,25.871691420935065
0812,11.09310844329869
0813,18.92823801681103
0814,33.7826282128601
0815,103.39911533063541
0816,0.9221875151759119
0817,85.8727816513127
0818,41.28819782599318
0819,149.17106868794295
0820,435.69345411524847
0821,220.95075309260753
0822,187.17438718267013
0823,4.468703348985072
0824,59.20971166369879
0825,29.135627680324806
0826,145.1236969963831
0827,3.1535875061701435
0828,1390.5553122179388
0829,1478.3659755807528
0830,1412.6266063663754
0831,4178.759537439704
0832,0.4272575773768605
0833,104.11214849271725
0834,22.020378946167835
0835,1.7647707569155575
0836,0.8429353056728567
0837,474.31869420517813
0838,390.0521366130107
0839,525.8795030813022
0840,663.0875154456027
0841,60.75430557960309
0842,58.44182512172038
0843,111.98183625382627
0844,389.5126816440882
0845,2.637127582013329
0846,1516.9074151686455
0847,39.81721841908841
0848,3.3964213523268634
0849,714.0709851097513
0850,1232.3993811147056
0851,1074.7319085727472
0852,1409.077973604087
0853,363.0879014450629
0854,294.85599887544663
0855,10.814044065487062
0856,502.2483422673331
0857,548.7943777100784
0858,98.78404618548463
0859,1523.6687872147297
0860,861.6624743586799
0861,21.043554212751648
0862,31.2749181638706
0863,315.0010078008254
0864,4212.983262389629
0865,689.9448133278042
0866,2433.8490128681256
0867,108.20666631557398
0868,943.3532783468863
0869,905.5970954579607
0870,35.11849282469786
0871,1365.197296445332
0872,752.2261028136221
0873,342.9392727337323
0874,2582.189928227627
0875,853.9094948389085
0876,1747.4217075755726
0877,236.49300186425654
0878,5603.521416751173
0879,2051.424721136384
0880,6260.590277815885
0881,3116.2600995331927
0882,2718.786327717011
0883,274.7038129067935
0884,970.8136477847631
0885,453.1215311626675
0886,46.60044647794283
0887,1524.9755333973471
0888,3078.416514277221
0889,500.2096076974538
0890,5395.122363578279
0891,735.4783403514355
0892,1261.125899230676
0893,1197.9620454504518
0894,1333.0648190346521
0895,864.6790129396861
0896,605.197117703443
0897,1488.389861789086
0898,1835.4151980544764
0899,129.1949079570405
0900,39.15881073859084
0901,10.783974651693299
0902,16.69319157110454
0903,24.44697223389011
0904,466.05838008390083
0905,53.957639044768115
0906,146.75135654304748
0907,87.66708268491794
0908,33.091109806907376
0909,315.8003092051217
0910,171.03772114650698
0911,116.10906259944146
0912,215.6493815379751
0913,235.28948903092075
0914,91.39397200802352
0915,40.065683216278735
0916,84.21301876641888
0917,1365.6219179649702
0918,94.88963119608526
0919,371.04715483340607
0920,52.764883282850704
0921,432.2159100075253
0922,1139.586015534726
0923,275.88675726423696
0924,134.90646037838005
0925,676.4989029944035
0926,203.14401158952046
0927,609.7345756888203
0928,309.3649508077507
0929,809.4968205384178
0930,77.41646517981172
0931,983.7436281477428
0932,1025.5008806524866
0933,16.698522225495633
0934,14.165644374470252
0935,28.142963216008603
0936,10.29209115515571
0937,29.03316107864397
0938,0.6804606095582284
0939,1223.2165422849541
0940,1331.8153413817038
0941,1646.8728690672078
0942,2.561767744058318
0943,8.239973922954977
0944,3569.0480980534785
0945,1813.5640017938993
0946,607.9597632048179
0947,2017.5095083815497
0948,2091.080217243676
0949,829.3702724871637
0950,1366.1477049930322
0951,1562.8551407129573
0952,1456.252596957558
0953,607.1645201087789
0954,2857.091809370062
0955,433.4249256319163
0956,152.7970383820602
0957,2956.3386955768656
0958,1225.6580062469416
0959,1431.6356657679878
0960,535.4549920528073
0961,597.4184102395736
0962,388.5311415537415
0963,952.7606657391407
0964,482.760654995987
0965,751.3912033289148
0966,1523.4261350361414
0967,1179.5934478612235
0968,1445.0396203885155
0969,808.9034829165295
0970,927.8377587982365
0971,869.5885311586561
0972,1974.4262962964815
0973,2707.4797217985656
0974,590.8835757553835
0975,654.6928529845234
0976,505.6649598204659
0977,1318.2756705511356
0978,107.10237755336856
0979,285.26740962852807
0980,1416.1872585129913
0981,963.5152718243686
0982,1722.1329163107414
0983,1061.6974748120037
0984,2382.450728549392
0985,384.4197275169941
0986,129.5173560473566
0987,292.8433669921367
0988,13.925089837399263
0989,21.107188687786792
0990,351.75159236755434
0991,584.950463241312
0992,1138.676834857085
0993,1058.4713734451343
0994,899.7615300630871
0995,449.95796531815967
0996,1777.6864561992395
0997,2209.136258337411
0998,1790.2909878454445
0999,1948.1820558538577
1000,475.0637703052446
1001,207.13875484635622
1002,102.13531096246383
1003,1342.6919527732857
1004,1276.7666674544155
1005,1234.717312260959
1006,391.18178227032445
1007,3049.2338379234093
1008,767.4394327418671
1009,788.4167097282908
1010,395.4964732319704
1011,43.01429143579438
1012,6830.056782558506
1013,3859.311755120687
1014,3331.504046982283
1015,791.1076729374515
1016,2583.2541168395664
1017,7495.4374732161
1018,6730.863007634728
1019,2893.6469111708234
1020,933.4993648048364
1021,5412.12056139386
1022,6531.003522661126
1023,8333.819244643231
1024,1436.7610250444882
1025,2310.5628103473673
1026,12701.518844578732
1027,11503.170956213988
1028,1431.2946042510198
1029,2458.1059068984496
1030,3814.3173930117505
1031,1208.3992832129081
1032,1415.5224678227955
1033,784.02953720387
1034,953.1353341060825
1035,2267.774377728298
1036,284.2136610116034
1037,5849.963723848287
1038,7793.832559229558
1039,1113.0004146274478
1040,3567.237441205101
1041,993.2773913194326
1042,1690.5550634745741
1043,1916.2954303413615
1044,486.63018159639483
1045,605.5428949397352
1046,777.9885947041789
1047,703.2896669629046
1048,1023.4626449607262
1049,10216.080728947712
1050,1707.7915543711433
1051,1231.5209481567717
1052,2280.1557411011554
1053,2209.6347800785443
1054,0.2925208752629428
1055,2.1188319444426944
1056,0.5930100970948978
1057,202.5133732401624
1058,376.23208729587986
1059,779.8645675069456
1060,1257.7722304953172
1061,2946.0445769254825
1062,3648.1872840496803
1063,2564.3736471847574
1064,1.3100879898219082
1065,642.293375652042
1066,1278.0214325938698
1067,1207.026179357809
1068,2761.7705756328696
1069,2390.2299866851267
1070,1718.020115351533
1071,6349.451159110097
1072,12504.703667204127
1073,2312.2964555317008
1074,2868.470797965553
1075,1479.5691980724866
1076,726.7528130173255
1077,93.76333582706627
1078,2303.212601633802
1079,814.5799438503175
1080,105.5877247159544
1081,1298.4173139510035
1082,1010.6017772413003
1083,2468.4817261021376
1084,2385.074176108715
1085,1566.0172822574268
1086,4433.920220740321
1087,2758.039741715653
1088,4.878937967183279
1089,1748.2647263194845
1090,1916.7550133603397
1091,4861.174920628982
1092,1949.9263433884892
1093,870.2578196582446
1094,1808.8260344652927
1095,167.3807083447746
1096,802.414037349306
1097,2229.6502466942993
1098,1799.5256630568424
1099,2393.179831430954
1100,1272.6437630599148
1101,1659.0547195020022
1102,3350.294462518536
1103,409.0620835415805
1104,556.2774618306753
1105,643.0488298085205
1106,256.10992618729995
1107,1986.3439056210157
1108,2237.230093813072
1109,3855.2887396247434
1110,3052.5415378318307
1111,4369.120288759561
1112,2585.4570907160623
1113,719.4025613015981
1114,2316.650068886843
1115,983.536827967756
1116,7058.64993777832
1117,6726.888452052511
1118,8060.479895947849
1119,1871.4320038224223
1120,3071.546352637797
1121,878.6380992548347
1122,1116.585865248155
1123,624.6683207463352
1124,100.01211976451096
1125,352.0505795626676
1126,490.57975306598286
1127,615.9536066408339
1128,1495.0830289919434
1129,4857.433802459597
1130,2141.335018568943
1131,3622.4450320811734
1132,1414.8004939061263
1133,1285.4437716210862
1134,345.7752370373303
1135,5529.059860649082
1136,2610.58906971113
1137,5852.630681138676
1138,2797.2006086214096
1139,6796.370766738983
1140,650.9993651933585
1141,6341.817968912561
1142,1521.8352191406525
1143,2240.217909914555
1144,5695.5982975674115
1145,5059.895399039191
1146,6017.808785063527
1147,2085.172903292611
1148,4033.2052187947907
1149,1358.5267244870697
1150,1202.9862098497574
1151,248.47248698473265
1152,545.1140230791033
1153,1301.7230334943654
1154,1741.7822312312687
1155,3579.058037644189
1156,803.0320643864878
1157,2507.1079696288643
1158,7374.74538515505
1159,5203.600981769322
1160,1667.407671214201
1161,186.7577850840678
1162,69.38500440064959
1163,62.39375899936012
1164,326.33352456955805
1165,254.98045406849351
1166,960.2221100210913
1167,291.1812588987987
1168,5.060409283249358
1169,2370.391871630074
1170,1305.0453702625607
1171,545.6215963544732
1172,0
1173,0.02680738344795735
1174,16.72462976827247
1175,12.341456783700812
1176,0
1177,0
1178,0
1179,0.13118606341334635
1180,22.109159116576034
1181,1.0587748302030124
1182,6.7575105317496025
1183,0.06891320678855795
1184,0.11210736237598526
1185,0
1186,1.6801848832136859
1187,10.765751530403282
1188,0
1189,0
1190,0.07519528551017039
1191,3027.9196922369747
1192,1170.658133295361
1193,3634.4394109475425
1194,672.7197955090236
1195,1.84962736894667
1196,208.98542410449872
1197,0.15661492484054834
1198,0.05420746505630864
1199,0.07047559988911099
1200,0.6446376561702496
1201,0.050389429697098254
1202,0.4046500242263973
1203,4.471707119871839
1204,142.5996055571995
1205,4.590079748905647
1206,0.13531834048196584
1207,0
1208,20.80802490067382
1209,0.21194701025146903
1210,0
1211,28.164314777801117
1212,1.445748928998567
1213,0.05792177935473399
1214,0
1215,0
1216,3.0692970858239073
1217,0
1218,164.4298503504941
1219,0.7732945832783027
1220,0.09128271692919457
1221,0
1222,0.0216064283219201
1223,0
1224,0.281074233972212
1225,14.574986967456582
1226,30.495386480314526
1227,10.932187434363346
1228,126.6083897883283
1229,155.63370293876707
1230,834.7212493742245
1231,0.04329084918857368
1232,0
1233,0
1234,0.09085524057906637
1235,1105.0648927498853
1236,0.008525242366151441
1237,0.047670934055092186
1238,0
1239,0.04628834160092067
1240,99.68873586111793
1241,0.016584243197758832
1242,9.401802443508883
1243,0
1244,0
1245,0.016808042281509512
1246,0
1247,0
1248,0
1249,0
1250,0
1251,0
1252,1.191572305253236
1253,2.521656362845359
1254,111.91179125708739
1255,2.7009378672734314
1256,0
1257,0.03148378457045989
1258,120.62591352311202
1259,0
1260,0
1261,0
1262,5.080505646009391
1263,42.588621387187686
1264,9.179181923001495
1265,29.660819032091624
1266,46.14703532382391
1267,138.42979325753902
1268,5.640767102933785
1269,3448.8310028419096
1270,1433.8706692214814
1271,1313.2239440145427
1272,1499.9457701901258
1273,56.96079280439625
1274,142.7888732854786
1275,116.71418912831949
1276,67.98476544674125
1277,56.04242366084561
1278,15.458325564483033
1279,46.446694596755705
1280,60.79712112260406
1281,242.8230182804284
1282,45.536495704448136
1283,44.33422110392295
1284,58.15492499351267
1285,182.75842771241793
1286,3.1123417131939712
1287,102.74446212016511
1288,75.30614132496827
1289,38.3512501775427
1290,91.99413790919235
1291,119.23839973581057
1292,229.24153519241946
1293,157.04830612804332
1294,876.7464851542275
1295,1070.4816962891357
1296,326.99888826759496
1297,210.85812747958244
1298,61.20214613399048
1299,88.53815497185913
1300,120.44891672854132
1301,19.126411376861594
1302,258.17634435726205
1303,59.5178886711792
1304,199.23387296563598
1305,33.080816052373336
1306,207.26674893951457
1307,123.79146195793382
1308,21.446708590202256
1309,25.130168351600524
1310,104.79560687611747
1311,31.5589451626984
1312,41.883655503702876
1313,31.722578026918665
1314,58.71887051879043
1315,208.79431226626707
1316,24.125518896258832
1317,84.00716209599838
1318,88.85464518527381
1319,434.2370536597644
1320,421.293631945735
1321,32.209418716347244
1322,84.24915392079954
1323,61.91376584818645
1324,29.435627449218526
1325,17.80188726437707
1326,30.625843896445126
1327,48.90520030698398
1328,64.71028827685883
1329,170.19423101763093
1330,45.58037512539403
1331,82.04191964409178
1332,186.5109774197855
1333,67.02376080734923
1334,101.49348320122823
1335,134.56118078223687
1336,106.49455537422764
1337,343.9203779684741
1338,265.5948882508661
1339,239.74084481650675
1340,438.2383011248204
1341,121.69837172341627
1342,100.46589375572829
1343,468.6094422926729
1344,432.3386237745802
1345,305.7562408977311
1346,186.93275967000176
1347,36.623523737702854
1348,12.44706174524773
1349,14.777078269781873
1350,333.0268283314661
1351,200.48576298553826
1352,711.8452060850436
1353,98.7747752862132
1354,377.7677854436842
1355,243.89272880249794
1356,759.2509226747538
1357,13.527774683403528
1358,105.76652145971953
1359,1043.68183978112
1360,181.5660235923228
1361,404.9370718633941
1362,415.1522322667436
1363,197.28223791584347
1364,86.29635469171271
1365,55.045995855434434
1366,108.93948582301887
1367,75.23821294556926
1368,5.963130275675443
1369,33.49983056291553
1370,74.88054281877137
1371,38.95478883576686
1372,251.70850148519455
1373,319.5746465218478
1374,343.88381206151496
1375,805.118070512515
1376,27.924203467777527
1377,103.72540205895329
1378,332.41368886341826
1379,178.2535069790162
1380,141.34706334070134
1381,64.66984653916916
1382,25.43296646143538
1383,457.2638248634268
1384,362.83802937577144
1385,12.833339994862051
1386,17.471278989379684
1387,151.09198938418604
1388,313.386205390757
1389,365.3029287677536
1390,518.2461892311662
1391,177.4553330667277
1392,372.45834702494346
1393,1500.473946740194
1394,109.88040729674384
1395,597.7185293285129
1396,30.38708675251234
1397,455.49858083693715
1398,77.76843653417903
1399,1363.7445525991557
1400,560.6796560775637
1401,1228.9635379321487
1402,417.10567177106805
1403,23.494205787439803
1404,22.641160754208762
1405,77.83116742701591
1406,121.48618756757219
1407,460.89966124960114
1408,484.20740902191136
1409,1213.1152365688301
1410,543.0609338921856
1411,83.99397435456403
1412,2059.893344650504
1413,1002.6666650122149
1414,2963.8963528902377
1415,1939.04946911089
1416,0.6666592931196236
1417,1.965062995857468
1418,2.1975604617456126
1419,47.86473684651098
1420,2.028034677694272
1421,1.0182586014759683
1422,8.211818162550834
1423,9.642853849767118
1424,1.3944567179498977
1425,0.21632497779651583
1426,8.451487973624262
1427,37.08990635482563
1428,33.82700834412162
1429,44.02299221528425
1430,6.259884518792457
1431,3.4434250738065053
1432,79.57900717033087
1433,4.553159817503933
1434,3.3619513319265124
1435,9.503402235825904
1436,8.355328479870932
1437,5.234459435614619
1438,12.148916108623807
1439,36.20712884298944
1440,32.58916287398122
1441,6.49577641572208
1442,20.48069500710601
1443,34.12253305426847
1444,264.817906470152
1445,113.93909620701363
1446,60.57481560441163
1447,166.91727652976743
1448,29.03370823279274
1449,5.840621235226943
1450,22.41006108711351
1451,84.61692851435036
1452,120.2906230772761
1453,12.146211472982264
1454,22.442704252998883
1455,29.121663621489166
1456,24.049686292091533
1457,68.35297881378473
1458,56.650870537104616
1459,89.93123216391857
1460,101.52250199254581
1461,635.9768088917945
1462,24.099831054832762
1463,473.36756296328235
1464,499.9186431878229
1465,133.8513866285959
1466,451.9244896046433
1467,730.5034825333636
1468,383.00508341703465
1469,309.7012624545532
1470,424.0703878364901
1471,106.46651435701781
1472,570.8016884525267
1473,106.61516137908461
1474,175.51835012102214
1475,224.89671375601048
1476,178.95942950467037
1477,183.1685569662362
1478,397.70122909628293
1479,350.8798375417266
1480,697.5441307469425
1481,18.978128879223263
1482,76.70919972203723
1483,156.20372601705898
1484,115.47976361007206
1485,43.9357631321698
1486,14.384434260398129
1487,42.33803097316476
1488,14.73024998171725
1489,4.859540932067432
1490,29.298268304727443
1491,4.98170485645724
1492,38.62012473635766
1493,143.79178225785893
1494,84.41224054508064
1495,49.584502572537374
1496,7.6093507234625575
1497,6.52807291403893
1498,23.382682926205185
1499,19.10288521919988
1500,4.691430084105498
1501,2.310185617439448
1502,2.3843536815819513
1503,4.611867396627063
1504,0.7535552530261377
1505,0.20000119187774126
1506,0.4676413799229597
1507,2.6365410604980606
1508,10.442116954365448
1509,5.0542320272550265
1510,5.559156180756549
1511,3.875924011244898
1512,59.084289240575764
1513,52.50620498694142
1514,61.75230127668389
1515,23.525652894878448
1516,4.9622334568400275
1517,15.074421290416094
1518,7.065653048756451
1519,80.73279611085732
1520,30.811672102700122
1521,32.883931955190114
1522,9.428861457779998
1523,0.6421300104192518
1524,12.512037783922798
1525,13.773222105347733
1526,5.126323240740364
1527,0.29173525813392964
1528,10.922926370239175
1529,3.03785265858086
1530,13.15881541079257
1531,11.590270353720893
1532,43.762763015526566
1533,10.440401965764789
1534,18.881246515945143
1535,78.57878884539758
1536,94.23375306711118
1537,12.49171891764199
1538,22.584776721279905
1539,76.69466376900286
1540,47.643178064574705
1541,2567.4792844179033
1542,506.4841761435686
1543,3161.3610821269317
1544,475.6644322782054
1545,115.07707182552791
1546,15619.138695269585
1547,7232.449956631244
1548,8577.721957495436
1549,21973.870043616254
1550,806.4492787799651
1551,1872.9046297421835
1552,9275.440914582552
1553,14049.876788858968
1554,5267.100898644112
1555,831.0967534951292
1556,1091.6602754118733
1557,210.09150424716117
1558,972.0380882043775
1559,80.62537055048004
1560,243.7887109837332
1561,141.74266476371923
1562,50.40601373098263
1563,170.37042208803908
1564,251.39551117590844
1565,398.923615799737
1566,13130.645299766158
1567,1837.302407764451
1568,1576.8269606128447
1569,11284.61743975098
1570,414.0034688674081
1571,324.8469222377407
1572,668.9234991972456
1573,253.94389343317724
1574,125.25306532606528
1575,9.615384404146157
1576,667.4515572475057
1577,74.26639696416744
1578,485.91221320919874
1579,1086.1110859565033
1580,107.07170149848615
1581,557.7276351419999
1582,140.03269402178364
1583,84.95699600274563
1584,281.5966617495365
1585,90.4978550682259
1586,1478.3293767542382
1587,6460.3345284220095
1588,183.18705625113444
1589,4222.997978778978
1590,10853.657511366217
1591,254.30958266633277
1592,257.64649693481124
1593,3000.740097485044
1594,8635.709209822337
1595,5415.600026015666
1596,1607.6828270455453
1597,12773.830259812312
1598,9738.820482064722
1599,9425.690770393952
1600,11089.757767956147
1601,11327.731205916225
1602,3758.8092545180084
1603,1399.4030676095294
1604,4209.567886379359
1605,3999.3454016682676
1606,2559.733628719786
1607,2541.5149075814184
1608,1003.3064559899822
1609,7725.54075545972
1610,340.9511100951434
1611,2916.824970225459
1612,2420.9613058372165
1613,10.894118309499973
1614,5.954944824902652
1615,16.030021293855988
1616,9.275755688061523
1617,4.5234097650688545
1618,5.577805406800613
1619,4.350383177639923
1620,12225.903079014493
1621,5588.4971514892095
1622,6326.47820187631
1623,14062.689476374508
1624,3550.249790554568
1625,4175.547263430603
1626,24959.11230090958
1627,15279.113906707344
1628,9703.878967532319
1629,3901.905922229662
1630,3338.9002481800735
1631,3151.4354642114267
1632,12325.505630707057
1633,14509.668179210603
1634,31562.760292527764
1635,30015.989055531878
1636,28477.122106227325
1637,4741.37495905578
1638,13328.932735361283
1639,25528.451470665164
1640,12677.000248033897
1641,3760.8067859851617
1642,4692.342819385809
1643,12813.750658910742
1644,9739.434355069801
1645,2804.293669973133
1646,11535.530276641322
1647,7546.075553176129
1648,10047.400551998897
1649,2661.6392902174384
1650,5248.797744284084
1651,9129.843575775385
1652,9278.191876135292
1653,13772.147782461521
1654,13720.380538515534
1655,530.3427213620038
1656,98.55095636566308
1657,342.48616939451057
1658,753.3114568468068
1659,16070.223131590623
1660,566.7494560128764
1661,582.0587074685515
1662,891.3647944171726
1663,9863.171840461573
1664,82.3069315351461
1665,1076.444683772695
1666,1180.3061139753606
1667,502.0834542398244
1668,538.1866452923061
1669,307.16460629122895
1670,326.1744162205298
1671,1925.082818486361
1672,1041.7939285966472
1673,385.2023211975156
1674,933.640801843701
1675,3261.399359475645
1676,2336.8645471253517
1677,7374.857339068727
1678,6953.276240445332
1679,5452.952361856331
1680,13006.55353151295
1681,3296.6080488513358
1682,1765.9875204496748
1683,609.0686277390406
1684,1435.6290013102632
1685,1684.6026840168333
1686,3454.889031358941
1687,7664.135045896518
1688,2624.8939357153595
1689,8420.434154388204
1690,6760.22838471456
1691,41.76935976466297
1692,2.4264346124278027
1693,1.710506201377859
1694,16.757873870506252
1695,70.43505390907106
1696,7.695925885181953
1697,5433.407489262198
1698,1600.562142381532
1699,26.837643618410763
1700,268.94388475175106
1701,346.9230302814792
1702,115.15326221923907
1703,1261.8788564009958
1704,1112.600507689507
1705,1.1573248085766605
1706,512.7655587815815
1707,3.8312419179957864
1708,1192.9509821416145
1709,669.7996025168529
1710,1303.7758860689464
1711,1971.1647152867852
1712,508.468240655469
1713,0.5386284876957809
1714,347.4070059475253
1715,464.2578977990895
1716,368.78555753490497
1717,398.23260554937
1718,81.68907231346442
1719,272.78563176879896
1720,7.653885627736793
1721,228.61431173115028
1722,298.8939784842321
1723,73.03361578292724
1724,2.9200939748860852
1725,361.0136121034943
1726,108.46069780929427
1727,838.1908090390456
1728,7.775565037329009
1729,87.81305288152903
1730,7582.942172906366
1731,31.275331628585242
1732,3071.681419613181
1733,0.8848707687129905
1734,7.273924748012328
1735,3837.792023009729
1736,539.597623070949
1737,15.664791117063755
1738,1018.0674233473537
1739,2143.494991672014
1740,94.46962699384451
1741,3396.284903964497
1742,0.8423948712987668
1743,29.571441065732024
1744,125.87991159896714
1745,8.945972124047527
1746,358.5868525029141
1747,403.1531068415774
1748,45.65290395891593
1749,1874.344522297129
1750,867.006096091776
1751,3775.73491380167
1752,25.580669199318358
1753,2951.8624882673357
1754,156.0823754607127
1755,391.66822714653966
1756,1190.7195498383694
1757,2.1160920923587128
1758,231.64271782372595
1759,0.0015677213543116178
1760,160.97783371527052
1761,165.38524840089136
1762,0.028629063188872792
1763,1680.64840085288
1764,424.3473707861458
1765,10.360700897498576
1766,221.37807525017095
1767,474.12827963076404
1768,849.3676840898983
1769,682.0829237092692
1770,0.5747842540505491
1771,42.03583000118209
1772,1372.3077201126325
1773,4.629003918969703
1774,645.3707903327238
1775,26.22402700421803
1776,13.56797767348568
1777,33.09344037380899
1778,409.0147162127029
1779,19.957964598212612
1780,0.055612932328199395
1781,134.84825973544852
