"","country","cause_name","adj_factor","new_mort","base_mort","sector_mort","sector"
"1","Angola","Chronic obstructive pulmonary disease",0.574637384,152.954258193784,152.961487465387,0.00722927160313702,"TNR_Aviation_LTO"
"2","Angola","Diabetes mellitus type 2",0.574637384,210.235477960799,210.244627465622,0.00914950482285803,"TNR_Aviation_LTO"
"3","Angola","Lower respiratory infections",0.574637384,183.715546498798,183.725654565237,0.0101080664397273,"TNR_Aviation_LTO"
"4","Angola","Tracheal, bronchus, and lung cancer",0.574637384,37.9217748910288,37.9236549105192,0.00188001949035055,"TNR_Aviation_LTO"
"5","Botswana","Chronic obstructive pulmonary disease",0.805646529,23.8089739689048,23.8105033104799,0.0015293415751465,"TNR_Aviation_LTO"
"6","Botswana","Diabetes mellitus type 2",0.805646529,61.3303759025552,61.3335491316802,0.00317322912502505,"TNR_Aviation_LTO"
"7","Botswana","Lower respiratory infections",0.805646529,38.6931468105808,38.6956874701242,0.00254065954346316,"TNR_Aviation_LTO"
"8","Botswana","Tracheal, bronchus, and lung cancer",0.805646529,3.98642742860338,3.9866669256037,0.000239497000318778,"TNR_Aviation_LTO"
"9","Eswatini","Chronic obstructive pulmonary disease",0.663761291,10.2251637556136,10.2256979678416,0.000534212227956132,"TNR_Aviation_LTO"
"10","Eswatini","Diabetes mellitus type 2",0.663761291,26.8480643970409,26.8490973591724,0.00103296213151438,"TNR_Aviation_LTO"
"11","Eswatini","Lower respiratory infections",0.663761291,17.0169190795096,17.0178398880175,0.000920808507903104,"TNR_Aviation_LTO"
"12","Eswatini","Tracheal, bronchus, and lung cancer",0.663761291,1.15937532220544,1.15943081190194,5.54896964986007e-05,"TNR_Aviation_LTO"
"13","Lesotho","Chronic obstructive pulmonary disease",0.557042913,36.5385036188251,36.5402360136781,0.00173239485294374,"TNR_Aviation_LTO"
"14","Lesotho","Diabetes mellitus type 2",0.557042913,60.7294030038164,60.7315081723609,0.00210516854451015,"TNR_Aviation_LTO"
"15","Lesotho","Lower respiratory infections",0.557042913,44.7540787601285,44.7562759809409,0.00219722081233442,"TNR_Aviation_LTO"
"16","Lesotho","Tracheal, bronchus, and lung cancer",0.557042913,7.23597453367275,7.23628824550506,0.000313711832318653,"TNR_Aviation_LTO"
"17","Malawi","Chronic obstructive pulmonary disease",0.2784701,14.3273745218477,14.3283033443982,0.000928822550456232,"TNR_Aviation_LTO"
"18","Malawi","Diabetes mellitus type 2",0.2784701,86.8617660844701,86.8664887734339,0.00472268896373862,"TNR_Aviation_LTO"
"19","Malawi","Lower respiratory infections",0.2784701,73.4949490111469,73.4998458299445,0.0048968187976044,"TNR_Aviation_LTO"
"20","Malawi","Tracheal, bronchus, and lung cancer",0.2784701,4.04579888485111,4.04604939374451,0.000250508893398838,"TNR_Aviation_LTO"
"21","Mozambique","Chronic obstructive pulmonary disease",0.2134770455,17.4304271983912,17.4307946023801,0.000367403988910553,"TNR_Aviation_LTO"
"22","Mozambique","Diabetes mellitus type 2",0.2134770455,67.1520175011209,67.1531816242446,0.00116412312370073,"TNR_Aviation_LTO"
"23","Mozambique","Lower respiratory infections",0.2134770455,77.9074995090158,77.9091770014642,0.00167749244832294,"TNR_Aviation_LTO"
"24","Mozambique","Tracheal, bronchus, and lung cancer",0.2134770455,6.52881407697052,6.52894260538045,0.000128528409922168,"TNR_Aviation_LTO"
"25","Namibia","Chronic obstructive pulmonary disease",0.757584391,5.9379144553753,5.93818852693906,0.000274071563755918,"TNR_Aviation_LTO"
"26","Namibia","Diabetes mellitus type 2",0.757584391,16.3451516125761,16.3458741720761,0.000722559500019315,"TNR_Aviation_LTO"
"27","Namibia","Lower respiratory infections",0.757584391,9.82713893793444,9.82757994391827,0.000441005983834231,"TNR_Aviation_LTO"
"28","Namibia","Tracheal, bronchus, and lung cancer",0.757584391,0.924841323345546,0.924881175138752,3.98517932060916e-05,"TNR_Aviation_LTO"
"29","South Africa","Chronic obstructive pulmonary disease",0.8956019715,1290.74637008053,1290.81741187277,0.0710417922387023,"TNR_Aviation_LTO"
"30","South Africa","Diabetes mellitus type 2",0.8956019715,3722.77930427962,3722.92233294465,0.143028665025213,"TNR_Aviation_LTO"
"31","South Africa","Lower respiratory infections",0.8956019715,1919.88531527541,1919.99476148144,0.109446206021175,"TNR_Aviation_LTO"
"32","South Africa","Tracheal, bronchus, and lung cancer",0.8956019715,983.055204993653,983.103150494338,0.047945500684591,"TNR_Aviation_LTO"
"33","Zambia","Chronic obstructive pulmonary disease",0.5005237915,33.3202794922249,33.3207029287227,0.000423436497790419,"TNR_Aviation_LTO"
"34","Zambia","Diabetes mellitus type 2",0.5005237915,173.977587541344,173.979362698637,0.00177515729319566,"TNR_Aviation_LTO"
"35","Zambia","Lower respiratory infections",0.5005237915,152.470193717486,152.472301381148,0.00210766366151915,"TNR_Aviation_LTO"
"36","Zambia","Tracheal, bronchus, and lung cancer",0.5005237915,10.3005160581714,10.3006440673391,0.000128009167635668,"TNR_Aviation_LTO"
"37","Zimbabwe","Chronic obstructive pulmonary disease",0.482071896,49.599789451254,49.6020351893963,0.00224573814230666,"TNR_Aviation_LTO"
"38","Zimbabwe","Diabetes mellitus type 2",0.482071896,101.491217501197,101.494937617726,0.00372011652984838,"TNR_Aviation_LTO"
"39","Zimbabwe","Lower respiratory infections",0.482071896,136.704660364245,136.710892751104,0.00623238685872707,"TNR_Aviation_LTO"
"40","Zimbabwe","Tracheal, bronchus, and lung cancer",0.482071896,36.6247089833095,36.6262379763129,0.00152899300337594,"TNR_Aviation_LTO"
"41","Angola","Stroke",0.574637384,582.394738960409,582.424658178563,0.0299192181537364,"TNR_Aviation_LTO"
"42","Botswana","Stroke",0.805646529,50.7034631539426,50.7065378724469,0.00307471850429408,"TNR_Aviation_LTO"
"43","Eswatini","Stroke",0.663761291,35.1467092833521,35.148380974631,0.00167169127891498,"TNR_Aviation_LTO"
"44","Lesotho","Stroke",0.557042913,109.829304374529,109.834119706177,0.00481533164790449,"TNR_Aviation_LTO"
"45","Malawi","Stroke",0.2784701,167.749555705124,167.759897759554,0.0103420544299127,"TNR_Aviation_LTO"
"46","Mozambique","Stroke",0.2134770455,214.340663210538,214.344909437331,0.0042462267935548,"TNR_Aviation_LTO"
"47","Namibia","Stroke",0.757584391,18.1588919778077,18.1596892793946,0.000797301586842991,"TNR_Aviation_LTO"
"48","South Africa","Stroke",0.8956019715,4446.08116917771,4446.30543037906,0.224261201347872,"TNR_Aviation_LTO"
"49","Zambia","Stroke",0.5005237915,532.880710033615,532.88720862805,0.0064985944345608,"TNR_Aviation_LTO"
"50","Zimbabwe","Stroke",0.482071896,315.232608665947,315.245554538857,0.0129458729097678,"TNR_Aviation_LTO"
"51","Angola","Ischemic heart disease",0.574637384,391.399767824843,391.419341057635,0.0195732327917995,"TNR_Aviation_LTO"
"52","Botswana","Ischemic heart disease",0.805646529,39.586004943082,39.5883260859473,0.00232114286527008,"TNR_Aviation_LTO"
"53","Eswatini","Ischemic heart disease",0.663761291,18.2632758953404,18.2641081471498,0.000832251809438134,"TNR_Aviation_LTO"
"54","Lesotho","Ischemic heart disease",0.557042913,40.0418131748964,40.0434878306307,0.00167465573431258,"TNR_Aviation_LTO"
"55","Malawi","Ischemic heart disease",0.2784701,102.62498820194,102.631134843759,0.00614664181894398,"TNR_Aviation_LTO"
"56","Mozambique","Ischemic heart disease",0.2134770455,112.066544396967,112.068695224462,0.00215082749537032,"TNR_Aviation_LTO"
"57","Namibia","Ischemic heart disease",0.757584391,13.0474416589696,13.0480108130298,0.000569154060240606,"TNR_Aviation_LTO"
"58","South Africa","Ischemic heart disease",0.8956019715,3135.33742736868,3135.48492383632,0.147496467636302,"TNR_Aviation_LTO"
"59","Zambia","Ischemic heart disease",0.5005237915,282.441811306127,282.445142680415,0.00333137428827968,"TNR_Aviation_LTO"
"60","Zimbabwe","Ischemic heart disease",0.482071896,164.523099570016,164.529711874804,0.0066123047877511,"TNR_Aviation_LTO"
