country,cause_name,adj_factor,new_mort,base_mort,sector_mort,sector
Angola,Chronic obstructive pulmonary disease,0.5746373840000001,103.36834007808415,103.37586049932509,0.007520421240940323,TNR_Aviation_CDS
Angola,Diabetes mellitus,0.5746373840000001,274.82332170204245,274.84118520816145,0.01786350611899934,TNR_Aviation_CDS
Angola,Lower respiratory infections,0.5746373840000001,453.3774757325832,453.41470964613836,0.037233913555155596,TNR_Aviation_CDS
Angola,"Tracheal, bronchus, and lung cancer",0.5746373840000001,61.19932354055935,61.20382056801328,0.004497027453929547,TNR_Aviation_CDS
Botswana,Chronic obstructive pulmonary disease,0.805646529,25.429348739392132,25.433235802842955,0.003887063450822126,TNR_Aviation_CDS
Botswana,Diabetes mellitus,0.805646529,67.74057352119306,67.74893830021111,0.008364779018052104,TNR_Aviation_CDS
Botswana,Lower respiratory infections,0.805646529,48.20217537649231,48.209655759551055,0.0074803830587413245,TNR_Aviation_CDS
Botswana,"Tracheal, bronchus, and lung cancer",0.805646529,13.863148846538596,13.865130258115808,0.0019814115772121,TNR_Aviation_CDS
Eswatini,Chronic obstructive pulmonary disease,0.663761291,17.734099973870855,17.736842673672136,0.0027426998012813897,TNR_Aviation_CDS
Eswatini,Diabetes mellitus,0.663761291,57.58901570980393,57.59559790789138,0.006582198087450308,TNR_Aviation_CDS
Eswatini,Lower respiratory infections,0.663761291,35.42262151018981,35.42829332989,0.005671819700189928,TNR_Aviation_CDS
Eswatini,"Tracheal, bronchus, and lung cancer",0.663761291,8.564824298774317,8.566039028279421,0.0012147295051043727,TNR_Aviation_CDS
Lesotho,Chronic obstructive pulmonary disease,0.557042913,49.370037445088116,49.37737812041823,0.007340675330112845,TNR_Aviation_CDS
Lesotho,Diabetes mellitus,0.557042913,97.36913940422802,97.37970156910039,0.010562164872368385,TNR_Aviation_CDS
Lesotho,Lower respiratory infections,0.557042913,86.04836746236575,86.06160066213789,0.013233199772145099,TNR_Aviation_CDS
Lesotho,"Tracheal, bronchus, and lung cancer",0.557042913,17.153227332459338,17.15555462385746,0.0023272913981209342,TNR_Aviation_CDS
Malawi,Chronic obstructive pulmonary disease,0.2784701,33.301891349190484,33.30624926089432,0.004357911703834816,TNR_Aviation_CDS
Malawi,Diabetes mellitus,0.2784701,89.43603896025836,89.44606075325505,0.010021792996695922,TNR_Aviation_CDS
Malawi,Lower respiratory infections,0.2784701,120.4811471622896,120.49729937272782,0.01615221043822146,TNR_Aviation_CDS
Malawi,"Tracheal, bronchus, and lung cancer",0.2784701,3.788389666067706,3.7888648576265593,4.7519155885344944e-4,TNR_Aviation_CDS
Mozambique,Chronic obstructive pulmonary disease,0.21347704550000002,50.92847275567995,50.93138779614704,0.002915040467094343,TNR_Aviation_CDS
Mozambique,Diabetes mellitus,0.21347704550000002,141.2141819798975,141.22088214094993,0.00670016105243576,TNR_Aviation_CDS
Mozambique,Lower respiratory infections,0.21347704550000002,208.58866617475786,208.59967777359867,0.011011598840809711,TNR_Aviation_CDS
Mozambique,"Tracheal, bronchus, and lung cancer",0.21347704550000002,15.570886301760904,15.571726311028945,8.400092680407312e-4,TNR_Aviation_CDS
Namibia,Chronic obstructive pulmonary disease,0.757584391,8.047098475811302,8.04799409868579,8.956228744878558e-4,TNR_Aviation_CDS
Namibia,Diabetes mellitus,0.757584391,19.46114210870656,19.46321508291079,0.0020729742042284727,TNR_Aviation_CDS
Namibia,Lower respiratory infections,0.757584391,15.10203023743885,15.103648148067903,0.001617910629052588,TNR_Aviation_CDS
Namibia,"Tracheal, bronchus, and lung cancer",0.757584391,1.3089495215605795,1.3090882585119719,1.3873695139232645e-4,TNR_Aviation_CDS
South Africa,Chronic obstructive pulmonary disease,0.8956019715,1301.1161751574878,1301.3270676022778,0.21089244479003355,TNR_Aviation_CDS
South Africa,Diabetes mellitus,0.8956019715,3880.938961939527,3881.3645768691827,0.42561492965569414,TNR_Aviation_CDS
South Africa,Lower respiratory infections,0.8956019715,2644.408814659545,2644.85015752923,0.4413428696848314,TNR_Aviation_CDS
South Africa,"Tracheal, bronchus, and lung cancer",0.8956019715,939.2790787358182,939.4126905208268,0.13361178500861115,TNR_Aviation_CDS
Zambia,Chronic obstructive pulmonary disease,0.5005237915,67.32627570510199,67.32844660615264,0.0021709010506469895,TNR_Aviation_CDS
Zambia,Diabetes mellitus,0.5005237915,163.62872995930698,163.63294143350424,0.0042114741972625325,TNR_Aviation_CDS
Zambia,Lower respiratory infections,0.5005237915,247.4842298669616,247.49306104510637,0.008831178144760088,TNR_Aviation_CDS
Zambia,"Tracheal, bronchus, and lung cancer",0.5005237915,31.939846390805062,31.940830792919705,9.844021146427906e-4,TNR_Aviation_CDS
Zimbabwe,Chronic obstructive pulmonary disease,0.482071896,74.09420520432384,74.10325527378913,0.009050069465288857,TNR_Aviation_CDS
Zimbabwe,Diabetes mellitus,0.482071896,249.32646749328808,249.35111650294292,0.024649009654837073,TNR_Aviation_CDS
Zimbabwe,Lower respiratory infections,0.482071896,382.5119786326397,382.5597383719724,0.04775973933271871,TNR_Aviation_CDS
Zimbabwe,"Tracheal, bronchus, and lung cancer",0.482071896,39.54758818089368,39.55210855518146,0.00452037428777885,TNR_Aviation_CDS
Angola,Stroke,0.5746373840000001,656.7635584491326,656.8114109610668,0.04785251193425211,TNR_Aviation_CDS
Botswana,Stroke,0.805646529,92.52489328355487,92.53824375683999,0.013350473285115072,TNR_Aviation_CDS
Eswatini,Stroke,0.663761291,66.6210757966019,66.63057309518862,0.009497298586722991,TNR_Aviation_CDS
Lesotho,Stroke,0.557042913,184.10885297711684,184.1342290012537,0.02537602413684681,TNR_Aviation_CDS
Malawi,Stroke,0.2784701,234.3086776411196,234.33806768073035,0.029390039610746044,TNR_Aviation_CDS
Mozambique,Stroke,0.21347704550000002,592.7337970921443,592.765614318174,0.03181722602971604,TNR_Aviation_CDS
Namibia,Stroke,0.757584391,30.85059109844833,30.853928051442526,0.0033369529941964515,TNR_Aviation_CDS
South Africa,Stroke,0.8956019715,4729.692273266193,4730.392267241801,0.6999939756078675,TNR_Aviation_CDS
Zambia,Stroke,0.5005237915,509.753750943038,509.7694076665973,0.01565672355928882,TNR_Aviation_CDS
Zimbabwe,Stroke,0.482071896,499.9703363440516,500.0278501527504,0.057513808698786306,TNR_Aviation_CDS
Angola,Ischemic heart disease,0.5746373840000001,563.7748659038746,563.8152217299842,0.04035582610958954,TNR_Aviation_CDS
Botswana,Ischemic heart disease,0.805646529,67.53193435369835,67.54131331605019,0.0093789623518460985,TNR_Aviation_CDS
Eswatini,Ischemic heart disease,0.663761291,44.255158270196866,44.261142396385324,0.005984126188458561,TNR_Aviation_CDS
Lesotho,Ischemic heart disease,0.557042913,73.57137952847856,73.58101478925117,0.009635260772611787,TNR_Aviation_CDS
Malawi,Ischemic heart disease,0.2784701,127.31065527513188,127.32624118539997,0.015585910268086423,TNR_Aviation_CDS
Mozambique,Ischemic heart disease,0.21347704550000002,112.39405713768039,112.39993315959093,0.005876021910538043,TNR_Aviation_CDS
Namibia,Ischemic heart disease,0.757584391,21.861264297021716,21.863585370421323,0.0023210733996066324,TNR_Aviation_CDS
South Africa,Ischemic heart disease,0.8956019715,3297.376433617141,3297.828703176774,0.45226955963289583,TNR_Aviation_CDS
Zambia,Ischemic heart disease,0.5005237915,268.73828588650764,268.74627120281184,0.007985316304200296,TNR_Aviation_CDS
Zimbabwe,Ischemic heart disease,0.482071896,338.31660899697533,338.3544463862225,0.037837389247158626,TNR_Aviation_CDS
