Location,25 to 29,30 to 34,35 to 39,40 to 44,45 to 49,50 to 54,55 to 59,60 to 64,65 to 69,70 to 74,75 to 79,80 to 84,85 to 89,90 to 94,95 plus,,under 5,under 25,over 25,Total
GLOBAL,13264.78913,15704.23951,19658.55163,24402.77298,30626.56745,42974.91707,57613.24988,84226.56223,107621.7362,138498.1025,173053.5167,214431.7451,194373.8482,123461.6676,62366.36772,,563203.5446,614671.5555,1302278.634,1916950.19
Afghanistan,95.97216682,79.85269981,80.85283222,119.0377834,178.5504771,113.6912395,85.07967759,147.5484006,222.378991,318.7875183,361.2935637,347.7177286,221.545826,85.57976234,20.60841467,,10767.0113,11455.76636,2478.497082,13934.26344
Albania,1.483732662,1.269415596,1.073369422,1.130586476,1.552391505,2.90177994,4.768160449,9.036719514,12.87519298,23.16273531,40.38402664,53.78651719,45.3557204,24.29806373,10.63151456,,58.2391956,67.2609348,233.7099264,300.9708612
Algeria,48.32059832,62.58194062,69.39600968,75.92412586,80.16826378,93.99824509,112.7020729,172.4389463,187.6370003,229.7699946,389.2634059,569.3673388,786.6327268,170.9829439,26.97218231,,654.7567573,806.8033873,3076.155795,3882.959182
American Samoa,0.139008652,0.151512763,0.196974141,0.194933087,0.272469732,0.422677313,0.510662366,0.60804624,0.588929504,0.673700491,0.868983223,1.027865648,0.828421727,0.56999924,0.133792376,,0.786379528,1.240606471,7.187976505,8.428582976
Andorra,0.015737271,0.02310178,0.043619019,0.067259503,0.093389934,0.136842541,0.194931304,0.252719315,0.354959642,0.612972868,0.968365916,1.964937304,3.45143535,3.14460224,2.240957584,,0.024292385,0.048333359,13.56583157,13.61416493
Angola,118.9695146,118.835114,134.8728683,174.9372433,225.8740875,307.5328706,355.0395098,456.0261665,451.0783545,502.0567419,535.046123,405.2444307,237.6507097,100.855657,33.10724303,,4697.210448,5192.561615,4157.126635,9349.68825
Antigua and Barbuda,0.11941622,0.128010319,0.173447965,0.202397791,0.31247391,0.459031971,0.785956215,1.05192133,1.290185669,2.035501611,2.560401964,4.0045254,3.610207837,2.478650928,1.260356424,,0.76627238,1.02724853,20.47248555,21.49973408
Argentina,116.1440794,146.2483121,205.7282113,268.530225,373.1391234,525.8512657,874.0269625,1357.521446,1957.595311,2805.573468,3851.617072,5579.299677,6084.230372,3994.735472,2096.933235,,396.3048997,629.0886114,30237.17423,30866.26284
Armenia,2.385864121,3.027925523,3.939295022,5.751718736,6.439841038,10.11432773,16.94166156,21.90987181,22.16988353,22.51753507,55.85420846,79.05267712,68.23687782,29.58422594,4.454205838,,91.82067078,102.5205493,352.3801193,454.9006686
Australia,4.141118398,6.82502744,10.22437879,15.40831413,22.3155431,28.87993956,43.11770529,58.7603568,86.36332062,133.8449009,224.5989788,428.3202211,711.7518634,757.5874642,540.7154496,,24.11524605,30.47670848,3072.854582,3103.33129
Austria,1.012894082,1.401538792,1.748449185,2.676716309,4.986205953,8.77274824,15.37746935,20.110195,33.77649341,56.9085776,108.597637,153.3376916,216.6477234,197.4889731,105.7165935,,3.870717466,5.679233851,928.5599065,934.2391404
Azerbaijan,19.16425167,16.95791266,18.7753414,22.99975295,30.00284191,42.04464516,59.44526254,62.93816675,66.09140685,44.66439057,100.291441,112.1461933,71.52921951,16.40197763,1.997932631,,1113.405113,1245.956463,685.4507365,1931.4072
Bahamas,0.824583453,1.103309958,1.216652971,1.475881445,1.993917709,2.656936306,3.065029054,3.490852004,4.049983606,5.192537153,6.745896992,8.915096806,7.616531661,5.8009707,3.940302065,,3.193800432,4.668008782,58.08848188,62.75649066
Bahrain,0.703449132,0.968455096,1.574302543,1.668789238,1.77086622,1.781795544,3.062555183,4.135650877,3.711490491,4.911429215,8.310986991,8.605981473,6.314076038,1.391666969,0.16030239,,2.139126051,4.188137484,49.0717974,53.25993488
Bangladesh,151.1937761,137.2095344,189.9699469,235.9029712,323.4921915,549.9801233,676.4213531,1068.645666,1443.024472,1841.872437,1990.73448,2684.988907,1869.244774,720.6494562,227.8167428,,10732.45168,12363.30232,14111.14683,26474.44915
Barbados,0.275997248,0.412957842,0.564068841,0.653795089,1.124956818,1.547114768,2.657822982,3.981833092,5.458648331,8.360190951,12.46501238,20.7322013,25.32004849,19.2676965,7.350207403,,1.593820942,2.197327442,110.1725521,112.3698795
Belarus,7.910640193,18.64627163,30.73864628,37.85527828,52.81164862,66.36663119,84.71252076,64.56281562,40.24205983,25.39312214,50.76066541,94.17397668,121.2308126,90.29950656,24.26124729,,20.10981545,26.57892567,809.9658431,836.5447688
Belgium,2.390165773,3.190632044,5.116391324,8.813968811,16.05820537,30.12239015,60.14976662,89.87586622,148.3513562,239.4687258,414.693587,853.5239913,1285.190563,1067.215983,551.0170235,,7.179299398,11.32392758,4775.178617,4786.502545
Belize,1.292541195,1.873330515,1.519056993,1.771217905,2.044097893,2.404723625,3.324481942,3.52832465,3.643318697,4.995296817,6.629692417,9.924723118,10.16508297,6.870173093,3.825296028,,9.47301016,12.1580964,63.81135786,75.96945426
Benin,51.98080679,49.67026589,57.14584433,64.03366041,87.72839036,117.2206591,143.3411346,181.8291807,227.5772322,295.209153,340.0670307,339.9929978,188.2253146,94.62642959,35.23550552,,3996.961973,4236.077144,2273.883606,6509.96075
Bermuda,0.015301035,0.023123415,0.034725617,0.05423496,0.088269075,0.14849754,0.243748405,0.350927017,0.511556262,0.829799111,1.404886953,2.263193063,2.56023779,2.070378575,1.382727397,,0.094912353,0.129230034,11.98160621,12.11083624
Bhutan,0.432676465,0.398194934,0.564615378,0.663087498,0.858133928,1.278669416,1.922719671,3.566262498,5.269307262,8.154398506,9.754698127,10.63706237,7.41303431,3.230883697,1.274808287,,37.19549876,39.61192694,55.41855235,95.03047929
Bolivia (Plurinational State of),21.66680354,20.08731532,31.76177617,47.78544488,61.71532377,89.62181227,124.6765919,193.9707862,255.1334175,403.8624859,509.8413133,592.4806843,515.6020353,226.9451124,70.91432808,,1381.516899,1509.62953,3166.065231,4675.694761
Bosnia and Herzegovina,0.873339832,1.049253886,1.323727231,2.185869868,3.547388127,5.557152698,11.54705845,15.69787739,20.66722515,27.64903274,55.29625675,71.83357787,49.56530215,19.48414495,5.836732092,,3.906248481,7.504179839,292.1139392,299.618119
Botswana,20.58020384,28.06032269,38.36643252,44.02114394,45.13417379,49.2715368,55.43055809,79.18026973,73.98631177,66.59390444,68.57281642,66.93537959,38.81375531,15.04434277,4.981169882,,193.1484762,248.2415061,694.9723216,943.2138277
Brazil,512.7469581,719.3447254,1034.773697,1304.994349,1779.018583,2484.884762,3373.797562,4234.692587,5318.07797,6815.460487,8908.4009,10694.60883,10411.31563,7102.841571,4079.315865,,4408.939839,5661.193872,68774.27448,74435.46835
Brunei Darussalam,0.660676317,0.75798856,0.940496251,1.251330092,1.56077016,1.810441178,2.643471568,3.664512223,5.001185834,6.787824664,9.436023722,9.72250646,6.87251335,2.076962295,0.411976844,,3.354602239,4.943979234,53.59867952,58.54265875
Bulgaria,7.805417682,11.99796205,18.00679636,27.776089,40.90884886,54.28765863,85.07155639,118.8432846,147.2278358,163.2338351,196.7399444,242.6751939,209.2221341,85.48492858,16.73853127,,58.29203268,75.53523107,1426.020017,1501.555248
Burkina Faso,94.03570806,103.7558382,121.8416688,147.7077033,187.192155,263.2299479,332.0494027,425.4881978,513.3550593,707.9156548,747.0357016,668.1060294,356.9254813,160.4962852,58.53508118,,11466.59037,11967.0778,4887.669915,16854.74772
Burundi,66.18931347,65.15196576,67.46088062,81.08907445,93.42777111,130.499105,170.503431,228.5076945,227.8637607,254.9949917,268.6144454,237.4912555,145.055826,57.61163347,20.44542228,,1428.725513,1786.116911,2114.906571,3901.023482
Cabo Verde,2.150207533,2.50163709,2.977253881,2.745979221,5.159409055,5.889110001,8.239780649,7.177728092,8.399285925,11.13093961,18.9425146,35.69640338,31.34384326,16.13027782,10.31532759,,12.0411411,15.72577023,168.7996977,184.5254679
Cambodia,87.20218098,100.357752,104.8092733,105.0407919,139.7057492,221.6126047,293.9977944,440.0599309,553.2730831,694.448191,818.3333693,942.0019713,752.2595474,327.4598375,103.5160796,,2913.107101,3186.789655,5684.078157,8870.867812
Cameroon,133.0662412,134.9768974,148.7585207,171.9684958,215.8842562,282.7532262,384.3732705,453.7600266,540.7142254,713.1321584,764.5361182,698.8387999,356.5264998,148.4104039,46.79513398,,5882.924136,6403.416905,5194.494274,11597.91118
Canada,8.004266906,12.56324579,18.16076957,25.83205874,42.4692724,72.8452087,127.4479199,165.8806534,242.1520148,364.878267,553.1354626,977.1736381,1540.345791,1359.569612,869.3873215,,26.7607501,39.69821884,6379.845503,6419.543722
Central African Republic,38.13211114,40.02073069,51.51489362,78.52583252,105.4512413,131.5909871,156.8248729,174.7188042,151.3695801,142.5206648,120.0277429,84.85328423,40.82901927,14.49617893,4.377327354,,2327.607674,2512.09031,1335.253271,3847.343581
Chad,72.46640103,69.59266735,80.55305067,98.03110312,130.9830687,191.8663269,228.3378241,305.0390489,356.2990879,489.952996,492.0869082,439.4038396,220.2820944,95.27376902,36.10129301,,9820.056056,10320.05074,3306.269479,13626.32022
Chile,7.873653394,11.19434361,17.32766638,27.06631326,38.05312119,61.69924003,83.4289619,108.4674806,139.1164116,221.0509223,348.2769816,563.1960707,775.4735708,597.3432582,382.6337996,,48.43521252,63.36331615,3382.201795,3445.565111
China,588.3363468,676.2613153,755.7753133,1181.186564,1748.674497,2724.258204,2961.984827,5529.706196,7900.045588,12523.58715,19567.80988,31669.55727,30090.75138,12696.5881,4351.478636,,16891.47938,18644.00475,134966.0012,153610.006
Colombia,66.2404052,65.81189998,83.66742788,89.70531501,118.3746412,159.0725294,229.5357081,283.0114314,335.6446317,426.2093082,577.5525879,725.5497605,697.3661228,461.2560981,336.8551861,,769.2052863,946.192062,4655.853053,5602.045115
Comoros,3.644574453,3.551057434,4.158294289,5.449638399,6.798734729,8.741685919,10.92279996,16.13804411,18.30601034,27.97250013,33.64547237,33.17986181,20.97445146,10.94344585,4.243460807,,98.79377342,112.6206856,208.6700321,321.2907177
Congo,20.37015817,24.76510068,31.79832413,42.66133313,52.3755522,63.45117278,80.10569642,99.22025942,103.6919431,119.9157929,138.003747,117.7859141,83.58545972,30.86132777,9.77356511,,273.9322274,336.0070624,1018.365347,1354.372409
Cook Islands,0.051092038,0.053893987,0.074157479,0.108993026,0.16012456,0.246475612,0.387160348,0.392388013,0.550214674,0.570698018,1.004198992,1.112056391,1.016297333,0.700235421,0.203362935,,0.067899165,0.181546242,6.631348827,6.812895069
Costa Rica,4.027243756,5.742071917,6.757421666,9.488533786,13.51201847,20.10826197,23.81766495,27.51834773,27.85669885,32.22001998,51.00929913,63.00388416,70.90499741,50.794195,49.19468085,,24.84363579,31.54064819,455.9553396,487.4959878
Cote d'Ivoire,124.1568562,132.6446652,160.8386008,173.4560591,219.3971591,275.4343181,359.0527998,420.8994858,493.3899797,588.4703189,641.3617067,611.2716284,332.6742767,139.1918868,46.61241713,,6907.636383,7359.81228,4718.852159,12078.66444
Croatia,0.548315971,0.993730821,1.459459307,2.205117299,3.222554433,5.551624235,11.62158083,20.24748853,26.63306365,31.03231059,59.9499865,89.53200122,94.33320167,52.66607095,13.61312162,,2.174205873,3.390290862,413.6096276,416.9999185
Cuba,7.448102537,10.63324514,13.00987098,29.94564345,60.3222696,103.0070968,149.6241365,217.7307038,319.2665904,521.0127571,786.0044568,987.9037923,1037.619781,831.3968222,619.7674544,,48.32478443,60.85821891,5694.692723,5755.550942
Cyprus,0.205578004,0.242447911,0.426396256,0.757520734,0.882201903,1.393766361,1.988920578,3.165848679,4.878385419,7.975401582,14.14141199,26.22275404,32.86375596,15.70589998,4.501742367,,0.549955181,0.796369677,115.3520318,116.1484015
Czechia,6.073760453,8.604508926,15.52136794,24.27179639,29.89032226,50.23933916,76.38375138,131.032231,208.4727245,289.3441569,339.7382103,480.85105,557.3391496,364.8611633,143.7668977,,14.14971046,24.50792917,2726.39043,2750.898359
Democratic People's Republic of Korea,28.39061236,25.25019864,30.17796787,45.35363623,87.11990775,129.6961893,173.110373,236.9385875,281.1152801,545.2353488,728.1944004,817.6516411,580.5608388,310.2536401,101.9694856,,489.3862081,585.1990101,4121.018108,4706.217118
Democratic Republic of the Congo,433.2579989,446.1656122,507.6803578,634.8284071,802.722012,1190.32385,1440.438028,1792.193248,1757.373615,1946.649626,2014.928479,1899.498496,1232.769916,518.3646199,190.3722426,,10572.53166,12422.63968,16807.56651,29230.20619
Denmark,0.741753783,1.06850923,1.493523355,3.162043504,4.998027231,9.314551738,18.83459598,31.54292438,55.28499083,108.8850191,171.0062232,305.1952654,423.2628637,429.922351,300.0936588,,2.676154029,4.076699191,1864.806301,1868.883
Djibouti,4.421091863,4.65288746,5.88399372,7.25260774,9.473975152,11.5443914,14.21391074,20.42446764,22.85942928,26.17077448,26.69909055,21.53915666,11.92498673,4.685960001,1.606980885,,189.9589119,205.7222138,193.3537043,399.0759181
Dominica,0.108292577,0.13853387,0.155027959,0.173130332,0.262528893,0.387106749,0.529380126,0.77095634,1.075038885,1.684909528,2.766360361,4.166143761,3.998292,2.626294972,1.185246699,,1.093428695,1.371560287,20.02724305,21.39880334
Dominican Republic,19.8701609,23.67163569,24.38926624,30.06602371,36.1660526,44.66055293,48.76744568,68.10094978,79.16717902,114.6475737,121.9610937,161.6395387,225.5505418,130.2264205,63.15709574,,215.4508616,271.4693221,1192.041531,1463.510853
Ecuador,41.20008464,43.02957426,53.62350348,55.38290655,68.98269597,96.08498431,115.121326,155.125734,213.4385022,291.7784227,415.9048294,555.1729102,712.0300383,589.8710068,157.9532513,,518.8948768,678.7859768,3564.69977,4243.485747
Egypt,210.2242482,211.2079364,230.8647116,246.7123633,357.4940919,537.7735315,770.022191,1143.126719,1138.52368,1107.869374,1028.139884,898.6733062,548.1590778,189.1190964,53.10070317,,5020.717786,6122.070974,8671.010915,14793.08189
El Salvador,14.31999422,16.71195902,20.48645522,23.97581242,31.38319259,38.79854071,49.94822329,64.83810041,83.99790174,127.655635,167.201015,211.8427055,259.1558143,159.0129396,154.8778335,,87.53577755,125.4011688,1424.206123,1549.607292
Equatorial Guinea,3.87095534,3.829669209,3.819094485,4.263834938,5.405209988,6.438094626,8.165298322,12.4395944,14.32836925,20.17618558,26.88650417,25.34204908,16.91519649,7.302195473,2.927143057,,47.13603678,60.43125592,162.1093944,222.5406503
Eritrea,43.68762476,42.87557537,53.57598232,75.41908001,91.50261013,113.2183689,132.2772646,159.1854703,150.0393022,158.6113822,168.017583,122.6896065,64.80854741,20.36498223,5.116856841,,1000.46215,1162.225283,1401.390237,2563.61552
Estonia,0.990271571,2.029544475,2.847337035,4.217614023,6.585827355,8.135472796,13.09357122,14.32439176,14.68058681,10.36311613,19.19522197,22.15074744,25.03047682,18.26069425,4.956906537,,2.646138578,4.004771938,166.8617802,170.8665521
Eswatini,9.037015517,10.60806251,13.36386601,16.4589155,18.04805467,20.9287409,21.4565885,29.91730143,30.03021074,29.53956424,28.39630684,21.84862476,11.42308499,4.169977676,1.198476752,,173.4803038,203.9221733,266.424791,470.3469643
Ethiopia,425.9435473,398.4983728,445.5828393,536.5674506,615.2983932,765.8074567,984.5413151,1474.643855,1827.728985,2549.546801,3143.610979,2881.873037,1721.443037,675.0549956,224.2137794,,17300.31792,19218.16579,18670.35485,37888.52064
Fiji,3.541069465,3.576254808,4.608279375,3.802114083,4.666186282,7.293650848,9.012029172,10.75503964,10.15329083,10.37983267,11.73030956,11.69288232,8.335726092,3.214005564,0.590693989,,33.830904,45.57424999,103.3513647,148.9256147
Finland,0.470137127,0.640630675,0.937939816,1.322184706,2.201811455,4.580003533,8.542992412,14.33018633,26.49464243,36.63205113,50.72451914,88.89846641,114.545921,110.6705423,65.57507189,,0.773535098,1.668128909,526.5671004,528.2352293
France,9.437646903,13.81883833,22.62275706,33.91848508,63.08234648,94.88968039,181.7827424,277.9904974,422.9805565,563.4305945,960.5498627,2319.424726,4014.33762,4477.086952,2580.822475,,26.68195765,42.48649384,16036.17578,16078.66227
Gabon,5.770696949,6.226555284,7.529019506,10.29595737,14.64084199,20.42775785,27.22383647,37.21056725,35.14058958,41.69972542,52.81225467,55.59416035,40.35243068,18.51579091,7.097795061,,54.14940849,69.9245946,380.5379794,450.462574
Gambia,11.11630402,10.48171688,12.5183097,14.325545,18.03029794,25.38953133,32.32496081,43.98844105,57.73197142,77.10853707,103.7688838,100.9723621,52.50705128,19.14921424,6.367671886,,227.7886197,267.0372626,585.7807986,852.8180612
Georgia,4.893139948,5.841249726,7.061444513,10.92882172,14.59793841,20.11721333,31.58906666,43.09088272,49.22049226,48.2257728,115.3207003,103.0676816,62.23498256,41.66198083,21.19682808,,29.11730038,40.6557006,579.0481955,619.7038961
Germany,17.75803443,25.29904552,38.09065411,55.08993208,109.8996322,206.7022246,348.7671577,482.2619747,733.8594768,1147.12293,2676.079124,4315.787428,4695.80294,2964.154318,1543.296551,,30.64827699,59.96909103,19359.97142,19419.94051
Ghana,197.7487518,199.5286522,240.6800679,328.040172,432.078497,482.3329731,635.8104202,799.442253,966.966656,1187.016835,1081.072945,1060.849126,526.3341085,207.4202988,70.80374791,,2945.925405,3479.412002,8416.125504,11895.53751
Greece,3.164715479,5.431962435,9.073324974,13.50627667,20.88078071,30.39119112,49.28676067,80.98514655,105.9638202,186.4975377,431.301712,990.3551465,1369.938447,901.051772,320.3951637,,11.15792379,17.99068498,4518.223758,4536.214443
Greenland,0.022192102,0.047153707,0.067656659,0.089948295,0.21363617,0.432205863,0.523242823,0.586509211,0.591003596,0.887902346,1.116980539,1.377624716,1.476191554,0.67218001,0.279413174,,0.174731655,0.207445594,8.383840766,8.59128636
Grenada,0.234974729,0.320167163,0.349015517,0.46155344,0.725559973,1.043694586,1.482276068,2.040413535,2.701082814,4.026408225,5.453807973,4.164893892,4.66328496,3.184836937,2.097575511,,1.688859836,2.239475348,32.94954532,35.18902067
Guam,0.363419888,0.41972381,0.596253481,0.502866194,0.59327742,1.121292988,1.295573182,1.486141613,1.663328467,1.279274894,1.694377599,2.302924435,2.503079746,2.420526197,0.965444084,,3.462337577,4.384272375,19.207504,23.59177638
Guatemala,109.5823616,111.9218057,124.5630463,122.0455135,133.359566,168.5312264,212.4475489,275.8534327,363.9256277,484.7995275,640.2913345,925.8646571,896.5439015,422.9286065,61.6670831,,2000.029466,2384.714655,5054.325239,7439.039894
Guinea,87.84040564,84.79198169,87.17958876,104.0949724,130.7720325,190.8101149,248.595943,349.8047417,430.6250562,535.5421666,569.5744959,552.7271643,373.0659393,189.5922571,62.98140439,,5644.876849,6105.495597,3997.998264,10103.49386
Guinea-Bissau,18.05389803,17.40384057,19.89560731,22.63475962,27.28831235,34.98353949,44.41987732,52.4820396,59.60878151,70.26841129,59.96707858,48.22921736,25.26530335,9.88042437,3.154486126,,239.1075224,293.5700302,513.5355769,807.1056071
Guyana,2.631461676,3.177212124,4.00991413,5.195429327,5.912969445,7.603737999,9.101778556,11.81682653,13.78847279,14.91982399,18.67262327,21.68758071,17.77613229,16.73119395,4.548162353,,18.48350104,25.17545976,157.5733191,182.7487789
Haiti,45.45312183,57.52004125,60.58031675,66.26705974,66.00541624,82.24357792,99.64961947,134.6376189,157.328378,191.0908694,221.2373738,234.4276491,160.4282973,74.25889301,25.1979331,,2517.083305,2708.619482,1676.326166,4384.945648
Honduras,4.013822554,3.86515826,5.656998171,8.41991401,12.39711497,17.74996975,25.21221097,36.45976163,48.28895119,66.76659406,81.833544,87.90485781,72.31130803,35.26763134,12.36235926,,136.6235912,156.3336911,518.510196,674.8438871
Hungary,3.257414197,4.481056254,8.31428256,12.70719547,19.99626004,25.2410341,36.69424481,72.26792421,73.03643052,93.52236827,131.9076916,163.7971278,175.9993025,122.1393572,41.89055491,,13.21519809,20.33433748,985.2522444,1005.586582
Iceland,0.124975737,0.143012562,0.204623606,0.290768958,0.380020446,0.674683369,0.99166479,1.476619998,1.959250163,3.074091852,5.081552654,10.15560653,18.5465704,16.43813296,12.81328351,,0.208072084,0.450316192,72.35485754,72.80517373
India,2145.040375,2526.443949,3361.461646,4128.600026,5068.263953,8234.248729,11816.38558,20475.51739,29665.71724,37618.68559,37684.16586,38183.74763,18240.82066,7691.558714,1544.433595,,117277.2689,127112.4082,228385.0909,355497.4991
Indonesia,248.9898859,268.2237132,365.2538913,465.0339701,608.9148484,914.6620631,1276.256884,2174.852645,2738.005747,3582.474956,4079.025113,4321.306304,3214.806097,1284.814451,373.8728741,,8039.946432,8967.290604,25916.49344,34883.78404
Iran (Islamic Republic of),123.8054397,153.8106313,151.1763419,141.8854008,160.3938511,187.5021036,291.803905,444.0103134,474.566043,652.9859976,997.6290606,1397.462469,1299.784776,721.8862987,231.4674925,,607.8857467,971.8498215,7430.170124,8402.019946
Iraq,38.98490055,39.62115558,42.65602435,50.49640277,68.31477994,66.03882252,73.39516592,100.146286,111.8368272,139.7784442,135.6299802,127.4036548,98.40225264,58.89202829,26.5434732,,844.9691068,1074.46014,1178.140198,2252.600338
Ireland,0.839245432,1.283707947,1.972435611,2.803996146,4.302597293,7.135510383,10.90482528,19.80487239,29.39924544,60.28873808,113.4308862,206.2975685,301.4839266,282.2728686,182.2158685,,2.489062651,4.007955912,1224.436292,1228.444248
Israel,2.498815832,2.91042549,3.608067008,4.857257816,6.36277447,10.06734215,17.75544852,32.52712578,54.12147694,81.96952197,142.9999722,234.8849763,304.7917055,246.3854788,133.4490643,,11.99069662,19.38957439,1279.189453,1298.579027
Italy,9.074005065,12.36739343,18.94325997,32.13882224,48.99207103,77.81115959,115.998936,171.9537971,301.5675386,477.8319314,962.5221919,1602.658682,2441.699297,2273.148526,1130.731749,,23.12557685,40.65645971,9677.43936,9718.09582
Jamaica,2.144734024,3.136698133,3.326207815,3.905236373,5.303081691,6.625557046,11.48430665,11.4167522,14.43802108,24.02502111,36.48915944,45.64788084,52.08806168,42.53808568,43.03314377,,13.9042204,19.2979679,305.6019475,324.8999154
Japan,29.64554106,46.96346818,73.30573953,129.5351922,221.7396735,363.5910969,636.0373125,1361.283149,3161.881863,5238.450833,9527.285354,15535.35911,20283.43492,16118.78181,11006.75697,,113.704216,189.562462,83734.05204,83923.6145
Jordan,10.4928304,11.66022801,13.56167884,15.49521942,16.83833521,18.362508,24.13507226,26.08870743,35.15761366,48.62422483,76.5535443,63.82612206,45.90835429,23.7136329,9.100696258,,240.1899423,275.1425016,439.5187679,714.6612695
Kazakhstan,45.92824509,76.07317935,126.1692544,156.426323,176.0433706,225.526722,277.8339196,297.0317091,304.4467933,189.4727596,428.8128694,301.809433,201.1250678,75.35205218,12.87037289,,454.0900097,526.4499514,2894.922071,3421.372022
Kenya,246.9473974,259.9784893,300.8841948,366.9785728,452.3890912,553.1331415,713.586379,933.8412623,1104.6589,1358.310478,1475.782522,1304.340791,825.7452566,355.2857776,140.4701292,,5357.986386,6197.730392,10392.33238,16590.06277
Kiribati,1.073167744,1.009791151,1.14899721,0.863972719,0.903728051,1.213039256,1.600670243,1.812173782,1.343605766,1.464311814,1.613293128,1.38425398,0.682812203,0.254194114,0.031094542,,5.022095318,7.3080088,16.3991057,23.7071145
Kuwait,4.01481495,6.28552747,7.489592976,7.362237351,7.342550883,10.90079166,12.47127552,16.46082193,21.44006457,32.40404703,53.81221632,79.39645893,93.85965003,48.61599604,24.59230754,,26.00097556,36.04565416,426.4483532,462.4940074
Kyrgyzstan,7.872207555,8.745079929,12.84543996,13.03287376,14.11050275,14.9838786,19.78019526,17.91480625,15.96875709,7.954731124,19.35434452,21.62844412,31.57652287,21.06148576,4.99015353,,352.2593283,394.0554274,231.8194231,625.8748505
Lao People's Democratic Republic,20.95269577,21.07710875,23.97968976,27.61838165,33.48191558,47.84803456,62.40617577,84.70269708,100.782723,135.2543139,173.1921074,185.423171,136.1186415,68.33964793,23.93265429,,1211.976817,1297.996579,1145.109958,2443.106537
Latvia,2.077504164,3.826178753,6.078360713,10.7605259,13.9392462,16.96051708,21.84844561,22.05804342,19.26365696,16.86836721,29.53557507,27.09841782,31.93983139,21.59767782,10.15550203,,4.206194501,6.101178915,254.0078502,260.1090291
Lebanon,4.498419296,4.552087734,4.690997972,4.877212028,5.864926461,7.788074268,11.55644523,23.64968187,39.846389,70.83338356,98.42207519,120.0399644,110.7586502,53.47784327,15.27126124,,23.41790429,33.75044829,576.1274117,609.87786
Lesotho,26.88645276,33.48091207,44.77637895,51.15398329,59.09153197,69.81519885,80.6389241,106.4168874,107.4049199,88.47213108,77.82125182,70.37567596,42.23750348,16.94899384,4.813207134,,382.3890057,454.5764153,880.3339526,1334.910368
Liberia,19.02725368,20.1743732,22.45330199,31.38411188,33.67360222,42.64563273,47.56395106,61.7478872,74.91708816,88.28614097,120.2486354,126.4712828,74.18807722,39.04839565,15.42523383,,400.2297123,482.1931662,817.2549679,1299.448134
Libya,7.907787449,11.97960942,15.39445627,18.38969464,20.37191324,19.0889381,22.57704193,30.07092983,35.37523636,47.01441366,61.03058501,62.88779463,66.25155188,36.78040926,22.27763432,,35.25538687,56.06406464,477.397996,533.4620606
Lithuania,2.662619629,5.143314776,7.664036878,13.99393413,21.09954707,25.62749537,37.7647545,35.88160128,37.241035,31.33347073,51.06971032,56.01381086,56.53335898,37.31382048,9.986733682,,7.14356617,10.70779859,429.3292437,440.0370423
Luxembourg,0.148649545,0.207572032,0.280843872,0.340230552,0.511672951,0.795596531,1.071711668,1.675391786,2.716124646,4.656743859,9.473461468,17.00459156,25.4628407,19.81544742,10.68322176,,0.233134565,0.469392036,94.84410035,95.31349239
Madagascar,187.5043892,168.444224,179.7160022,222.4783417,238.9779166,295.1983203,360.8304198,445.4488801,440.1877964,474.645607,485.5539253,446.7534013,283.281022,126.601615,41.69831495,,4338.840452,5111.2839,4397.320176,9508.604076
Malawi,77.50408948,75.07606696,84.03758835,96.92876045,118.7895142,135.5944152,179.9630404,275.7786388,367.4512954,440.5716024,463.4405025,385.2602392,248.8461958,121.5214434,49.48745081,,3291.133505,3648.391602,3120.250843,6768.642445
Malaysia,108.6869691,173.053132,204.1788529,234.3647328,321.0286762,440.9418463,642.9609773,968.4816819,1173.133499,1673.896611,1714.238534,1843.055005,1270.223955,830.7516505,204.5514738,,155.1158002,354.9719574,11803.5476,12158.51956
Maldives,0.293886286,0.419765811,0.421145823,0.377829754,0.459039867,0.562010895,0.68208186,0.964311858,1.043056676,1.608977166,2.782964571,4.218002596,3.444491938,1.557939648,0.536032937,,3.036148362,3.540614578,19.37153769,22.91215227
Mali,36.38656668,28.12761523,33.32846172,44.51799964,70.05974481,117.0243623,158.6566989,185.6931214,219.3406026,281.9699624,245.8000655,241.5111682,145.6728794,68.75843076,21.91746663,,9097.528031,9344.414492,1898.765146,11243.17964
Malta,0.198776469,0.234972151,0.331831756,0.408714367,0.514364753,0.717177286,1.351337518,2.443024073,4.608697131,9.315453944,13.51238015,27.61470004,32.42706429,25.04220985,14.93773134,,0.555341703,0.885510549,133.6584351,134.5439456
Marshall Islands,0.537401934,0.608353379,0.757617852,0.56700044,0.57854725,0.715160023,0.865631404,0.991594903,0.917541813,0.767780761,0.674647549,0.611361284,0.377393005,0.205067518,0.041237381,,3.077803356,4.191846205,9.216336496,13.4081827
Mauritania,10.3244515,11.03869306,11.8668045,15.34742429,21.4620888,33.25240819,46.00050953,61.39490529,82.5377716,116.1562571,138.0715882,146.9609606,97.10888229,47.23205966,19.66595348,,367.426652,413.1379479,858.420758,1271.558706
Mauritius,1.592970225,1.813768451,3.658078771,4.086213231,5.464844806,7.993620346,8.637267373,13.15873631,16.22285636,18.5838841,25.03180419,30.01076502,33.60941614,23.13405501,15.72875478,,7.125146249,10.31574477,208.7270351,219.0427799
Mexico,310.913238,364.343234,464.004484,615.5621942,694.380538,820.8831079,981.0930108,1106.891515,1221.742802,1448.150279,1832.161448,2036.695381,2111.417988,1511.079053,843.8042413,,2265.16724,2846.157582,16363.12251,19209.28009
Micronesia (Federated States of),0.943826252,0.27418379,0.175801725,0.158427227,1.283710783,1.589577299,2.226006225,2.234723371,1.729708298,1.392249442,1.741119405,2.142479496,1.473798193,0.744645328,0.12972243,,2.772194982,4.506371811,18.23997926,22.74635107
Monaco,0.012833013,0.015843383,0.024869562,0.036193771,0.062671899,0.099320144,0.139337254,0.236382007,0.389858924,0.916568216,1.487515248,2.638757809,4.56500614,4.369280103,2.651681485,,0.019312942,0.039910441,17.64611896,17.6860294
Mongolia,7.854641147,8.180299318,9.761352013,12.06207822,14.30904369,14.86773014,12.73644373,11.53580118,9.904744279,9.23489307,8.87423553,8.460133446,6.87474377,2.369007172,0.201386637,,251.8436679,273.6766818,137.2265333,410.9032151
Montenegro,0.32737454,0.345077339,0.511914316,0.617535264,0.84470944,1.530290039,2.269418885,3.116079542,4.209184404,4.303868012,7.850605207,9.200521987,8.206791152,4.015550832,1.440801916,,1.064642873,1.773174072,48.78972287,50.56289694
Morocco,36.68089354,41.93952704,53.22799524,70.6352119,89.44333325,117.7345994,177.0353628,268.211727,288.5144626,367.1456722,442.6167894,495.1360747,439.0648917,246.6252772,81.96250547,,641.5169693,785.4427517,3215.974323,4001.417075
Mozambique,127.988568,121.475301,126.1970257,179.5105537,220.7064876,280.8184768,383.7923637,540.8349904,541.7321866,635.7026104,597.2522365,533.7880792,345.0069151,171.6614896,66.09056192,,4774.088603,5339.752532,4872.557846,10212.31038
Myanmar,129.350816,173.9674331,205.2167827,247.9202258,305.1070166,458.6861487,592.2662979,908.9200005,1037.613535,1266.55614,1472.758162,1535.082097,1253.992039,594.7253454,198.8751133,,5506.068078,5842.924217,10381.03715,16223.96137
Namibia,11.32166495,14.22972733,19.03763386,26.9995121,35.98232483,41.94766891,45.52135425,68.23077904,69.53701776,79.0091144,92.08065132,100.539312,66.81195957,32.14403432,11.487915,,187.5402552,231.5451233,714.8806697,946.425793
Nauru,0.116725106,0.128154272,0.137497611,0.112287667,0.113394738,0.125509886,0.144598615,0.131300539,0.078651679,0.057711857,0.061428279,0.051190572,0.037841856,0.02290874,0.00410948,,1.113619072,1.39019496,1.323310896,2.713505856
Nepal,24.26292561,20.39549773,32.7030141,41.3242241,57.74187966,86.778673,127.2235168,231.2731086,357.8632964,481.825585,503.7867455,476.8334067,312.7108385,147.5883024,49.40781926,,3057.909569,3216.928156,2951.718833,6168.646989
Netherlands,2.241049764,3.413930737,4.536218428,7.69819597,14.4237864,27.05010337,47.83219598,78.22300947,131.3826425,235.8423691,422.6464746,776.9362245,1190.631235,1075.868136,623.1398313,,6.777468134,12.18399401,4641.865403,4654.049397
New Zealand,0.487142757,0.643660939,0.734786594,1.274520724,2.137112372,4.017106979,6.542404747,9.326061633,15.11818241,22.11922743,38.41982918,72.23438051,135.1986023,166.0369026,141.3675037,,6.577053313,7.698043644,615.6574248,623.3554684
Nicaragua,6.924010802,6.309799196,7.987494799,10.62908663,14.68431374,18.67198077,24.49837873,31.39406611,43.29652977,60.27308138,71.99088306,79.52361501,63.06620817,30.96893727,14.22885252,,300.224773,334.3631339,484.447238,818.8103719
Niger,79.3688567,75.60771329,89.32372843,97.76261643,127.1446334,207.6034075,272.5434485,340.9558998,424.1387152,574.6730915,509.3241819,383.3636581,221.7077396,96.4263604,31.58632941,,13025.94752,13557.04943,3531.53038,17088.57981
Nigeria,603.5423976,640.4670646,746.6931398,888.7805476,1191.544017,1549.773949,1898.625643,2270.334894,2745.166364,3603.209333,4495.706855,4307.886567,2931.326665,1566.333833,703.0406878,,110328.2981,113161.8263,30142.43196,143304.2583
Niue,0.004400605,0.003651348,0.005545009,0.006411173,0.009865109,0.017629602,0.028186249,0.035751403,0.036928649,0.046350159,0.071707789,0.09666951,0.080756821,0.049307362,0.013752656,,0.053963065,0.071331365,0.506913445,0.57824481
North Macedonia,1.070823852,1.007076457,1.661599389,1.638129668,2.239577089,3.049771935,5.308492656,7.365127422,10.05005151,11.67100793,21.56519326,23.89326536,17.95390957,5.630920817,0.503008997,,10.34703305,13.10447094,114.6079559,127.7124268
Northern Mariana Islands,0.086945734,0.073982708,0.108454063,0.192559555,0.380219558,0.564081375,0.90786093,0.722587867,0.910806418,0.365360272,0.850361513,0.556607906,0.615424216,0.335543503,0.093843775,,0.431486061,0.689180818,6.764639392,7.45382021
Norway,0.677205899,0.748105825,1.024127106,1.910433357,3.277215796,4.950996716,8.08886429,17.99785607,31.2199688,77.44523796,118.8112136,250.0200127,384.2695719,446.9038525,300.2815004,,1.307952921,2.613745542,1647.626163,1650.239909
Oman,6.524146751,7.987211167,6.891102273,5.225886944,5.687677549,5.850760155,11.36086365,18.16829974,26.4302958,41.86113697,44.96000933,41.16389137,27.39097291,14.57150053,2.132172476,,31.49182805,46.85340537,266.2059276,313.059333
Pakistan,277.2857766,287.0930442,356.2928208,333.8955946,369.0488263,498.1292402,615.7786131,969.9514039,1171.908764,1573.532553,1552.309946,1413.801515,820.1236368,398.7836183,137.9746778,,40223.37374,43095.89413,10775.91003,53871.80416
Palau,0.219557448,0.296480085,0.426599374,0.51585158,0.59842053,0.823225614,1.071111105,1.180288529,1.042085988,0.980925563,0.914694265,1.223404002,1.066058509,0.548768109,0.108598146,,0.730892954,1.127726449,11.01606885,12.1437953
Palestine,8.341086402,5.046472806,5.886933102,6.593056229,7.688924377,11.02277896,15.45697,20.35628135,23.17061834,35.26415379,38.69718633,47.78675445,44.17842843,21.45129256,8.393313748,,39.90675651,71.4945925,299.3342509,370.8288434
Panama,4.689767179,4.555878672,6.525955805,7.233473858,10.30056444,13.81380309,17.95189363,21.19072748,30.06400721,38.59453744,58.92053775,64.8865202,73.40041784,62.15612055,53.72929138,,113.1481544,128.1844792,468.0134965,596.1979757
Papua New Guinea,28.98548978,31.36333961,37.51856514,35.62801726,39.17472629,52.08049649,58.67623439,78.2890456,79.18867301,89.65526773,79.4905484,74.29370341,51.73039145,33.64567452,8.515863715,,3533.08081,3643.605616,778.2360368,4421.841653
Paraguay,10.7115122,12.16082827,14.76346338,15.35154048,19.88149855,29.13975,37.55751015,52.08182086,58.57327347,80.7490891,103.2437292,139.6733322,137.8669486,102.2335006,92.65849682,,102.5605576,136.5471342,906.6462938,1043.193428
Peru,97.33347013,95.20779304,121.6963131,156.4391721,199.4610052,252.9214956,336.7907906,474.0510012,653.301655,934.4971874,1402.307172,1852.984008,2166.056255,1552.291623,1054.430759,,829.7365014,1161.801961,11349.7697,12511.57166
Philippines,541.1144272,587.4920236,686.3734554,737.841123,997.8145539,1271.461289,1707.018191,2535.364633,3241.814441,3834.20332,4599.982129,5036.789641,3818.591157,2458.946945,753.9140836,,8765.063517,10861.58905,32808.72141,43670.31046
Poland,39.65507256,64.24607553,101.19098,133.8057732,171.079873,252.712689,456.8632667,681.9384835,885.993956,856.6109424,1188.081917,1690.842222,1865.837496,1056.27837,424.0073325,,63.15434608,124.797051,9869.144449,9993.9415
Portugal,3.90222091,4.641037878,11.31664191,22.39902815,31.25439515,48.5497681,73.65329275,113.3168163,172.0942494,313.0482058,668.6995808,1272.658753,1748.449432,1323.684268,589.3828188,,8.883390515,16.95690972,6397.050509,6414.007419
Puerto Rico,3.091445625,4.308072531,6.274027393,7.267817046,10.68306038,18.28782123,26.35353318,39.06124457,57.71043888,79.88437052,106.1487821,141.1632002,152.7245343,112.5444768,103.0945365,,7.584659499,11.03782835,868.5973613,879.6351897
Qatar,2.554135767,2.362327584,2.941500537,1.864072491,2.492704165,1.327018652,2.353709726,2.774433026,3.045333074,4.757066322,3.971464563,4.511335156,2.299516164,0.552264327,0.075204202,,3.927573346,7.194915011,37.88208575,45.07700076
Republic of Korea,8.477346911,13.2949284,21.25349047,34.26185004,58.8376179,89.12305907,154.3459739,207.5143235,303.2393817,601.3521316,1196.803399,1752.04928,1852.316857,1183.722244,563.8180679,,22.2315298,40.46265442,8040.409951,8080.872605
Republic of Moldova,8.891018902,16.59405856,31.52410665,43.82772439,54.45617696,71.24185871,109.4964613,95.89716756,69.90160477,28.3064284,35.02162662,30.50138177,37.68297471,39.68187263,16.03376167,,60.68667544,71.30997171,689.0582236,760.3681953
Romania,40.46831746,45.39664531,83.20379417,133.4065292,228.7532496,207.8931216,345.3457101,497.302267,567.7677542,535.7823291,761.8153601,752.3822589,540.9850858,206.1295299,51.06168775,,364.3300614,459.2070424,4997.69364,5456.900682
Russian Federation,501.9528914,1143.826039,1738.069972,1941.221357,2018.180689,2418.101176,3325.655836,3414.823943,2801.025057,1522.545426,2631.691111,2086.724842,1813.814179,1295.560586,330.0206316,,998.1466883,1358.259716,28983.21374,30341.47346
Rwanda,48.39034725,52.72421268,55.23483355,59.36171306,72.73715145,98.98447085,143.4538278,200.7946721,219.8431795,239.3623549,275.3274196,270.3214296,165.9072825,68.17715751,25.7352489,,1560.449015,1759.658782,1996.355301,3756.014083
Saint Kitts and Nevis,0.045899073,0.050414733,0.023409828,0.036234867,0.224925913,0.379159503,0.722568115,0.917604939,1.081301509,1.034049921,1.780154856,2.178870097,2.045492902,1.368617275,0.625415799,,0.566728818,0.890241451,12.51411933,13.40436078
Saint Lucia,0.24425319,0.338939965,0.425219689,0.58341984,0.812401664,0.998764317,1.174517277,1.554215213,1.877259142,3.045730728,4.176379404,5.586848801,7.646317547,5.895129386,2.357001876,,1.125010722,1.60001277,36.71639804,38.31641081
Saint Vincent and the Grenadines,0.168177593,0.225892612,0.297334165,0.409413525,0.628862817,0.887928,1.003774824,1.237085025,1.593340686,2.343654003,3.954116794,5.507770789,5.281720795,2.817915892,0.927309435,,1.239605198,1.633259603,27.28429696,28.91755656
Samoa,0.704326382,0.737533685,0.925936802,0.917167543,1.29254901,1.79955689,2.335772093,2.803734086,2.718400018,2.896453264,4.451815164,5.792543956,4.782019552,3.283006225,0.704033205,,3.920110005,6.452245855,36.14484788,42.59709374
San Marino,0.005372907,0.006795418,0.008635802,0.012693329,0.018662647,0.027913514,0.039742782,0.060968929,0.101712792,0.198860018,0.40529281,0.83079427,1.22513281,1.119664347,0.726845097,,0.012607184,0.022506971,4.789087472,4.811594443
Sao Tome and Principe,1.273526634,1.34791367,1.635738267,1.857512777,2.507145259,3.225641791,4.008960395,4.648160521,5.530953776,7.080278483,8.69957063,9.75436758,6.598145866,3.144558501,1.099862418,,11.2188389,15.21559179,62.41233657,77.62792836
Saudi Arabia,91.73719926,140.3525039,182.6791748,234.1911182,238.3732881,245.7353939,268.1294121,309.3509381,279.0750776,254.7891953,197.3056379,180.4787526,189.4749421,108.1941774,36.95825214,,30.31572445,145.3497372,2956.825063,3102.1748
Senegal,60.35902033,55.45475494,60.17760484,72.5725207,90.82242813,130.9172762,172.4156415,212.7831572,277.7573023,367.1131957,421.7154243,417.8330804,248.4516834,118.9395838,42.09249411,,2031.397512,2278.600383,2749.405168,5028.005551
Serbia,3.339308239,5.673867453,7.199685769,11.16139732,15.90669377,25.05986903,41.62631138,72.23466732,110.4094858,110.4471923,188.3933481,300.5958304,192.0318185,68.05230888,12.94131308,,11.14046191,18.02000269,1165.073097,1183.0931
Seychelles,0.509646817,0.737209455,0.932797513,1.380902727,1.771692739,2.335872299,2.912091946,3.925181656,4.105088298,5.047882982,8.057730911,9.248307339,7.700512697,4.470090951,1.739963351,,1.663995,2.426305488,54.87497168,57.30127717
Sierra Leone,50.06301451,45.93575842,50.16665322,55.80381053,69.96572561,97.60237258,111.1233671,146.5326529,177.3365471,265.0214587,312.2727938,288.6050345,154.3468209,72.81882783,25.2304362,,3053.624519,3271.031574,1922.825274,5193.856848
Singapore,4.800052211,5.040946332,8.832325481,9.572800646,19.62591623,39.7561822,62.44639174,110.1540997,167.9332096,221.4980714,378.9474692,441.6852021,485.2687565,334.2876966,225.3355973,,8.825409291,16.96922466,2515.184717,2532.153942
Slovakia,4.831014873,6.622630029,10.23493689,15.66640552,21.44688952,30.49855893,51.49885457,85.29519676,110.7590689,128.7038847,185.5939115,245.1313256,262.8118788,141.7191095,51.36401183,,22.64112673,32.51267689,1352.177678,1384.690355
Slovenia,0.310260137,0.529325565,0.830459586,1.140933137,1.826720511,3.251955823,4.499912927,7.82050539,13.29987528,24.27458308,55.06938229,103.9224424,132.7593918,91.37666046,40.96008938,,0.724536013,1.271732239,481.8724977,483.1442299
Solomon Islands,12.57897866,14.9058519,19.38774538,18.52080129,18.26954576,19.66699937,21.62929684,24.25151449,23.60300462,23.3388288,22.2213263,17.34458058,7.827085344,2.509827828,0.378423038,,71.01090635,94.13713962,246.4338102,340.5709498
Somalia,117.7942668,113.6566017,157.1852821,218.3279256,194.0592205,203.0523351,292.2663717,444.0722501,466.9920738,436.9809314,374.3715161,260.5864871,128.5893276,44.59582372,11.27196591,,8944.077328,9638.536559,3463.802379,13102.33894
South Africa,391.1579939,449.4018147,335.3046298,672.2085256,720.3210191,1198.479632,1606.908853,2387.947065,2253.138897,1950.13637,2126.427844,2636.600318,2285.727671,1175.612193,376.3451714,,3322.363942,4022.263263,20565.718,24587.98126
South Sudan,19.84577728,24.58846999,32.18645909,41.50985003,55.08855115,68.89794501,84.3504207,113.4781619,128.5953072,175.0957858,205.8197914,186.284357,118.5504325,71.02292175,31.55700432,,4023.838159,4178.641198,1356.871235,5535.512433
Spain,7.854327621,12.94252767,23.6383601,42.48907748,66.73370929,105.7904427,151.5310483,183.2903098,267.196145,446.7322191,770.8737001,1843.68932,2751.609984,2502.061026,1312.361165,,20.03779948,33.30453739,10488.79336,10522.0979
Sri Lanka,26.2044653,35.30023404,49.48600529,59.41962737,88.42821877,124.5254053,162.245524,223.4693227,302.5694264,379.4231944,387.3545333,433.0628992,397.2468957,220.9481325,82.61594308,,98.351131,172.4907284,2972.299827,3144.790555
Sudan,58.24960383,59.48408135,63.71218483,70.49872185,80.17805887,84.86293956,100.9105428,143.7561535,170.3137907,239.1492029,294.7627231,304.276204,238.741871,136.402936,65.53835929,,1993.458344,2330.033459,2110.837374,4440.870833
Suriname,1.057159681,1.326143239,1.647991555,1.861764535,2.669775154,3.813991921,5.223304207,5.952331719,7.375491665,10.87213301,15.43464692,17.24673174,14.62641972,7.800476466,5.354407005,,11.39681165,13.65443713,102.2627685,115.9172056
Sweden,1.87738796,2.291412892,2.591680994,4.214318553,7.202689045,12.37697833,17.17681657,30.13389935,55.85776428,108.5885246,194.9788642,346.8078127,536.1606914,519.5773823,377.1782919,,4.303025124,6.584944705,2217.014515,2223.59946
Switzerland,0.778737353,1.102278721,1.754133225,2.511009722,4.046712052,7.838052035,13.83246887,19.98466623,33.0607611,62.79063114,111.3841931,225.2177622,347.1854565,322.3386564,260.4796629,,3.740937215,5.100035298,1414.305182,1419.405217
Syrian Arab Republic,9.205097737,14.80196597,20.78814024,24.10650722,36.21297445,52.86073597,70.7070018,111.8869775,125.7576294,144.2268573,169.7013051,193.0038387,164.3808284,34.37960423,6.624076226,,247.7881246,377.3370258,1178.64354,1555.980566
Taiwan (Province of China),10.1091229,20.0155458,44.96938497,61.30472393,98.58718858,156.7647399,247.562781,374.4462652,469.4394763,612.9433407,1171.726893,1750.534937,2324.2591,1583.550164,1044.814742,,35.48939189,56.73726968,9971.028405,10027.76567
Tajikistan,46.46411452,43.04814816,41.34940425,43.34078149,41.42287023,41.66889394,67.12293828,67.82266338,78.61360317,61.698479,104.7349035,84.1688793,40.38909535,18.37182999,5.676113554,,1568.461741,1755.633032,785.8927181,2541.52575
Thailand,132.1526252,201.1484626,255.9697275,330.7886468,441.690282,587.8575929,695.0155945,1000.773571,1199.092815,1617.92942,2208.447178,2901.733188,2319.595065,1570.669058,1003.436255,,344.8604316,613.107086,16466.29948,17079.40657
Timor-Leste,0.500127147,0.426681335,0.480833108,0.824355868,2.844197025,5.124904528,7.230530163,16.72547199,24.14091238,41.23221278,34.70264188,37.08258643,29.37515792,11.08165388,3.267983194,,141.6779113,153.5112485,215.0402496,368.5514981
Togo,41.5409459,44.96195604,53.49975211,68.54638573,92.18382991,126.3585702,142.5546703,173.2603434,217.2102635,260.6516141,244.9855383,201.4174487,103.98574,42.71214748,16.00186009,,1089.687214,1233.935082,1829.871066,3063.806148
Tokelau,0.004304772,0.004728811,0.00548404,0.005732763,0.007290092,0.010752902,0.016580349,0.016178986,0.031225287,0.021649892,0.031606386,0.050290889,0.028778745,0.050598842,0.010595219,,0.026595574,0.037579582,0.295797977,0.333377559
Tonga,0.257446354,0.295651857,0.376962099,0.394701466,0.516531718,0.708872432,0.896232633,1.179870431,1.502630994,1.899167761,2.829597914,3.849926528,3.118785999,2.141639491,0.649354668,,2.49143334,3.430031616,20.61737235,24.04740397
Trinidad and Tobago,1.961194279,3.08691526,3.200014063,3.843817454,4.116404964,5.884445258,6.779638566,8.064188456,10.95662076,14.1658478,18.09760851,22.54948681,25.65037281,19.55202005,17.59732597,,9.467128349,12.90013646,165.505901,178.4060375
Tunisia,9.187929877,13.25331451,15.02188653,16.32689346,17.81569445,24.34697921,39.87964446,58.87852292,74.52546816,106.8891656,148.2783951,223.5626437,190.0085641,98.10338246,40.02107914,,79.25135262,105.9137323,1076.099564,1182.013296
Turkey,62.47413849,67.74063252,90.41037263,126.7227505,148.3595781,221.4908009,331.014699,571.0697073,674.7241204,1188.354246,1386.044974,1937.362571,1972.651556,923.2027905,382.5370812,,511.5824181,731.3484416,10084.16002,10815.50846
Turkmenistan,18.23894934,16.62885584,16.94926719,13.82158181,14.87747138,17.13668484,18.05809232,17.94773951,11.50244282,11.03090702,14.47230361,14.81291269,12.39868865,9.241043587,4.438249379,,755.6847487,827.1068127,211.55519,1038.662003
Tuvalu,0.079448321,0.085281144,0.090838967,0.08471855,0.0992784,0.138128491,0.188763018,0.235702367,0.243794916,0.274876703,0.31630473,0.349569159,0.269280173,0.181743068,0.029600625,,0.306727441,0.485740565,2.667328632,3.153069197
Uganda,156.0639828,138.8134232,144.9316298,176.2125454,214.1586579,274.9699522,350.6977687,450.9267463,545.9036108,710.505085,847.2856534,770.9621207,430.5783574,206.9770929,90.04735432,,5541.611556,6368.211274,5509.033981,11877.24526
Ukraine,207.1223274,438.1571123,599.1654183,661.0055135,617.9562157,642.5679533,630.5611133,462.0867839,315.721041,182.494386,369.9578975,458.8083235,526.5695725,378.2714501,97.60071063,,168.4497657,307.9126825,6588.045819,6895.958502
United Arab Emirates,7.303816024,19.50253438,19.53101715,22.78274542,21.48086191,19.50290611,22.09304785,46.45352155,31.33625413,20.42037129,17.58257078,15.90455254,10.1800596,3.327619752,0.533677792,,4.03033873,12.34525156,277.9355563,290.2808079
United Kingdom,38.53784201,58.93587047,83.66118153,131.3627274,213.5280269,320.303963,446.2893415,640.9452801,1052.108767,1841.553061,3024.002122,5424.735908,8364.517412,8427.674121,4325.922695,,86.75832305,140.2304153,34394.07832,34534.30874
United Republic of Tanzania,197.6495786,194.3842478,228.2823861,281.3740506,358.990891,473.8586268,583.6063787,796.7462917,958.052339,1251.890828,1516.200542,1482.015326,898.8432344,417.7242429,183.5767302,,14384.52113,15471.59152,9823.195693,25294.78721
United States of America,213.4125353,296.4210546,396.1824329,569.9038295,881.8195214,1518.39976,2387.08559,3413.347171,4301.404274,5659.085443,7251.601087,9485.076414,11065.86039,10104.47352,7546.530672,,539.181818,854.0814195,65090.6037,65944.68512
United States Virgin Islands,0.026799814,0.043925023,0.08087172,0.137001171,0.258565714,0.419952962,0.6406837,0.994876319,1.672270725,2.728466654,3.076189188,2.734776531,2.410735435,1.537851401,0.735542339,,0.169695928,0.243562695,17.4985087,17.7420714
Uruguay,2.815555468,3.758217265,5.613614563,6.885336606,9.073778186,15.80441846,22.34289949,39.64688445,51.16255579,75.99851844,130.5600627,210.6110224,284.8411796,219.036011,135.165305,,20.11160113,25.89706632,1213.315359,1239.212425
Uzbekistan,157.3935378,163.6953055,163.7193394,175.4561014,168.8848795,229.2477965,257.5389753,303.7316152,215.8034424,228.8287274,250.3599779,131.4440052,38.97413844,9.888551139,0.798571579,,5804.122532,6701.431774,2495.764965,9197.196739
Vanuatu,2.033194595,2.110041091,2.31037666,2.129141382,2.28659918,2.845933294,3.209510702,4.57186984,3.980220325,4.914595618,5.536477214,5.110425628,2.721783059,1.055305316,0.176444908,,22.82098995,28.80104172,44.99191881,73.79296053
Venezuela (Bolivarian Republic of),51.56864173,51.03361568,66.25821937,79.28754122,91.44575236,120.0695557,136.3997538,174.1178835,205.8497302,250.3864426,344.2399177,408.0663832,357.6600288,294.1367616,274.1717951,,557.4423964,683.8736365,2904.692023,3588.56566
Viet Nam,101.9178297,131.6068033,172.1843534,183.4551515,268.946951,392.2326175,567.2271122,873.7723991,998.2560417,1166.346748,1732.571573,2468.205839,2226.631169,1053.67704,404.1591828,,2100.136321,2338.801211,12741.19081,15079.99202
Yemen,42.29554282,51.93827905,65.79321443,69.13886126,66.30558721,72.75535677,92.25056462,140.5402088,151.004626,200.1038867,219.6428379,192.0871966,145.7511478,65.31983075,22.08144187,,1998.083748,2215.616418,1597.008583,3812.625001
Zambia,96.39757364,93.91468142,105.1808941,127.8318313,139.8699296,162.5893501,184.3130853,230.4498634,258.7720919,334.9657824,358.8500846,333.2851461,197.3219297,82.25741584,26.28719778,,2905.534096,3300.154847,2732.286857,6032.441704
Zimbabwe,119.9918664,140.2461353,197.3893752,248.064599,302.4108977,377.7125466,423.1829398,614.1004875,575.3135184,544.0533141,484.2701129,448.0718398,283.4451671,130.7312374,38.08118626,,3633.138575,4014.08764,4927.065223,8941.152863