Location,Under 5,5 to 9,10 to 14,15 to 19,20 to 24,25 to 29,30 to 34,35 to 39,40 to 44,45 to 49,50 to 54,55 to 59,60 to 64,65 to 69,70 to 74,75 to 79,80 to 84,85 to 89,90 to 94,95 plus,,over 25,Total
All countries (204 in total),0,0,0,8942.991582,18618.83959,29395.06803,59558.53359,95560.29884,157013.8158,255178.4013,396241.0077,552328.8653,741892.0267,923004.386,1056346.155,1177258.917,1426378.737,1195048.781,719505.0156,320231.0667,,9105220.088,9132782.32
Afghanistan,0,0,0,122.6033561,187.3545618,364.8771877,568.89021,886.1331558,1681.174478,3963.822201,4493.66467,3217.206286,2534.010313,3379.869048,3836.927668,3706.679206,3013.078519,1789.510728,698.7897725,183.195961,,34317.8294,34627.78732
Albania,0,0,0,4.629965889,11.51175863,17.81192341,22.2041007,23.93167777,33.46883694,60.32057839,110.6634196,195.8685923,366.3207354,489.38613,750.36571,990.1423227,1303.378666,914.0826835,496.4246254,217.6337207,,5992.003723,6008.145447
Algeria,0,0,0,68.56034784,114.3968093,206.4321584,458.1490039,738.8992366,1087.884345,1769.951753,2571.241072,3333.258822,4679.454641,5612.934418,5588.355835,7887.111591,9631.753446,11932.01875,2634.000129,377.667444,,58509.11265,58692.0698
American Samoa,0,0,0,0.033037164,0.139016059,0.194548733,0.496891633,0.923914974,1.982497414,3.629656868,5.650416833,6.543491406,7.74231098,7.294609805,7.066985296,7.076199437,6.389081179,5.471287313,2.690786205,1.152165579,,64.30484366,64.47689688
Andorra,0,0,0,0.003480271,0.013974448,0.029721255,0.086233838,0.240198848,0.597937734,1.140272737,1.836930386,2.576358873,3.400224092,4.331807138,6.264894804,8.311714402,9.917283826,14.11066618,13.64979082,9.243934076,,75.73796901,75.75542373
Angola,0,0,0,38.04820862,34.65236423,50.95855656,108.6748399,157.3329117,282.0499096,457.0651381,678.1966839,929.2652006,1158.200856,1365.383632,1237.126056,1244.723894,866.3983037,453.3096505,186.0810439,53.00765525,,9227.774333,9300.474906
Antigua and Barbuda,0,0,0,0.018786149,0.053256581,0.101579004,0.159656058,0.354607483,0.632269483,1.428334818,2.913713755,4.64622955,6.727167215,7.876573795,9.647821323,10.46516294,12.59139731,10.64710215,6.763250438,3.164807846,,78.11967317,78.1917159
Argentina,0,0,0,25.33381926,44.9933028,65.66580578,123.6510518,227.516158,427.2055089,807.9882684,1321.823367,2106.121961,3112.194433,4200.444682,5221.621034,5988.939171,6966.385559,7083.355272,4935.227365,2712.720994,,45300.86063,45371.18775
Armenia,0,0,0,1.092363652,3.13155129,6.989456935,19.14612227,39.99325179,83.21769147,134.4183591,240.8296328,475.5265578,693.335992,843.5470326,873.2078938,1067.1531,2113.922798,1524.640489,942.9716846,192.2652717,,9251.165333,9255.389248
Australia,0,0,0,1.087560876,4.088124927,12.76680551,37.08018045,86.58447466,157.2627402,294.7817782,455.8005902,693.6518885,978.7631591,1375.099401,2073.730005,2724.5393,4040.69875,5404.785362,5151.08726,3141.454685,,26628.08638,26633.26207
Austria,0,0,0,0.63570424,1.599571121,3.309358904,9.531658945,23.28061596,50.09276232,117.438674,229.2429104,361.9533408,550.2403093,818.5110007,1231.497898,2102.144488,3063.239881,3897.743798,3506.190478,2120.367079,,18084.78425,18087.01953
Azerbaijan,0,0,0,14.60415762,37.15570485,59.33136746,117.9836468,200.0204328,336.0945274,632.9024346,1250.497661,2310.475159,3135.075609,3217.777054,2667.488342,3719.081655,5884.578682,2914.896985,631.9197212,78.80075117,,27156.92403,27208.68389
Bahrain,0,0,0,0.808832767,1.763844527,2.756517867,7.212763531,23.56689054,33.06143149,51.41747623,69.50357781,97.62587232,115.3100192,115.8125767,94.91079716,91.53576296,87.9443978,54.92803341,13.61063198,1.585460559,,860.7822096,863.3548869
Bangladesh,0,0,0,188.1102459,285.2629392,456.2893344,1045.647323,1619.305386,3304.448867,5601.526963,9341.421011,11143.84866,14817.57784,16349.40699,17429.14882,17439.02071,15367.0645,10356.94856,4894.752193,1370.385916,,130536.7931,131010.1662
Barbados,0,0,0,0.056146036,0.111183966,0.229650035,0.559001277,1.038736576,2.113057709,4.909982574,8.669465274,15.79630031,25.93961334,33.34233816,43.90302253,46.21261691,51.46773342,56.54051633,37.96240158,13.48609572,,342.1705317,342.3378617
Belarus,0,0,0,1.182592396,6.179781466,22.42662122,80.82165281,182.1296147,348.5361632,661.9226174,1157.737074,2383.540857,4270.131581,5344.855689,5843.214376,7150.839201,10983.84485,8721.204314,5569.742959,1889.54975,,54610.49732,54617.8597
Belgium,0,0,0,0.961922059,2.342917632,4.448272366,10.63745006,24.45840279,54.80457017,122.6286697,239.1882647,400.2743145,620.6370204,850.8393447,1234.311512,1498.204323,2570.630206,3412.786509,2659.00003,1439.534308,,15142.3832,15145.68804
Belize,0,0,0,0.23491634,0.470950176,0.860283158,1.746896312,2.42402982,4.185147714,7.76852995,11.66977388,18.02544672,20.81143296,22.28729655,22.36424329,23.55028275,25.48698201,23.13692858,15.70378365,9.346425617,,209.367483,210.0733495
Benin,0,0,0,12.26753285,16.48781791,16.08358739,38.0373391,61.72649839,99.84209683,163.4789937,245.2783545,299.0502014,427.1202374,540.9922303,662.1011625,690.5008785,582.8546467,351.2776384,167.4485532,57.54029505,,4403.332713,4432.088064
Bermuda,0,0,0,0.007166991,0.019173055,0.028310361,0.074796054,0.198240985,0.519546656,1.207778263,2.541643107,3.989682414,5.915960537,7.76338174,10.45282411,13.88767498,19.44783332,20.42786095,14.12303938,9.062692037,,109.6412649,109.6676049
Bhutan,0,0,0,0.98625389,2.604158421,3.75074087,6.897619688,9.792232478,15.63090957,23.23115666,33.50063693,46.87522445,59.97868286,75.4846904,88.68329709,99.4668157,92.94216294,63.65143057,28.5800115,11.03092719,,659.4965389,663.0869512
Bolivia (Plurinational State of),0,0,0,15.32648594,21.11770351,24.75538955,37.12311403,55.28275671,93.60041409,166.6294659,263.3475156,408.8130634,633.1758181,853.0557403,1121.314106,1251.942355,1238.833891,914.8984919,463.1321979,152.0436215,,7677.947941,7714.39213
Bosnia and Herzegovina,0,0,0,1.207084364,2.972294682,3.887952508,9.767129293,22.09533362,49.65538681,98.7090814,192.2563525,362.6248587,549.9067083,769.922382,977.0751436,1306.178966,1982.038891,1583.102092,679.32301,226.7421407,,8813.285429,8817.464809
Botswana,0,0,0,1.57292272,2.414055648,4.374018062,10.80597846,25.47191346,46.83797487,75.35029425,101.3403984,138.977344,174.5433837,193.9707033,181.7330896,165.264979,148.3819311,91.11151268,35.57210412,11.12558866,,1404.861214,1408.848192
Brazil,0,0,0,137.9745456,281.1722934,437.2995875,948.7567878,1863.372164,3373.472304,5789.555876,9318.86903,13380.26622,17347.0219,20083.59636,21720.09282,21602.62112,20620.72579,16723.94033,10952.17513,6665.428977,,170827.1944,171246.3412
Brunei Darussalam,0,0,0,0.493134122,0.917019938,1.935821855,3.605656146,6.428548686,11.71085719,17.49084962,18.8780222,24.85001507,27.24128688,31.06772487,31.09827082,32.36606467,29.88945636,17.87340639,4.988242955,1.001371548,,260.4255953,261.8357493
Bulgaria,0,0,0,2.385162427,8.224303502,19.24782183,53.42699721,114.2668544,242.7683523,487.1932275,779.9849133,1251.129336,1893.358038,2727.787534,3997.288528,4894.119586,6672.416938,7321.824181,3290.801632,694.0912222,,34439.70516,34450.31463
Burkina Faso,0,0,0,30.50296296,31.88719915,31.61705666,82.11263931,138.3293561,227.3364973,356.9319061,547.5186587,644.2762557,951.0947995,1156.983999,1583.652615,1532.499062,1176.51641,615.4406699,279.8931687,87.80343788,,9412.006532,9474.396694
Burundi,0,0,0,22.36345518,20.28736226,27.45728032,50.00894708,85.5859485,129.2869645,190.5545674,275.5929962,404.2364427,530.2817543,558.7871098,499.0963764,438.9710485,405.7399588,260.2098055,100.6642708,29.54428909,,3986.01776,4028.668577
Cambodia,0,0,0,14.40206004,32.48572166,58.83027458,105.4161555,156.4225018,232.3139044,389.009668,705.2138907,1005.528356,1248.474936,1382.7964,1553.830622,1518.207836,1439.288101,1027.307272,448.5826452,138.0479163,,11409.27048,11456.15826
Cameroon,0,0,0,33.41591435,48.67186499,40.75373564,101.8778979,167.995492,262.7363635,413.2655337,621.3200453,796.3078896,1164.01203,1407.793932,1583.20003,1484.320149,1280.610693,773.927276,345.0193235,93.63352844,,10536.77392,10618.8617
Canada,0,0,0,2.41503289,7.400365735,21.56982509,48.98677403,107.0536178,230.4475657,461.9245615,937.7610126,1761.802812,2709.323511,3556.648535,4640.213734,5529.756911,7091.116196,9050.517088,7643.211817,4973.902452,,48764.23641,48774.05181
Cabo Verde,0,0,0,0.379255025,0.701573709,0.761338847,1.828562854,3.349913945,4.938127356,9.465766252,18.45950803,28.15135557,41.8313421,48.32129005,51.29251934,64.04438623,114.9795812,101.4917791,52.36155261,26.51972317,,567.7967466,568.8775753
Central African Republic,0,0,0,10.58525992,9.415003058,13.59255137,28.71366716,51.65220655,104.1108414,196.4827712,263.9326576,324.3259046,360.1044395,342.8373102,313.5483562,238.838664,164.9349735,73.5415465,22.68503216,5.470351283,,2504.771273,2524.771536
Chad,0,0,0,18.38386073,20.59967829,18.88952384,44.10899543,70.0494219,116.4609499,201.4811323,320.2645684,386.4576674,541.7185067,722.8539256,844.6729424,776.2237952,653.1721089,416.8694877,160.3026577,55.20532507,,5328.731008,5367.714547
Chile,0,0,0,2.245913944,6.296393338,14.45063126,28.50658767,59.51583547,114.5773441,225.5119049,419.6475593,661.6242307,891.97802,1131.469965,1370.714967,1550.943805,1680.872164,1820.714631,1310.935767,696.3795428,,11977.84296,11986.38526
China,0,0,0,782.2000109,2128.952157,3897.724751,9063.351039,12725.45206,22385.96148,37159.21208,63614.04047,78465.9725,111519.8852,170461.9987,228922.6078,267109.4924,370081.2002,322750.1252,132588.9235,40349.80482,,1871095.752,1874006.904
Colombia,0,0,0,29.0314109,57.09301423,86.63842191,141.1929161,243.5067517,371.4664212,642.0417649,1201.486508,1910.770887,2852.959548,3591.932178,4521.459035,5395.403078,6494.507326,6005.647031,4600.869802,3563.118932,,41623.0006,41709.12503
Comoros,0,0,0,0.891784527,1.087580228,1.577195878,2.887769868,5.162200228,9.032972222,14.36024332,20.55114016,28.18291868,38.72265785,45.99580791,64.75524683,67.89357113,66.91822563,46.12807134,21.51858705,7.494002087,,441.1806102,443.1599749
Congo,0,0,0,5.655908483,5.829735937,10.26364552,24.17886455,45.51206288,85.76794046,149.4299451,200.9449442,261.1547976,311.3953062,370.2027048,398.1741015,365.7045127,303.6946037,180.6465052,62.91868012,15.32793287,,2785.316547,2796.802192
Costa Rica,0,0,0,1.168767936,3.667177863,6.633024021,14.32823514,24.39887656,40.38432663,70.72184775,139.0629503,217.308581,306.5688249,362.4710506,418.5349524,450.034746,502.2309749,476.8397249,359.4738841,314.3372213,,3703.32922,3708.165166
Cote d'Ivoire,0,0,0,27.25796502,39.73573365,39.8122326,105.287391,192.9747931,312.5775486,456.493739,657.7943887,785.3378884,1059.202683,1238.227814,1326.278564,1258.386615,1070.495464,675.2185076,308.5666454,95.95048596,,9582.60476,9649.598459
Croatia,0,0,0,0.504133886,1.045837118,2.477607956,7.480464373,20.99733125,48.83136251,102.2826003,192.3853573,324.0696735,553.3984189,822.7325893,1029.48395,1720.140821,2848.726689,3155.999833,1838.721668,528.1627186,,13195.89108,13197.44106
Cuba,0,0,0,1.679853898,4.944628625,12.21563669,31.04641242,52.13654432,118.7470726,326.7175551,667.4569098,1079.849102,1329.08608,1879.225409,2585.390092,3204.778777,3504.659211,3147.344747,2503.770629,1822.938913,,22265.36309,22271.98757
Cyprus,0,0,0,0.245962226,0.565192214,2.178854374,5.092142601,9.790861192,19.32613596,27.97221445,46.20728678,70.28612602,99.99918091,126.1101727,170.873301,225.9809949,331.4383351,305.1789234,126.9274297,27.56022566,,1594.922185,1595.733339
Czechia,0,0,0,0.424821448,1.625664049,4.316976145,14.99841821,36.35720768,105.0440269,243.0112745,384.8397735,736.3412819,1363.281225,2373.910262,3605.83654,4427.80651,5501.453778,6795.833586,4921.268584,2443.228149,,32957.52759,32959.57808
Democratic Republic of the Congo,0,0,0,94.4273918,90.15463805,153.0488081,336.1885646,498.4419837,803.4971726,1438.186838,2188.219369,3029.933145,3845.292098,4298.087404,4481.321982,3900.952945,3489.128856,2062.128843,840.6401344,244.8850982,,31609.95324,31794.53527
Denmark,0,0,0,0.090102897,0.398187791,0.882098582,2.320603796,6.919208666,20.4793321,48.94702023,107.9866997,168.6417806,271.3852116,398.3612896,727.1459446,920.9521531,1177.529988,1289.755287,1184.3287,843.6277199,,7169.263038,7169.751328
Djibouti,0,0,0,1.466245374,1.756652182,2.797866922,5.956363913,10.18833488,17.30310168,26.66934229,35.30064924,46.83205611,60.97718475,66.23533401,72.40072179,58.87938252,47.53435933,27.6229464,10.60038147,3.181645224,,492.4796705,495.7025681
Dominica,0,0,0,0.020430375,0.04028145,0.077498212,0.159722528,0.310628837,0.518838945,1.070857841,2.289966784,3.770161548,5.579743371,7.36013922,8.971158013,11.90116885,14.79001122,12.65712265,8.012056503,3.639636214,,81.10871074,81.16942257
Dominican Republic,0,0,0,21.42891548,54.91528537,78.92178368,137.9962136,224.6178062,356.0923767,571.9534581,855.3690212,1019.920577,1434.688498,1503.724458,1899.99278,1686.123309,1945.882395,1895.077987,1071.566483,547.8739502,,15229.8011,15306.1453
Ecuador,0,0,0,29.92901156,55.91749818,62.19041277,97.72255325,131.2194384,189.1752794,278.0894567,409.366131,598.8810549,786.409307,914.832187,1110.719708,1299.744568,1507.235495,1615.249334,1254.178196,343.1293916,,10598.14251,10683.98902
Egypt,0,0,0,605.5513634,819.1934067,1101.601593,1760.057308,2500.776399,3678.16994,6596.848318,12000.7195,17728.3022,24199.17143,27554.88657,24884.08455,23840.54493,18056.31242,11177.1006,4158.064915,1223.189256,,180459.8299,181884.5747
El Salvador,0,0,0,8.991069266,16.41712765,23.24319966,35.68900672,48.1127305,79.45288424,127.788664,200.2183366,273.3483846,375.4352636,481.7986968,667.408157,816.7746292,976.73386,1024.307762,692.7894588,633.4630829,,6456.564116,6481.972313
Equatorial Guinea,0,0,0,1.605843598,1.638437894,1.892395267,3.803303364,5.073730464,7.057860793,11.75657347,15.8755705,21.95662065,30.64985933,44.67917309,47.40225094,56.85074639,51.37901032,30.78486909,12.5445612,4.225444475,,345.9319694,349.1762508
Eritrea,0,0,0,11.47834074,12.69048851,19.39759568,34.0818115,59.34583013,96.85475962,152.0798386,192.4233804,252.3108043,289.7352435,291.3587068,256.0885663,258.5955205,191.9840671,113.0243308,33.84574442,7.259946253,,2248.386146,2272.554975
Estonia,0,0,0,0.048747047,0.263288965,0.759549705,2.743899742,5.185534304,11.47816326,27.00229531,47.1343983,104.2584324,179.9920978,264.5727728,342.8092102,542.7007953,865.7895916,995.2784975,767.9736987,276.1961352,,4433.875072,4434.187108
Ethiopia,0,0,0,154.7391715,136.7239945,170.0719439,288.0264748,450.1378371,700.1224912,1003.783268,1359.820166,1842.39389,2564.491503,3322.779955,4276.347016,4378.532905,4035.862042,2461.19663,980.0217458,284.0776636,,28117.66553,28409.1287
Micronesia (Federated States of),0,0,0,0.146914369,0.641700439,1.388593439,3.331927764,4.355730261,7.658141708,14.69106576,19.76559873,24.96893646,28.68465464,18.81765951,15.57335373,11.00266198,10.60821506,8.071019789,2.744952381,0.751566238,,172.4140775,173.2026923
Fiji,0,0,0,1.073129365,3.92417639,6.442081309,15.74427024,32.90485366,55.46810913,97.23312012,153.3051426,194.3018144,228.0888428,196.2298308,193.2410901,165.1150423,119.9484176,82.04044596,23.16944092,6.411475281,,1569.643977,1574.641283
Finland,0,0,0,0.203423692,0.532124498,1.62063258,4.432859416,13.2498697,29.47922328,60.28216984,139.8498143,278.0144042,508.6703134,825.9675939,1328.385214,1601.776521,2508.621262,3101.878103,2740.666834,1668.703548,,14811.59836,14812.33391
France,0,0,0,4.2559058,9.845678806,21.62354347,61.71081748,141.2928418,316.6111067,634.9480915,1011.976119,1553.547162,2228.129356,3254.126642,4412.283176,5392.354107,9580.256252,15003.23304,15186.24994,9512.439173,,68310.78136,68324.88295
Gabon,0,0,0,1.944981041,2.08386064,3.000050199,6.558789296,11.00986333,19.69458272,36.50403965,55.54975832,83.10822589,105.8401908,132.6652836,120.7243605,131.9510746,133.5610297,92.29985063,38.042228,12.16922254,,982.6785497,986.7073914
Georgia,0,0,0,2.54007827,5.234425359,11.96605822,36.15138557,67.62075777,121.3562958,214.5715737,358.6958317,612.9883049,886.0539821,1177.772279,1388.18226,1926.738988,2941.102946,1935.246273,1510.756432,719.8539733,,13909.05734,13916.83184
Germany,0,0,0,8.373776419,21.43719738,41.82030338,102.4344614,229.5538449,488.7754966,1099.810731,2626.470224,4481.820478,6382.302638,8753.386653,11739.43212,22475.65935,40141.81102,39957.36796,30279.68125,15492.51726,,184292.8438,184322.6548
Ghana,0,0,0,33.78703069,51.31299398,47.70801089,127.5734672,210.9733329,377.9946458,634.7596541,885.6796385,1086.5304,1574.31887,2067.265666,2290.735637,2301.186634,2071.026516,1347.883361,586.6707027,192.8705239,,15803.17706,15888.27709
Greece,0,0,0,0.717396844,7.240481371,15.79847932,38.95269817,95.52815739,196.7723463,372.9282112,598.8032706,804.6061757,1034.301912,1295.635017,1813.748102,2567.803739,4802.837982,6242.121096,4505.080166,1749.570781,,26134.48813,26142.44601
Greenland,0,0,0,0.003068055,0.009748257,0.027508638,0.078335788,0.223238132,0.532426246,1.346596841,4.208024398,5.93409665,7.289040357,6.56498782,7.042643705,7.257347643,6.513877179,5.569865972,2.608693668,0.861207652,,56.05789069,56.070707
Grenada,0,0,0,0.030715404,0.073273866,0.127019957,0.28670572,0.516770184,1.063570686,2.493539454,4.875492417,8.399076398,10.58210823,14.19659198,16.38760698,17.46837927,11.81563724,7.887275902,5.87575366,3.120052912,,105.095581,105.1995703
Guam,0,0,0,0.178717989,0.509063547,0.986054447,2.283400096,4.495054083,6.283586177,11.90215155,21.71076739,27.84799044,34.980509,37.08498837,34.85786126,31.56819104,35.83893904,32.69875117,22.83429118,14.32629852,,319.6988338,320.3866153
Guatemala,0,0,0,39.28764226,66.07594008,88.48571526,120.9000526,164.0744025,192.3284668,245.1642949,332.8876543,422.6128704,583.9667214,748.4733989,875.3878824,996.5946912,1798.429891,1658.021061,905.6626009,170.1087542,,9303.098458,9408.46204
Guinea,0,0,0,15.39533455,18.76409523,19.41093448,50.15134527,71.39675665,113.3591137,189.3488487,299.3182512,380.4849531,586.423425,755.4688756,854.8821842,792.0440309,735.2743995,543.004116,302.0433316,99.33949979,,5791.950066,5826.109495
Guinea-Bissau,0,0,0,2.984897519,4.273407279,4.634959591,12.34879492,20.57795943,32.16765154,51.01097385,70.69476159,87.74655034,113.1550683,130.6349246,134.5746527,112.2311746,83.65277856,50.01474263,19.9235027,5.7395132,,929.1080087,936.3663135
Guyana,0,0,0,0.629077567,1.927935277,3.495726356,5.534670019,10.3329026,22.93011598,42.78711223,76.89671586,114.8436881,134.5527972,151.820967,129.7536785,116.1525323,100.0314354,66.02533675,50.6449875,18.7125707,,1044.515236,1047.072249
Haiti,0,0,0,14.26564825,22.74491787,50.67080052,102.9175709,176.8116291,316.35099,486.366743,749.5065763,1016.325536,1361.219663,1576.78346,1506.159287,1375.43799,1210.215742,751.7860951,327.2551961,103.872393,,11111.67967,11148.69024
Honduras,0,0,0,7.497287319,12.51593688,17.76682628,30.92630749,50.08727206,99.13663547,185.2881756,297.143503,459.3000964,670.128661,861.4146796,1092.797541,1215.769552,1199.536591,833.6317549,426.6521879,146.8993393,,7586.479123,7606.492347
Hungary,0,0,0,0.855534362,2.976005785,9.69697982,26.64678954,66.72484856,188.8393586,375.5410966,673.7710761,1033.675306,1975.826474,2863.593882,3540.511644,5004.813442,6446.107379,7069.173123,4677.03979,1974.763012,,35926.7242,35930.55574
Iceland,0,0,0,0.044746431,0.134668149,0.258955082,0.456264996,1.125974845,2.017682491,4.118247933,7.155216314,12.48028895,18.49651578,25.30566195,33.30221764,41.71017635,58.96699369,89.55062408,79.85360977,61.31772291,,436.1161528,436.2955674
India,0,0,0,2436.040063,6447.381256,9680.822851,19836.03613,31138.96179,45973.84529,70082.01792,102895.5723,139406.638,165206.6021,193566.3838,201701.6459,194844.5212,181801.2852,97842.65828,46062.84305,10200.59104,,1510240.425,1519123.846
Indonesia,0,0,0,469.2891527,865.629394,1461.191359,2613.142471,4715.414417,8507.676817,12891.78457,18155.5958,23783.1784,27942.98159,30001.86393,29680.88755,30398.0151,26431.53625,17761.99818,7518.469002,2145.304097,,244009.0395,245343.9581
Iran (Islamic Republic of),0,0,0,149.1619724,215.1589704,365.4378887,792.3661037,1214.5838,1715.155477,2776.078725,4402.90827,6087.929853,8550.265422,9420.80933,10248.2993,13200.19484,16408.16815,15738.76429,8572.629407,2940.870147,,102434.461,102798.7819
Iraq,0,0,0,66.12952742,108.9892462,141.5863933,276.0854675,453.9329321,889.6922362,2158.543935,3082.259026,3969.0007,5227.515675,6068.59154,6397.393269,6027.999621,5193.665872,3824.643922,2097.924063,863.9881836,,46672.82284,46847.94161
Ireland,0,0,0,0.194172858,0.483989821,1.371169196,4.412672963,13.25369707,31.83085357,67.54466747,115.7429473,181.9998582,269.6184163,394.3752667,597.1248634,749.6093792,982.1973093,1119.619293,824.8170779,455.4942295,,5809.0117,5809.689863
Israel,0,0,0,0.746937368,1.904898422,2.928081924,6.845290872,17.44287495,32.70911449,59.46359171,104.9311747,150.5834969,243.1485352,378.4668139,551.5017096,612.3478388,1006.259962,1321.092766,1050.87615,624.6992311,,6163.296632,6165.948468
Italy,0,0,0,5.588147657,12.83332165,27.610708,69.05079442,143.2313172,338.9398872,706.8740038,1279.790569,1916.996091,2717.450732,4056.368242,6438.237462,10179.12043,17414.17876,23743.70417,20906.52843,11202.21447,,101140.2961,101158.7175
Jamaica,0,0,0,0.562607972,1.473042462,3.120385335,7.635705502,12.53598546,22.85403277,45.01594637,72.15183042,111.3215834,145.9714133,174.4123214,226.168989,239.2591106,270.9129722,283.1967333,241.6580094,251.1102964,,2107.325315,2109.360965
Japan,0,0,0,11.73591897,33.69967922,59.10242317,135.351216,276.5645387,642.0310078,1300.767782,1854.323401,2486.873563,3804.516244,6527.895338,10452.35726,15484.29162,21643.28702,28909.35879,27711.69974,19254.39512,,140542.8151,140588.2507
Jordan,0,0,0,7.814955611,13.20728599,22.38018435,52.37999815,91.51989743,169.3762834,318.3354022,447.796703,536.1099174,602.7310848,728.3214015,803.2054314,884.0431756,699.5052634,438.9811487,208.1402678,87.10963532,,6089.935794,6110.958036
Kazakhstan,0,0,0,5.748333972,16.47754601,45.04426631,129.2666074,242.5710582,428.753685,748.441546,1237.23279,2075.671876,2809.769385,3586.131721,3337.382783,4815.880215,6888.630712,3700.167196,2464.384548,515.6123515,,33024.94074,33047.16662
Kenya,0,0,0,62.41257197,60.98957887,73.65259946,138.52583,230.6826392,363.2501182,586.7202925,787.5486176,1107.521682,1436.672088,1688.285097,1957.578816,1847.030882,1602.762367,1137.990701,475.3477853,159.6744572,,13593.24397,13716.64612
Kiribati,0,0,0,0.166271384,0.800275435,1.84723747,4.809686904,7.097717963,10.59537264,13.99970464,18.41288656,24.34047055,25.90429659,15.61657741,11.69336296,11.07216688,6.038091633,3.870986528,1.093383669,0.246804674,,156.6387471,157.6052939
Kuwait,0,0,0,3.059017838,8.24949512,19.76937711,60.01396682,93.39794484,147.9949816,207.2029673,271.7293943,266.2188151,262.7657588,190.278214,221.7482493,176.7957512,216.0811893,229.5408903,148.5368752,75.80765316,,2587.882028,2599.190541
Kyrgyzstan,0,0,0,2.779203712,7.075451427,18.1960387,49.28616773,76.99153371,132.9159848,226.7056755,372.5321357,692.7277727,984.71521,1247.354488,1000.55614,1455.11276,2141.84888,1731.369601,1077.930754,264.8395248,,11473.08267,11482.93732
Lao People's Democratic Republic,0,0,0,13.59656053,26.39897187,46.83050487,77.90511469,108.6315991,168.0520195,247.8666506,369.5745263,497.6546756,627.4535597,677.6013973,677.7494362,715.5002989,670.2427857,451.8625903,218.6137158,79.27203693,,5634.810912,5674.806444
Latvia,0,0,0,0.106740914,0.445682789,1.585287415,5.931288217,13.44950674,32.89579274,72.94756957,146.9679791,290.9111519,467.7680029,624.3989723,780.0482756,1313.948578,1837.003586,1773.19136,1260.591426,398.5598347,,9020.19861,9020.751033
Lebanon,0,0,0,13.27159381,25.41649569,44.10209581,81.5713894,112.888108,165.512105,288.0996785,421.9368643,653.6538828,852.3836604,1175.877108,1574.682849,1866.102438,2102.767647,1704.729708,890.0902341,278.3338608,,12212.73163,12251.41972
Lesotho,0,0,0,1.464460956,2.261221211,4.107746353,9.749301769,21.81038467,39.7170577,65.16995958,97.82793133,128.2342083,157.0102242,182.0552846,174.5747297,147.720596,127.6382943,74.878899,28.74887495,7.466670681,,1266.710163,1270.435845
Liberia,0,0,0,4.504060621,6.48865953,6.156994967,15.4756352,30.60860462,54.70305125,94.61653198,111.8991746,132.1315879,177.3354616,222.3552729,248.152803,245.1256034,239.1529764,174.8599295,94.02045633,30.6431856,,1877.237269,1888.229989
Libya,0,0,0,23.66364104,37.55868314,53.52811498,98.58222676,169.5554632,261.6352505,422.6116969,475.4669195,561.2366621,715.5918936,794.1741911,844.1642732,992.1101503,855.7296997,775.9111668,500.1721236,245.1128832,,7765.582716,7826.80504
Lithuania,0,0,0,0.265714801,0.993082162,3.973551807,10.98364579,23.90469853,52.10955711,125.9332223,223.4122774,433.8948595,648.3878294,861.1973121,1084.737563,1812.436335,2877.190342,3411.298677,2351.648264,715.4459843,,14636.55412,14637.81292
Luxembourg,0,0,0,0.049386987,0.159471104,0.303738259,0.761881088,1.598627942,3.07374822,6.493302491,11.23322829,17.21274671,23.34393711,33.47409651,47.80992281,70.70458928,103.6342265,132.7269736,104.2116855,59.76263198,,616.3453363,616.5541944
North Macedonia,0,0,0,1.210031423,2.938099819,5.267673945,10.68965465,25.46815044,47.75129238,97.43489073,156.2296418,269.690133,390.8158543,570.6312252,664.813703,929.7932465,980.9568379,755.2800079,225.3805516,21.44663821,,5151.649501,5155.797633
Madagascar,0,0,0,37.34043259,61.07223585,108.3924415,163.4112442,267.2789254,438.5927949,651.0057502,834.6127665,1127.304353,1329.39362,1270.677465,1240.320489,1100.957372,953.4585248,722.2712546,315.3123959,92.58471359,,10615.57411,10713.98678
Malawi,0,0,0,40.66097213,31.36402383,37.63185725,68.32918473,112.165308,166.9145409,256.9907268,313.2062983,409.7557179,579.0404622,740.1003876,829.4034037,707.2888874,560.1225183,374.2541428,176.4911557,66.96674241,,5398.661334,5470.68633
Malaysia,0,0,0,17.57381443,52.4538745,115.3434274,284.3452466,492.4944126,744.3473053,1156.661243,1824.928523,2822.039342,3785.700761,4708.311005,5417.507722,4565.370546,3936.750347,2319.653132,1435.621902,331.3671677,,33940.44208,34010.46977
Maldives,0,0,0,0.222538631,0.619662179,1.924885419,4.472605115,6.343759921,8.63831939,11.11444036,15.98619143,18.5549157,24.12109635,23.99033433,28.16110065,41.9726399,53.94064965,43.61988584,17.47369309,6.685944229,,307.0004614,307.8426622
Mali,0,0,0,23.54671279,29.64836654,26.9939338,63.48377612,83.72959678,119.7866796,209.8955903,331.5423155,408.4263405,669.0478413,954.2040098,1218.685753,1189.805131,1062.26218,713.3393538,373.72244,117.7324113,,7542.657353,7595.852432
Malta,0,0,0,0.078241678,0.205043388,0.455917169,0.930323802,2.031700836,3.698764939,6.540575036,10.62311295,21.8587817,40.09572897,65.26720059,111.0731127,121.7767984,170.9305987,171.3187319,117.1553276,75.92956731,,919.6862427,919.9695277
Marshall Islands,0,0,0,0.062547292,0.257542781,0.689694378,1.97283511,3.456540918,5.380628012,7.41269801,8.737458921,10.05992941,11.31227725,10.18694502,8.22234515,5.531357726,3.674099883,2.293453052,0.816594441,0.25311577,,79.99997305,80.32006313
Mauritania,0,0,0,2.5654239,3.879753711,3.207988117,8.515484804,14.21993983,24.66977134,44.3890346,73.5083425,96.96588335,158.2118287,214.243279,257.5742499,279.8033979,281.836686,222.594287,97.51824309,42.93812153,,1820.196538,1826.641715
Mauritius,0,0,0,0.659678479,1.461095793,4.424061832,7.626210736,17.02808403,29.87848136,47.31462912,82.10634685,121.8841857,161.295725,199.1941372,203.5247155,192.2987316,201.796057,192.3273009,128.7021789,71.91441153,,1661.315257,1663.436031
Mexico,0,0,0,116.3179013,276.3508823,435.0723933,699.8945202,1060.932746,1748.039991,2764.604653,4203.691766,5823.452524,7692.923827,9265.759672,11172.58839,13231.27208,15228.54184,15142.80319,11319.01623,6129.798064,,105918.3919,106311.0607
Republic of Moldova,0,0,0,0.867590367,2.797377091,9.521741776,24.67045542,52.43568354,103.0846264,174.6548072,279.4342851,598.453533,1074.191423,1693.092945,1399.938702,2278.759895,3110.42502,2319.501686,1534.606859,710.1489006,,15362.92056,15366.58553
Mongolia,0,0,0,3.065042191,10.97850008,24.94208055,62.9140574,99.73531172,167.0375334,265.9830372,387.0373497,473.1178255,519.0780946,495.9682023,514.6992739,575.7797972,644.8740954,526.3644522,122.5509727,11.40523356,,4891.487317,4905.530859
Montenegro,0,0,0,0.086737662,0.426509759,0.818356542,1.912559829,4.920107293,8.986147802,19.35832712,38.99676478,73.45751087,123.2495791,181.1575039,182.353508,227.1966614,290.6879773,213.3615435,93.86811835,27.39868137,,1487.723347,1488.236595
Morocco,0,0,0,80.2802922,101.8952238,157.6389796,321.7780787,580.7356954,1133.398674,2199.481564,3658.157179,5989.450298,8446.517632,9308.821309,9127.811667,9821.601431,9444.052215,6676.402783,3672.041167,1291.459999,,71829.34867,72011.52419
Mozambique,0,0,0,51.033487,47.83299317,58.66716493,73.5760453,163.2368046,220.2241412,440.9755463,557.6222402,834.5883634,1099.660401,1286.307953,1283.502722,1023.407885,844.6867873,595.9565995,266.4859586,88.60701514,,8837.505626,8936.372107
Myanmar,0,0,0,88.63240104,190.7457581,324.7263506,301.5780724,459.890744,809.0182216,1360.057914,2371.446204,3344.044057,4380.90114,4941.21421,5060.75776,4979.88079,5148.110181,4002.67956,2113.121717,706.397911,,40303.82483,40583.20299
Namibia,0,0,0,1.214953032,1.618912495,2.507690608,5.593761205,12.35053726,25.39395227,48.67667242,73.39562915,98.55139989,126.7943211,159.112943,183.0763832,208.7135639,203.2163535,137.8911012,62.50642338,23.15758923,,1370.938321,1373.772187
Nepal,0,0,0,47.26066397,105.2087445,112.0526608,188.0876903,282.455439,540.4578145,916.9365819,1419.333227,2028.850797,2638.530444,3279.419766,3462.901348,3384.815217,2722.572308,1665.075996,707.9225741,240.7025518,,23590.11441,23742.58382
Netherlands,0,0,0,0.769060571,2.031650068,5.252046444,13.92453011,31.40514213,70.32807963,168.1676667,306.7721171,481.0555232,719.4212811,1134.630985,1826.749672,2225.683877,3030.748981,3519.614502,2662.886712,1442.693051,,17639.33417,17642.13488
New Zealand,0,0,0,0.254591085,0.746474183,2.333674727,6.045888088,14.02420996,33.55295143,72.73979861,122.2549491,200.5029173,267.9296586,381.8836813,566.9041362,761.1305908,1027.581345,1274.954296,1087.514804,671.5773994,,6490.930301,6491.931366
Nicaragua,0,0,0,8.794902167,12.89871956,13.68730106,20.23501637,31.98459729,54.55287274,96.3508392,149.5160197,241.3597909,360.3167069,485.0537379,669.5573136,801.1937882,904.7560425,715.1810807,373.7416143,151.8845433,,5069.371265,5091.064887
Niger,0,0,0,23.21155314,25.33180709,24.81782874,54.68565714,87.99177058,135.179016,218.0120556,384.5026856,529.9995809,787.6930895,961.018523,1095.363462,1059.202736,720.2591431,382.2001192,205.5341641,61.25968507,,6707.719516,6756.262877
Nigeria,0,0,0,167.8371258,221.8135643,211.7849575,519.202761,883.5816626,1409.099444,2488.735233,3839.981282,4491.82694,6119.55275,7872.761884,8827.50894,11567.01525,9760.024903,6469.40269,3389.21729,1342.150741,,69191.84673,69581.49742
Democratic People's Republic of Korea,0,0,0,48.70404543,111.3640295,171.9235731,258.9086918,397.5681904,622.2596693,1241.890154,2000.423851,2485.705256,3239.48822,3334.342284,4411.639766,5485.01519,5761.442441,3791.99955,1821.047688,614.4990765,,35638.1536,35798.22168
Northern Mariana Islands,0,0,0,0.019414727,0.065513375,0.112578192,0.208293985,0.435376174,1.347718979,4.065980637,6.677083683,10.78396076,10.19425832,10.08519098,5.055449062,6.018578339,3.75186023,3.561925292,1.376249236,0.691105122,,64.36560899,64.4505371
Norway,0,0,0,0.184963869,0.524928983,1.212204437,3.444082264,9.738719098,21.96466994,50.58885889,93.98832583,141.8196736,224.0441414,339.6791722,565.9199471,660.6229457,956.3634726,1186.207764,1203.639929,810.7370251,,6269.97093,6270.680823
Oman,0,0,0,6.344004267,13.54274947,22.74199469,57.32659881,73.75311964,92.71835544,137.3276301,195.707915,284.0599861,344.0359713,444.48039,550.7348314,511.2300547,371.4201429,167.1748436,116.1800464,22.86707679,,3391.758957,3411.645711
Pakistan,0,0,0,751.5887247,1755.614272,2317.988106,3978.865744,6054.56216,9451.78816,12139.28438,15716.52448,18896.55542,20985.40262,21391.22427,21157.66634,19315.14972,15483.14962,8629.054218,3983.90641,1401.109611,,180902.2313,183409.4343
Palestine,0,0,0,4.776095692,8.528596911,18.5271797,27.60473714,41.30000981,72.08514171,133.8889668,232.1686588,352.8052672,425.5703651,465.3492343,511.1877691,537.2198165,426.993484,340.4638608,157.6182912,53.7373166,,3796.520099,3809.824791
Panama,0,0,0,1.038601508,2.715983789,3.964502128,9.745013404,14.40555586,26.1204818,47.37483553,83.8285542,123.9162833,165.515279,216.2579715,272.8005789,303.021768,346.2754355,337.0336994,284.1563132,272.7859234,,2507.202195,2510.956781
Papua New Guinea,0,0,0,8.804641699,24.1066178,54.28470722,127.7195761,227.8189304,413.498797,625.8765437,798.8762233,911.4716864,973.4445198,795.7563224,783.3573091,564.5299761,383.5770799,240.3421885,108.5648372,41.76557034,,7050.884268,7083.795527
Paraguay,0,0,0,4.392807065,8.594737173,12.90054508,29.29383713,43.37175092,88.41127587,138.0998676,226.3120985,341.4270986,441.2277206,535.7608153,551.9956764,598.6228076,580.7208589,495.7023619,350.2069555,305.7087369,,4739.762407,4752.749951
Peru,0,0,0,33.81362062,60.44664207,78.46582796,110.4007801,142.2504195,208.5669505,305.7279676,441.7879608,605.7388011,856.1069815,1148.41415,1456.043487,1890.599785,2318.395102,2658.685265,2169.978278,1562.18651,,15953.34827,16047.60853
Philippines,0,0,0,240.7737299,622.3843113,1119.564812,1698.917402,2445.637592,3441.335354,4978.298747,6635.767167,8565.035964,10380.82813,11463.76851,10994.14218,10435.52618,10640.49687,7674.797067,4607.681582,1467.181443,,96548.97901,97412.13705
Poland,0,0,0,2.238266867,6.86421478,17.67073956,67.4842005,188.99304,446.9111089,951.4343366,1612.849635,2954.772749,5545.748834,7666.193794,8842.290944,10024.45864,17042.75402,21002.04788,14722.9602,6092.684107,,97179.25422,97188.35671
Portugal,0,0,0,0.502221491,1.579722113,3.489243536,9.896362535,29.81330029,79.73436282,143.2167613,228.5184888,341.7586851,471.8324302,667.0255033,993.8930991,1428.716614,2322.657523,2945.704166,2230.35208,1091.262408,,12987.87103,12989.95297
Puerto Rico,0,0,0,0.445679246,1.588037966,2.864871253,6.019949746,13.52224922,31.21019177,60.01000746,115.0532215,192.061706,276.717695,389.2206306,551.6886529,624.959512,739.1630291,734.9620288,563.3886871,548.3521762,,4849.194609,4851.228326
Qatar,0,0,0,0.6951558,3.11446099,6.110753973,15.006246,23.75549354,34.34771261,65.27475748,75.82775292,104.8378206,109.6703686,108.3138455,105.747794,83.97785343,63.89820862,22.93208056,5.650713302,0.847119045,,826.1985202,830.008137
Romania,0,0,0,3.181494695,13.27991578,31.7428378,82.36689788,169.8630771,436.8766088,852.9243921,1519.230919,1963.388716,3764.773549,5415.202812,6543.012845,9083.401873,14658.83193,14174.04518,8366.754732,2727.562415,,69789.97879,69806.4402
Russian Federation,0,0,0,40.06934082,145.9339262,481.2481219,1551.011827,3060.814521,5215.524625,8968.492012,14789.90071,28906.97462,47910.05884,58234.14763,61147.93505,65721.31164,110449.0167,79657.07594,59581.40284,16748.09916,,562423.0142,562609.0175
Rwanda,0,0,0,14.86058529,15.34901533,16.10139888,34.24249029,55.70744227,78.30742566,117.3475581,177.0907929,285.8559665,423.6008432,511.5493422,520.8787902,506.3570578,495.4400772,337.6902422,140.8383516,38.61670927,,3739.624488,3769.834089
Saint Lucia,0,0,0,0.026976146,0.071551697,0.163299781,0.346560467,0.680669242,1.586336883,3.210296809,5.674041153,7.689135655,10.93701061,11.96850885,16.18902167,15.97183484,19.35250037,18.72393873,14.9866748,6.162507307,,133.6423372,133.740865
Saint Vincent and the Grenadines,0,0,0,0.052805552,0.104981396,0.218744528,0.422280859,0.837750792,1.730414101,3.855503783,5.890455883,8.666745075,11.63090812,14.31920993,18.56766299,22.96577351,28.21291506,25.05516165,12.68106368,4.249158093,,159.3037481,159.461535
Samoa,0,0,0,0.231687417,0.762221309,1.267352013,3.185152063,4.896296201,8.92339765,15.65203259,21.21060759,28.83397935,33.49263746,28.98432659,28.65034957,31.87842597,32.71581289,27.0796382,13.29778025,4.907595663,,284.9753841,285.9692928
Sao Tome and Principe,0,0,0,0.225062401,0.325610487,0.243686072,0.657394834,1.290950204,2.285362879,4.563761219,6.413561691,8.406844818,11.09371648,13.63820329,14.98011116,16.96751621,18.89698579,14.78042838,7.66743741,2.337700232,,124.2236607,124.7743336
Saudi Arabia,0,0,0,29.94352677,80.95488696,171.8239981,490.7457176,987.9397001,1926.468764,2945.036494,3374.072928,3818.096344,3806.538532,3472.925435,2811.972311,2011.668367,1498.163148,1178.078549,816.739354,267.8966443,,29578.16629,29689.0647
Senegal,0,0,0,14.85312159,20.03647085,18.17855962,44.50876595,74.33878985,122.1204249,204.0284208,334.6898342,450.3433653,671.432544,859.462542,1043.01923,1064.119226,1022.858531,707.2563672,362.1517395,117.5465466,,7096.054888,7130.94448
Serbia,0,0,0,1.339285131,3.384225856,8.448083608,21.7910754,56.36053693,120.1720553,254.7596589,477.6476353,812.9732619,1506.43701,2714.719312,2736.392267,4255.772424,7517.403886,5630.537528,1858.59009,388.6531029,,28360.65793,28365.38144
Seychelles,0,0,0,0.049746497,0.154279005,0.326290434,0.743846259,1.267273873,2.769926376,4.33940169,6.289482707,9.348987894,11.50724889,11.01719486,10.66140599,14.33082853,13.65031844,11.55783926,6.80431532,2.852507344,,107.4668679,107.6708934
Sierra Leone,0,0,0,11.19430897,14.70216695,15.01837256,37.04915086,56.88104943,92.76928045,144.1952556,221.0571332,263.755524,379.9298669,479.6680049,559.3653702,610.1433338,528.9342538,305.4102722,151.262665,48.91838335,,3894.357916,3920.254392
Singapore,0,0,0,0.210473728,0.787128973,3.726193523,9.257777075,26.93318894,48.1042091,91.30958012,147.1867287,238.3000684,337.4221645,418.9921756,461.2329371,496.4056938,553.3077677,441.2314647,328.482892,230.3865846,,3832.279426,3833.277029
Slovakia,0,0,0,0.552269559,1.774746313,4.245868142,12.74025285,36.45974499,90.8420906,172.1516759,291.7398857,551.9308052,1008.090278,1519.738219,1873.045646,2453.716377,3229.756023,3470.369888,2097.83071,962.406291,,17775.06376,17777.39077
Slovenia,0,0,0,0.040972781,0.171252192,0.347104174,1.341297426,4.689172534,11.40963646,23.13513946,48.64231508,81.81676137,140.6442656,198.8927191,230.9829267,349.6864736,534.2889477,624.3505419,480.266711,249.0671772,,2979.561189,2979.773414
Solomon Islands,0,0,0,2.515857217,7.720089831,16.67630897,33.47298053,55.48816167,97.6594229,139.2914904,153.2472887,163.1961663,156.8812925,136.3030782,111.6964046,84.72408728,53.33531742,23.44013551,5.806790753,1.234542942,,1232.453469,1242.689416
Somalia,0,0,0,42.77931697,40.32682838,54.37495915,87.15699231,168.7065314,337.3053437,449.1853004,425.1664937,603.1288783,881.4160283,1000.756449,877.1354316,650.0761021,444.6820086,236.5595658,74.73701659,16.534427,,6306.921528,6390.027674
South Africa,0,0,0,8.219062662,34.17659558,98.79559059,260.6318501,399.4954679,593.7583121,878.9137819,1457.724761,2168.363579,3159.950114,3607.2196,3413.006482,3440.295937,4448.246864,3834.836876,2046.637441,619.8443069,,30427.72096,30470.11662
Republic of Korea,0,0,0,4.724541032,10.14556009,22.66403903,46.60895281,118.223559,218.4867472,437.3587049,677.164858,1004.690258,1419.011804,1636.55405,2390.484577,3868.33521,5227.951049,5452.602491,3801.130615,1944.561417,,28265.82833,28280.69843
South Sudan,0,0,0,11.47442149,8.80921886,9.249717637,18.64379295,35.61157209,61.10653678,103.2488183,149.7472569,201.7978158,261.6194846,287.8134287,352.9069589,339.8053922,301.2236805,197.214963,106.993291,44.08901278,,2471.071722,2491.355362
Spain,0,0,0,4.563903751,10.28298402,21.96624925,57.01789479,138.1424104,332.8398675,647.4986561,1051.141257,1461.741442,1899.337033,2456.098868,3668.251985,5019.483308,8348.138795,12316.84294,10320.46649,5878.20484,,53617.17204,53632.01893
Sri Lanka,0,0,0,18.7465174,38.74001531,57.41617671,102.429784,204.9996677,345.8926153,579.9703393,994.7558455,1412.30269,2059.18283,2999.411938,3888.196659,3443.215347,3362.865845,2601.713898,1353.425251,505.474156,,23911.25304,23968.73957
Sudan,0,0,0,161.9959537,223.7726112,324.3984316,556.0754383,801.2243439,1249.64278,1992.870367,2801.617485,3319.795205,4198.960125,4797.418421,5526.277636,5744.099145,5224.107866,3499.675761,1843.968538,921.4557643,,42801.58731,43187.35587
Suriname,0,0,0,0.373469945,0.641683521,1.284690873,2.783240224,6.184372455,10.72737995,21.39758171,42.54810465,56.25196186,66.1240563,69.17123675,68.76976309,76.61211111,75.53357379,54.73949197,32.22588526,22.1800172,,606.5334672,607.5486207
Eswatini,0,0,0,0.905011123,1.364241733,2.155073094,4.885762664,9.84000659,18.16095621,30.97497165,41.43345759,49.08598125,61.03314333,73.17187632,76.74624493,75.20805954,59.70075581,30.3582658,10.92843356,2.866170022,,546.5491584,548.8184112
Sweden,0,0,0,0.352380637,0.993992134,2.969382929,6.236621899,13.26943188,35.29562283,89.25629798,194.7860471,334.4404728,567.3109083,911.5387324,1519.589711,2231.969794,3271.197636,3805.078599,3500.234788,2490.088191,,18973.26224,18974.60861
Switzerland,0,0,0,0.341185337,1.009340827,2.470737944,6.231787525,14.55668378,35.68894449,73.3173198,144.9792374,235.7982934,339.2635249,465.7566762,732.9407172,1182.635636,1859.30439,2765.569718,2595.517373,1915.9029,,12369.93394,12371.28447
Syrian Arab Republic,0,0,0,148.6620862,136.8871707,88.81940555,174.5474831,382.3871091,659.7018013,1309.351584,2152.179644,2920.117015,3757.052036,4256.662958,4044.504549,4364.138446,4293.150235,3755.577202,915.1447529,182.6615276,,33255.99575,33541.545
Taiwan (Province of China),0,0,0,2.956347265,6.826772021,17.30194788,42.90865542,117.9464223,209.9144134,323.5567705,515.2906433,764.2210417,1103.491552,1406.665041,1479.173347,1941.486978,2572.706221,2680.913139,2250.219641,1236.721701,,16662.51751,16672.30063
Tajikistan,0,0,0,4.838655834,16.96751841,41.27241222,106.4746728,154.8013818,229.915533,401.2354984,688.0772505,1224.205945,1699.824426,1895.809515,1637.957837,1832.439754,2046.426426,968.1572182,422.6614099,141.8559354,,13491.11522,13512.92139
United Republic of Tanzania,0,0,0,89.88667257,77.0865626,92.7792673,148.0702795,235.9620354,370.4748047,590.6989966,885.1249067,1230.710414,1663.603901,2211.792385,2606.728274,2789.477779,2653.433077,1874.967434,844.6801759,286.6952497,,18485.19898,18652.17221
Thailand,0,0,0,31.0510055,81.97504945,179.8118811,357.7354011,610.4507176,950.7568632,1473.609133,2158.341998,2858.942331,3913.917897,4533.429413,5361.969415,6254.142511,7535.359437,6572.322196,5129.29024,3592.360789,,51482.44022,51595.46628
Bahamas,0,0,0,0.131590505,0.385959427,0.896584058,1.906008704,3.967760503,7.887093936,13.9438583,22.39782719,29.73900828,36.39083054,37.32004266,35.01250776,36.68987454,38.0115134,30.01608834,19.04228196,12.53461743,,325.7558976,326.2734475
Gambia,0,0,0,2.543429815,3.664166,3.220527494,7.812332881,14.45666828,24.50607402,39.41300508,61.35548893,76.60002625,112.2311288,142.2314458,164.1163264,194.5668088,185.8230073,117.1449531,43.60358524,12.37835692,,1199.459735,1205.667331
Timor-Leste,0,0,0,2.770775804,4.226939047,5.142707462,7.031876671,9.329589809,17.48731705,31.67781544,45.88653479,60.86097453,107.5118735,159.067246,167.187367,144.6852477,120.3751074,92.46454753,35.1543123,9.984802608,,1013.84732,1020.845035
Togo,0,0,0,8.713181335,12.71423339,13.15721911,34.72795766,60.69540716,108.4040231,179.5484882,268.5883296,319.6132046,406.7901745,522.5058091,529.0520791,509.8145161,377.4767059,226.8275952,97.38700542,33.19741679,,3687.785932,3709.213346
Tonga,0,0,0,0.059202651,0.193731635,0.305103088,0.752112869,1.353791753,2.542790267,4.217934776,6.137716091,7.908766531,9.248229677,9.782984757,11.26950102,12.43339819,12.78606671,11.31512653,6.324129059,3.697154096,,100.0748054,100.3277397
Trinidad and Tobago,0,0,0,0.335432026,0.845724305,2.62084444,7.106898658,15.58084786,27.21173188,50.96236842,93.04192518,159.6969882,222.8119473,265.2465525,293.2558474,276.5035222,263.5308916,215.700901,137.1766911,111.6620788,,2142.110037,2143.291193
Tunisia,0,0,0,11.42747674,20.44834182,39.88552053,93.26547112,159.3043127,280.2459246,455.817653,727.2575288,1246.002432,1798.457178,2285.437956,2670.073561,3037.2596,3610.959489,2921.852899,1483.529676,615.804194,,21425.1534,21457.02921
Turkey,0,0,0,50.37957681,69.0144492,119.3419675,287.3326893,599.6880562,1300.536013,2237.686209,3811.703371,5509.436301,7662.958155,9413.275767,12702.04084,12714.15745,15028.43083,14691.47013,8736.668206,4112.25695,,98926.98293,99046.37695
Turkmenistan,0,0,0,7.914944028,18.33737402,30.91210018,76.00346792,122.8621517,215.284514,364.0627749,583.2518543,954.7886945,1314.595637,1305.815853,1195.433764,1397.456729,1673.674626,1064.51889,689.3044687,291.0674999,,11279.03303,11305.28534
Uganda,0,0,0,66.13741644,62.58022249,69.60366048,110.9463112,160.1945929,243.249383,382.5807951,521.1850024,719.2628927,909.9836741,1089.842061,1352.752303,1363.701921,1253.366232,797.2946668,356.4192853,131.1830173,,9461.565797,9590.283436
Ukraine,0,0,0,33.54410375,117.8454815,332.7438914,857.8438153,1523.13821,2487.874466,4099.871473,6678.012372,13250.65785,24192.72756,33326.13163,37174.74385,50378.40034,70827.88439,45152.44165,28255.1272,7184.560558,,325722.1592,325873.5488
United Arab Emirates,0,0,0,4.634405683,7.514204794,15.60996099,135.029822,259.8508087,590.7115468,760.4917456,833.5326553,657.7619756,599.5881335,466.7017546,224.3963449,148.7465071,101.9452753,52.03296385,18.21395987,3.364067426,,4867.977521,4880.126132
United Kingdom,0,0,0,3.013516607,11.95282511,53.52875895,141.7621355,281.7878922,511.5432681,1010.319659,2000.229924,3098.702143,4328.040135,6069.766127,9886.312291,11924.59383,15960.36342,17318.38272,14042.30349,6755.172528,,93382.80831,93397.77466
United States of America,0,0,0,67.66763619,175.1524837,390.4486086,910.1707226,1906.607262,3864.514211,7720.938872,14750.69462,25606.46472,37191.72867,45178.20262,56226.22043,62893.84512,74555.88756,84410.30801,79666.31399,62133.62251,,557405.9679,557648.788
Uruguay,0,0,0,0.502231469,1.343628369,1.859071125,4.44679846,10.17508073,25.27580564,49.97156222,92.63356829,165.9196469,255.7728607,327.7797288,436.8286745,534.9832812,671.377432,717.485211,508.8595426,285.7105238,,4089.078788,4090.924648
Uzbekistan,0,0,0,59.30082397,219.366331,377.1458402,689.8626384,928.299117,1470.325576,2482.239987,4244.579937,7164.114988,10757.0397,10614.44248,9507.479425,13167.94147,10052.26471,3075.779022,623.2462889,67.21948931,,75221.98065,75500.64781
Vanuatu,0,0,0,0.464466711,1.635174847,3.635106746,8.765448454,13.97024552,22.55468348,32.20469081,38.20432138,46.47790557,58.81274136,55.46971658,56.03679286,55.69379104,38.13280494,21.00775797,5.717600707,1.352514074,,458.0361215,460.1357631
Venezuela (Bolivarian Republic of),0,0,0,24.81257892,49.10791302,79.28828852,159.6513273,312.363416,619.743046,1093.77069,1807.395157,2673.928305,3589.290157,4298.642158,4582.340546,4546.979832,4502.828212,3162.871942,2682.266157,2009.168501,,36120.52774,36194.44823
Viet Nam,0,0,0,37.29685488,82.53522655,157.6816536,318.1224117,619.586145,1136.62368,2078.534921,3536.320486,5463.956877,7291.967746,7957.609304,8054.00661,9052.994011,11274.69173,10102.08489,5218.834024,2257.21412,,74520.22861,74640.06069
United States Virgin Islands,0,0,0,0.028855049,0.064336852,0.101334049,0.252886393,0.665002665,1.745163312,4.38986202,9.544593701,16.77676467,25.98766654,36.53012871,54.02316696,51.85342216,41.26505723,27.94703925,16.67453708,7.985576065,,295.7422008,295.8353927
Yemen,0,0,0,74.0521438,97.15547225,202.395517,430.3831724,732.9390728,1217.105913,1677.964846,2191.213718,2777.915889,3697.783368,4177.557606,4396.823326,4065.730399,3268.58949,2064.092749,910.4510038,322.5968912,,32133.54296,32304.75058
Zambia,0,0,0,35.90747245,35.39631365,43.64188087,74.3270222,119.2390213,188.8126953,279.2605898,336.9824936,431.6810133,513.3059338,545.5999892,634.5393003,611.6130581,508.5267704,327.095248,115.7434829,31.37889861,,4761.747398,4833.051184
Zimbabwe,0,0,0,15.94373273,16.34388196,19.35303807,37.07769338,84.34569489,175.5604633,322.6534438,571.9994838,820.5329852,1113.635174,1327.633338,1306.860768,1127.871111,930.1329885,560.5128667,268.5870424,79.97521219,,8746.731303,8779.018917
Cook Islands,0,0,0,0.004993677,0.025241297,0.046964035,0.139469567,0.2429611,0.507818749,0.897414895,1.346551582,2.330555421,2.183532168,2.881362207,2.044204999,3.732130674,2.839931176,2.986604469,1.401312282,0.70251273,,24.28332605,24.31356103
Monaco,0,0,0,0.003262184,0.009813942,0.02045985,0.050952483,0.112588476,0.263013299,0.543929342,1.130747639,1.751703408,2.500619261,3.442724208,6.744628193,9.107791234,12.74623589,15.71829634,14.74123883,10.79749197,,79.67242042,79.68549654
Nauru,0,0,0,0.029863185,0.104385694,0.201113964,0.501075344,0.781776011,1.207768942,1.628977021,1.783173655,1.947092884,1.822729452,1.013638843,0.732559346,0.548164426,0.337610719,0.212081433,0.095270007,0.028902098,,12.84193415,12.97618303
Niue,0,0,0,0.001909419,0.005317586,0.008779851,0.019812072,0.037770356,0.078856567,0.147425301,0.260967009,0.410106121,0.499801861,0.441144723,0.484934422,0.560306114,0.584525866,0.525021053,0.257182424,0.096835773,,4.413469511,4.420696517
Palau,0,0,0,0.013836368,0.0637721,0.1392287,0.428154805,0.909910553,1.775810107,3.336990793,4.478675598,5.320401468,5.914193298,4.772654663,4.799404564,3.410960356,2.322065922,2.065343169,0.824253852,0.244742347,,40.74279019,40.82039866
Saint Kitts and Nevis,0,0,0,0.018236131,0.035251526,0.051836986,0.1038149,0.231359457,0.570673497,1.466372456,3.068613812,4.625025657,7.25991734,7.83220286,6.740544583,6.755274958,6.665964792,5.214462854,3.001696799,1.543422801,,55.13118375,55.18467141
San Marino,0,0,0,0.001587583,0.006316239,0.015038416,0.037573528,0.083613422,0.164482458,0.324520584,0.537363141,0.762291277,1.116196712,1.683947024,2.722512944,4.105783838,6.295645306,7.787859604,6.709786393,4.680958124,,37.02757277,37.03547659
Tokelau,0,0,0,0.000955703,0.003814529,0.006968918,0.019999701,0.029307194,0.058165558,0.099891735,0.125380417,0.199748237,0.191025496,0.373857719,0.220522235,0.241039773,0.319917505,0.166338792,0.174923881,0.0767346,,2.303821761,2.308591994
Tuvalu,0,0,0,0.013500454,0.059583148,0.124361719,0.319675289,0.504242597,0.831383627,1.257753041,1.717293938,2.222224687,2.808507045,2.802067438,2.789121127,2.596722634,2.083560478,1.589603597,0.723998801,0.225360737,,22.59587675,22.66896036