Location,25 to 29,30 to 34,35 to 39,40 to 44,45 to 49,50 to 54,55 to 59,60 to 64,65 to 69,70 to 74,75 to 79,80 to 84,85 to 89,90 to 94,95 plus,,under 25,over 25
GLOBAL,1887.01226,4513.150017,7374.311184,15156.30686,36088.58619,63369.45348,90383.2239,130652.653,150533.2725,157083.6406,166138.9247,149450.2174,96757.35825,44863.94,16116.07167,,2216.111877,1130368.122
Afghanistan,9.448048494,14.75135929,25.33962481,62.79754742,192.7788899,230.1476904,186.0192534,235.044191,311.1229033,317.8750491,252.4631141,178.3354971,78.09205991,27.29951355,5.838023909,,15.16598108,2127.352766
Albania,0.080324628,0.17410764,0.135248642,0.184813535,0.96963725,1.718609693,3.510256669,7.4815028,11.35739694,16.82696388,21.28619945,18.56172674,8.065848643,3.717809909,1.391592789,,0.080753257,95.4620392
Algeria,3.919994888,11.45895569,19.03813631,38.25235825,93.98185639,173.6458161,236.0390767,361.7746916,395.7693959,351.1294484,466.269384,450.9530849,414.1404326,71.80328822,9.059508236,,4.033543625,3097.235428
American Samoa,0.043192939,0.106739414,0.262234642,0.678621534,1.456867783,2.868058085,3.855623651,4.230203577,4.387047405,4.182172746,3.834837818,3.047934718,2.034375404,0.807932117,0.244416108,,0.042590594,32.04025794
Andorra,0.000565889,0.002773795,0.005551429,0.010297024,0.065735234,0.11763572,0.183608564,0.274542614,0.391148775,0.549061181,0.660085716,0.929296381,1.056517255,0.80249812,0.430580712,,0.000423294,5.479898409
Angola,6.806907066,17.40784435,30.87121392,52.80535084,121.5192836,234.9234509,289.3905237,365.2061794,313.9041242,317.8394929,275.7464626,174.8875324,84.09906317,35.46077969,6.703346365,,11.13647619,2327.571555
Antigua and Barbuda,0.038640736,0.092152386,0.166508452,0.296807913,0.955531305,1.959008924,3.044912201,4.393252318,4.998121801,5.850556922,5.994774706,6.225946293,3.648663668,1.898715185,0.752760328,,0.046718856,40.31635314
Argentina,5.725774972,16.00867876,28.63891288,49.3464453,157.4644575,275.6380534,509.28035,853.4667322,1168.722157,1308.875314,1361.049334,1195.256888,914.3169774,437.6881799,181.5890715,,6.030865884,8463.067327
Armenia,0.32888687,1.026502803,1.574163027,3.230719544,13.38148779,31.97991709,82.60528317,134.351553,163.2134888,127.6659399,202.2924428,138.4588931,43.98450415,19.09239564,3.343175146,,0.315001444,966.529353
Australia,0.675465462,3.920810893,5.528284983,11.64641745,39.08301732,62.37052227,98.27915927,145.9592233,222.3259862,318.2089143,413.7521215,551.922763,612.8140304,425.2865038,171.7617066,,0.476269717,3083.534927
Austria,0.237294104,0.940794349,1.436895468,2.628031255,12.74977585,26.6621031,47.93416205,81.76674372,135.1967776,186.8677052,300.9533044,343.7474022,373.3315293,253.6468349,95.25828147,,0.1899293,1863.357635
Azerbaijan,1.722455515,3.345088158,4.514257855,9.364906462,47.15708681,107.8048758,213.2462157,261.1739976,245.5177328,126.9553943,195.3949229,107.4203148,31.67888868,6.701932005,0.823637884,,2.574783775,1362.821707
Bahamas,0.251565493,0.664003613,0.928915026,1.631504251,4.352525392,7.54529654,8.506527302,11.33137047,13.11550529,12.75387265,14.22883593,11.68598007,6.156550262,3.529973662,1.756242815,,0.268468369,98.43866877
Bahrain,1.028298508,1.64581752,3.646631546,7.789074925,17.92918711,27.44922963,49.69253956,64.25916194,64.29366507,66.14771914,74.39826987,51.96958567,27.11242573,4.84130414,0.435532913,,0.842062471,462.6384433
Bangladesh,33.13908683,70.92557053,104.925271,285.9504746,754.5676737,1078.274093,894.3114202,1408.956418,1958.846656,1753.937359,2292.024881,3986.690133,3085.809214,1027.066482,267.8683731,,53.12184647,19003.29311
Barbados,0.159493787,0.434357597,0.772809948,1.291489975,3.773817934,7.037647237,11.3045306,17.00786926,22.37660984,29.22247275,32.82082944,35.90419238,31.1026233,17.28583484,4.842009807,,0.211513946,215.3365887
Belarus,0.293642138,1.007992719,1.448381129,1.397357238,6.305616636,10.67398282,21.1629434,30.62449593,35.43338631,23.83998498,36.97865007,39.27940184,34.26966698,18.7263965,3.89255861,,0.106365883,265.3344573
Belgium,0.146796502,0.565160676,1.069490001,2.011294161,10.3913755,19.32403664,36.34778358,59.26679377,89.21272837,120.3646905,152.5391658,240.5811657,277.6723534,194.3315102,79.94380995,,0.118309893,1283.768155
Belize,0.447444401,1.131320515,1.217437908,2.016202738,5.125702334,8.816441094,12.49075646,12.8645263,14.01052353,13.79167692,12.87827754,10.56944066,6.66341036,3.057452514,1.372641323,,0.501485679,106.4532546
Benin,4.387320348,5.75325131,6.387358792,17.51977773,39.28190575,61.44925265,69.32801062,100.6029069,137.3623824,120.0480429,145.2201172,112.730719,53.4344875,26.02131672,8.158746106,,8.604613255,907.685596
Bermuda,0.004679617,0.015195251,0.030911212,0.068907315,0.253815588,0.561283577,0.922536508,1.351760464,1.717662952,2.150736572,2.739079772,3.011365236,2.122045071,1.315281834,0.644416709,,0.005548796,16.90967768
Bhutan,0.112254901,0.261054561,0.342226733,0.852710106,2.11058936,3.674013064,5.329241141,8.809199319,10.91346919,13.55040577,16.48652824,14.32655169,9.266391911,3.644318955,1.120776301,,0.145216546,90.79973123
Bolivia (Plurinational State of),2.525037955,5.258453402,10.28152826,24.3300729,58.46392438,112.2326356,191.7786787,279.4945894,352.2505837,421.9221223,408.887987,278.453584,137.9668545,44.32060199,10.46765157,,3.111489508,2338.634306
Bosnia and Herzegovina,0.762650383,1.605278364,2.070531491,4.136733333,13.22239193,29.77178351,68.74430138,135.4943783,200.3392597,254.2835743,374.8051082,325.1819083,138.289607,33.55774335,7.945594351,,0.790017144,1590.210844
Botswana,1.069333132,1.851320101,3.863872287,9.409982777,19.33612921,36.13030434,60.4770427,107.9427745,113.3235778,106.4519484,92.50500659,56.7657526,26.59733031,8.407677203,1.992045319,,2.121312488,646.1240973
Brazil,80.42498986,207.2732885,374.4153191,658.5300842,1429.046688,2559.725916,3978.564309,5699.860995,6941.6254,7689.550106,7969.895829,6680.731278,4915.461251,2316.679838,1123.470969,,92.07479826,52625.25626
Brunei Darussalam,0.305716249,0.835789148,1.390085225,2.761959089,6.434700589,8.282309728,12.96051585,16.0214373,18.80782665,17.54838144,17.06278615,11.98701021,5.081987352,1.109939104,0.16494544,,0.281487686,120.7553895
Bulgaria,0.717087571,1.900542424,2.364459529,3.612394464,22.97561076,41.10490964,75.51060003,148.5127786,228.1425859,287.8806402,328.2705724,273.6834273,139.4847319,48.22118339,6.917733218,,0.412911553,1609.299257
Burkina Faso,8.246978505,14.45530784,15.27197609,43.75263127,96.40148516,156.7364037,183.6077658,215.4382458,246.1578495,199.1960652,229.1733482,195.8803322,102.5207976,48.88874687,13.20905058,,13.53379059,1768.936984
Burundi,2.269516421,5.702543985,10.13063033,16.27017605,36.92439351,69.90927643,95.60854799,132.1047423,111.1476692,120.1353601,100.5257313,80.7895774,40.58273733,16.05742972,3.322906853,,4.5812405,841.481239
Cabo Verde,0.151286474,0.300042785,0.234461216,0.825017472,2.484002412,3.517181873,4.659018482,5.502517067,6.683952563,6.568848149,11.52226521,16.98892511,10.73108907,5.609218807,3.076824036,,0.234004766,78.85465072
Cambodia,8.098995986,16.20074904,21.80761955,34.48328413,83.6841741,161.0235947,229.6110553,291.4175193,312.3767915,300.5605612,282.1623101,212.9154113,120.5754376,43.18387122,10.67404474,,10.48053938,2128.77542
Cameroon,17.43256883,26.1113845,24.6671184,69.73683853,140.5269697,229.6086734,276.3019819,370.560987,480.2826696,417.2960517,457.5314877,338.5752497,149.3894777,59.85854752,15.41996069,,27.94464644,3073.299967
Canada,0.738042643,3.983850168,5.819292256,9.917878033,61.35621508,119.6268308,203.1475429,346.0339704,488.1197215,582.7689394,650.5301691,787.3642155,741.6492608,578.2330443,337.7007188,,0.444770311,4916.989692
Central African Republic,1.553136245,4.026716463,8.49095884,16.64939702,44.34929616,78.55420345,90.81236242,100.1003993,76.60203938,67.86109185,49.07155166,29.91016818,11.23191506,3.914489475,0.684503508,,3.097826846,583.812229
Chad,4.402462781,6.311077103,7.072849608,19.7451467,45.56291194,75.09281435,83.886646,119.7424781,160.1845581,145.5638142,155.2259108,111.2873363,49.40734705,21.84012513,6.375738699,,11.55515513,1011.701217
Chile,1.153942984,3.086674032,5.923696355,12.41517882,36.10426871,79.68822463,134.670908,218.3750823,313.9008629,390.7012061,472.0255382,480.6643117,452.8226128,240.4743104,87.60041123,,0.987635974,2929.607229
China,158.0372167,371.1017612,567.8581194,1223.559073,3187.243911,5985.725803,7270.60271,13896.16001,18788.04744,22538.0246,23404.37533,21124.40675,12555.49839,3246.221761,692.5087335,,99.10031153,135009.3716
Colombia,13.26253823,26.25358285,37.69559107,55.72939435,113.8561544,214.7017996,334.8777521,485.3785638,576.612098,666.7576737,738.5569489,697.0199462,509.8316652,276.755259,152.1506656,,13.42702361,4899.439633
Comoros,0.157467097,0.390995096,0.778482701,1.384294074,3.373710272,5.781462711,7.673846196,11.78935948,11.96809324,17.93348801,16.76519873,14.10393708,7.453673031,3.738785596,0.851424144,,0.270352816,104.1442175
Congo,1.507493046,4.375710765,9.11795995,16.07136654,36.96603791,63.02168442,77.03246281,95.91983099,88.38166953,95.63975689,87.79270837,66.41434902,35.04939805,12.95452875,2.302062815,,2.020776118,692.5470199
Cook Islands,0.009325012,0.024592186,0.070005951,0.234666321,0.5639638,1.18930375,1.84729327,1.911949591,2.804838779,2.539281751,3.134864268,2.437719382,1.825362052,0.718138852,0.253973085,,0.009297462,19.56527805
Costa Rica,1.097990756,2.112111487,2.846595439,4.593990218,10.22088048,17.98648018,24.56016832,36.97293719,45.45230374,49.63746643,62.56871782,58.71636129,48.25633486,28.66486371,16.60845673,,0.765496199,410.2956587
Cote d'Ivoire,11.97580501,18.83063221,17.87236122,50.72306318,109.8348423,166.124147,192.3857883,256.6566879,326.6425725,260.1088221,290.1110086,226.1792128,106.3369684,44.90562263,11.71562006,,19.60054266,2090.403154
Croatia,0.077636719,0.32966634,0.501211079,0.834213329,3.961519567,10.55535139,24.61845873,51.26142346,78.81052519,109.6551291,165.9509343,206.1180645,141.7408069,55.35312166,9.186269254,,0.050398154,858.9543315
Cuba,1.824062913,3.444385433,4.456200648,10.41978491,34.07927484,74.70751696,100.8889026,132.9899106,199.8988216,246.6553522,284.9589093,224.7906215,160.1264764,92.66977526,43.57834393,,1.514136107,1615.488339
Cyprus,0.014517835,0.071966518,0.191462902,0.361105895,1.017611053,2.473168833,5.870755484,13.18872112,27.13133335,44.03734735,61.34722081,91.35278461,65.6723895,21.10880279,3.510178101,,0.006509635,337.3493662
Czechia,0.247781508,0.857518968,1.350927279,2.752022935,16.27368895,32.34525139,62.28705148,151.434544,281.3220968,433.5272206,453.6261192,521.4128742,496.528418,261.6429113,71.13094367,,0.193932438,2786.73937
Democratic People's Republic of Korea,3.587171094,7.026037894,11.78336787,23.4338256,102.0668765,169.507206,234.8601225,331.2472478,352.8079201,493.4707791,442.3013801,250.3418264,108.0527622,34.5658372,6.824802863,,3.808887246,2571.877163
Democratic Republic of the Congo,19.05290275,48.97298268,87.74738159,143.1731868,342.6921486,676.0314722,782.8227661,971.3390343,799.3879146,841.7055853,744.2661151,640.0950802,316.5269995,141.8860773,29.1099263,,34.46380396,6584.809573
Denmark,0.186293771,0.702975821,1.08901544,2.015370024,11.20092462,25.58890549,36.56784393,61.66944147,91.9811249,145.6701396,160.8485162,184.4592902,173.7239333,118.2060721,58.29857004,,0.140218423,1072.208417
Djibouti,0.212694696,0.65637119,1.25759339,2.249063854,5.393750344,9.622229654,11.74483726,17.06160819,15.83656235,17.08980261,14.15875371,10.38742338,4.591457519,1.843681142,0.363972097,,0.315525624,112.4698014
Dominica,0.05768132,0.122004773,0.176818686,0.303129549,0.859283484,1.532216564,2.215857985,3.24982859,4.336669004,5.097433458,7.0751582,7.34139927,4.573704563,2.398550527,0.853396,,0.077405153,40.19313197
Dominican Republic,10.89089424,19.36969983,26.48851333,44.65190013,87.65540701,147.4805646,164.9408684,239.9418524,240.8529091,260.5196415,220.2459349,196.9457336,147.8439525,64.07963188,22.98717404,,13.64445531,1894.894677
Ecuador,8.641946891,18.59727233,30.57514933,50.19377502,113.7688204,190.3071125,299.507512,388.4475967,453.7540397,502.652471,540.1682744,496.4643771,406.5603176,234.0907085,44.53369404,,8.564383825,3778.263068
Egypt,25.08892182,57.44481063,82.98515496,163.1762424,512.5350397,1146.688815,1682.680462,2331.338391,2240.337327,1642.318058,1237.126728,836.5507226,455.370508,163.1483828,43.34431666,,23.91581262,12620.13388
El Salvador,3.666727111,8.825111971,15.1278882,24.9071501,56.35388799,85.08020702,128.9172392,170.4712694,196.419306,207.1609955,219.3469218,183.1977334,133.9728279,55.61923551,34.36951764,,3.040272603,1523.436019
Equatorial Guinea,0.387992508,0.910956329,1.272905953,1.978657643,4.511307019,7.721711585,9.653699373,14.15888811,13.78064718,18.79691492,20.11039244,16.58237756,8.208783443,3.608110807,0.776982499,,0.642553885,122.4603274
Eritrea,1.503750506,4.010845152,8.49825395,15.22993989,35.4118794,59.01349634,74.09189868,95.321212,76.40212263,79.10241727,66.31570987,42.55779127,17.04735483,5.889008735,0.869391119,,2.554925021,581.2650716
Estonia,0.027489172,0.079936196,0.19519962,0.222919714,1.986714549,3.200781251,5.224504968,8.985779097,13.02859846,13.44391278,18.92837884,15.36068609,9.862829537,4.564763622,1.032628583,,0.017516819,96.14512248
Eswatini,0.925267811,1.33636831,2.596110351,6.153658555,13.49999042,24.25486101,36.72473244,67.42614898,78.86927509,79.24702531,63.83660038,30.30929498,12.62129976,3.620512948,0.720762481,,2.160279933,422.1419088
Ethiopia,19.11217159,46.06318105,86.70558047,131.0698908,304.438909,519.3930965,692.0324782,1041.365119,1077.449719,1446.534735,1444.887495,1141.556608,581.8200529,228.1796133,46.29173608,,37.95864147,8806.900386
Fiji,1.91523295,5.154424807,12.28543668,27.09141365,56.04558578,116.6008829,168.0721531,202.2865439,203.0998088,189.5740517,132.3151258,88.83448223,52.57627776,10.2370752,2.312250506,,1.664581638,1268.400746
Finland,0.111687494,0.536589514,0.652262213,0.896345549,5.824559899,8.852517315,12.82103746,21.46337476,34.45628747,44.22292241,47.91373948,61.81198637,55.86561138,37.85005142,15.94186353,,0.095312162,349.2208363
France,0.94094079,3.665316773,6.145069418,12.15909501,72.63701215,126.0408921,245.6333018,426.1738614,667.5306948,808.0632702,986.4943827,1573.27054,1955.108221,1614.449932,660.3768682,,0.70657774,9158.689398
Gabon,0.634379284,1.821974095,3.411314457,5.90003081,15.43751226,31.39626357,40.36661062,53.48790817,46.56980733,50.72385213,50.23291376,44.1202739,24.8523577,10.986604,2.338075344,,1.01689781,382.2798774
Gambia,0.709910004,1.023128616,1.16524817,3.243478154,6.977080482,11.57263843,13.24860812,20.13980915,28.31889211,26.30609448,35.9687968,28.56394394,12.82594948,4.674044966,1.282404104,,1.453075423,196.020027
Georgia,0.24069954,0.897671437,1.486524064,2.850791049,16.71747926,40.60569295,83.55349955,140.8838415,176.3643907,139.2484212,250.5446802,143.0391187,47.14849793,21.30392697,8.554730019,,0.273928773,1073.439965
Germany,1.57433918,6.604703933,11.27808672,21.95659257,131.1357635,297.6933004,479.0762606,745.3344872,1015.132831,1343.029832,2785.629777,3764.786037,3517.285671,2171.279376,991.6776997,,1.159355253,17283.47476
Ghana,15.36008532,29.03443043,29.16707069,96.28131504,177.7625386,301.1585635,362.5464445,506.2511527,681.486586,529.143288,568.5614032,407.7011952,179.500383,71.24289741,21.88601312,,26.04838108,3977.083367
Greece,0.137848026,0.59707576,1.211465758,2.761395672,8.815922733,19.83912996,39.35946603,63.48197409,98.41584446,137.107141,199.7468023,233.0717254,174.7945557,71.73396216,19.8975359,,0.130438659,1070.971845
Greenland,0.002485528,0.016481766,0.022056919,0.03573796,0.136434762,0.32221519,0.4639785,0.51739019,0.502146583,0.587193235,0.497801203,0.405118947,0.266159664,0.080872971,0.016293825,,0.001443416,3.872367241
Grenada,0.093601098,0.214317137,0.328080464,0.579711486,1.636498994,2.989891631,4.420415531,6.083278286,8.351199917,10.36375895,9.355212412,5.553603632,3.695724244,2.016611414,0.864424875,,0.130386663,56.54633007
Guam,0.037611439,0.10703987,0.279732438,0.657578342,1.319239582,3.137448185,3.546839383,4.020849061,4.5235494,3.072063357,2.855759051,2.575446157,2.394819448,1.32198425,0.640877306,,0.029389864,30.49083727
Guatemala,21.09966414,51.06535157,98.1164511,148.3784832,264.8659196,380.4095343,518.2303885,628.3417605,675.6369023,609.3633072,554.6071907,537.0978803,332.754514,115.6085144,14.51394049,,19.74841878,4950.089802
Guinea,6.22488685,7.487702021,8.307998239,22.31006742,46.44536546,80.01769667,97.95363426,150.6098547,199.5668927,167.5551574,181.0320615,153.3704235,84.02864659,45.0757682,11.88582123,,11.91556714,1261.871977
Guinea-Bissau,1.450599369,1.978831311,2.194799504,5.627403233,11.42539597,17.46056717,19.77709294,26.12698063,31.40513012,26.20829727,23.57661878,15.64226317,7.005359892,2.765765687,0.698249043,,2.33057896,193.3433541
Guyana,1.016541893,2.103492277,3.305756992,7.437354288,17.05101769,33.21728072,46.47779208,57.42415661,61.67623297,48.90979766,44.08918221,32.09945336,17.439046,10.56738244,2.577628311,,1.549913151,385.3921155
Haiti,8.870778977,18.29445733,26.68286893,43.12924571,101.6993979,174.8978814,241.5199543,327.1128627,365.5341919,352.1311516,295.4612819,210.7777956,89.92021343,30.74893249,7.475438956,,11.73363042,2294.256453
Honduras,2.315457317,4.06716746,6.705381073,12.74673844,28.95675987,47.91969461,68.28890616,88.26655251,104.2064995,106.4179854,101.1190868,64.67323692,29.77681248,11.83902699,2.916176177,,2.660593495,680.2154817
Hungary,0.338215961,1.245623167,2.046270388,4.082621579,23.06055641,43.74239436,91.91388011,189.4924249,252.4730302,307.7260155,392.9193137,371.7913419,260.4379239,92.56633509,18.1030773,,0.203771294,2051.939024
Iceland,0.002061471,0.009222935,0.014533816,0.028176458,0.14944002,0.306856401,0.544521137,0.949998061,1.359576296,1.895257377,2.446930309,3.296640851,3.028791922,2.144090634,1.23585451,,0.001769706,17.4119522
India,230.7108352,702.2470835,1018.952755,2561.532168,6491.856749,12138.09518,17829.27722,26138.25905,30232.73419,31053.65606,32291.55756,28091.92546,12422.67224,4390.58762,742.205776,,265.9515883,206336.27
Indonesia,229.7280873,586.4723532,1208.657749,2476.912788,5290.829507,8101.758143,10811.76257,11766.10034,10180.76755,8717.384638,7756.90496,5254.370841,2730.600011,887.5488291,212.2741334,,246.0896283,76212.0725
Iran (Islamic Republic of),16.36471735,34.38927003,56.02220433,95.59976932,241.5657288,481.1273243,836.3653824,1237.787154,1356.207318,1442.798232,1713.092637,1683.192488,1040.350469,443.0995439,131.550493,,13.78152942,10809.51273
Iraq,30.84827902,43.15964242,70.40531988,127.0728398,294.6624779,400.8410004,559.4360168,752.770549,828.5272394,828.0307655,747.972608,504.546923,324.2483072,154.7912847,58.18496803,,39.56149176,5725.498221
Ireland,0.085617844,0.311787533,0.477406336,0.685580176,2.712173809,4.481735916,8.073255844,12.29219164,21.25825078,39.26647409,59.79066349,76.5366297,76.48166957,44.65801504,16.27429687,,0.051149303,363.3857486
Israel,0.305208095,1.045592974,2.204000797,4.729651004,16.70585893,35.38153921,63.50677546,106.4367292,172.3666119,213.125708,269.4977034,355.2555824,342.7435777,252.9132244,121.5621233,,0.180471628,1957.779887
Italy,0.790980416,3.362949808,7.525468845,17.80613969,91.51117615,214.5709362,382.0099467,642.7582446,1147.469597,1667.007758,2619.54204,3318.710874,3535.11104,2336.995781,970.8634778,,0.662482866,16956.03641
Jamaica,1.570783882,4.470670145,5.970008388,13.13339588,35.84416423,63.24503021,103.7440371,130.7664831,180.7279326,242.6803512,270.7255341,264.1263545,202.2480037,121.2774068,91.26767414,,1.774458982,1731.79783
Japan,1.795026736,6.508533084,12.06711029,27.08733389,98.12990978,137.1308446,196.7603832,312.1345092,586.4757622,710.1280352,897.1778835,1082.815698,1072.843072,825.7002067,525.8909056,,1.557361743,6492.645213
Jordan,1.606631842,3.3790679,5.453109699,12.5331784,36.01902241,70.93271953,106.0401265,140.2674205,204.2182468,223.926135,242.1495605,154.099103,74.51085134,35.10653002,11.99257111,,1.911396937,1322.234275
Kazakhstan,2.395428817,5.194909146,6.68479534,9.700423081,46.75794495,88.73553293,200.6033991,319.0551334,425.0224101,287.0226124,510.1100913,289.2428136,97.65208226,34.931407,3.938854569,,1.721467962,2327.047838
Kenya,10.19382707,28.20248251,50.3255245,81.78630721,199.1224082,339.902961,434.5716429,575.3406111,564.1037914,662.7260626,570.4598962,452.7389138,226.5793848,97.01516924,22.34177295,,18.09664595,4315.410756
Kiribati,0.44845072,0.896947078,1.848989241,4.405590277,7.539499912,12.80158136,15.50259945,14.41319086,11.40923472,9.609267093,5.012057699,2.499024028,1.632628776,0.396663954,0.064419354,,0.335065182,88.48014452
Kuwait,0.520134108,1.665175591,2.202308887,3.655184975,7.891174832,12.31756101,15.24688968,19.76447776,21.6081059,25.08592478,27.98642815,34.21782011,29.44296527,15.42331524,8.250051487,,0.51905195,225.2775178
Kyrgyzstan,0.848427575,1.302082319,1.915025088,3.739768243,11.8564291,19.60817031,40.57259564,46.2346674,45.92659878,17.72460524,24.20660691,11.47914662,7.926684207,4.119081838,0.801566162,,0.778657141,238.2614554
Lao People's Democratic Republic,5.52757494,9.614577517,13.4616167,22.57279551,44.8034948,75.05311572,102.9918412,126.0428678,125.9190087,118.4991551,112.8873309,83.24054974,44.83424056,18.53999279,5.380536305,,6.465194658,909.3686983
Latvia,0.337498791,0.85477307,1.010913854,1.495198565,4.356779608,8.362845663,12.46132379,19.15116883,28.56177554,34.92817903,48.64764495,43.75665433,32.39458917,14.21841235,3.489852407,,0.148775981,254.02761
Lebanon,0.468987457,0.981335711,1.455389996,3.143393266,8.705162199,19.26341524,25.21521191,34.23551656,66.23809318,92.13254749,96.00705174,76.54208572,54.22399199,23.11456463,5.797686735,,0.383082714,507.5244338
Lesotho,1.395256831,2.196380938,4.67155256,10.03544742,23.41501225,47.36551256,78.02239715,137.2118163,159.1901099,136.1278962,107.3738348,60.40007389,29.33278087,9.151713064,1.856999228,,2.971079169,807.746784
Liberia,2.023826129,2.772591662,3.210083707,9.60239896,17.43356701,26.38427151,27.88961012,38.80579138,50.95778817,40.27929071,56.81724453,47.39350839,24.09866613,12.64244767,3.934075291,,3.535764803,364.2451614
Libya,0.649348597,2.01393399,3.778435119,8.953728706,24.13815041,35.29804793,44.38867521,61.73270519,67.70933924,68.15320598,69.86843033,48.24654874,34.90051981,16.40766828,8.221508557,,0.661630406,494.4602461
Lithuania,0.106909745,0.288862446,0.46755605,0.629154495,5.911826024,7.593994689,12.02751599,18.23699609,24.35261141,27.65729238,32.72859986,28.9114117,17.36886906,8.087172433,1.676155688,,0.048925709,186.0449281
Luxembourg,0.008251479,0.034962241,0.052823776,0.084288623,0.452200393,0.829656148,1.326938189,2.295938639,3.201778214,4.603109547,7.08594762,9.24250638,9.192947619,5.655761118,2.729210405,,0.005698404,46.79632039
Madagascar,5.284297965,13.1865154,24.29681514,41.39888235,86.19468427,145.9314878,190.345065,254.9747083,208.7674036,215.8112836,178.7472311,138.824457,70.23157106,31.94438947,6.785149438,,9.70927043,1612.723941
Malawi,3.516095685,9.738807055,15.69445377,24.39868728,59.53724783,98.37651622,126.673694,200.2407007,222.7840197,258.651368,216.5973912,160.3029407,79.29141506,40.52384294,9.335564948,,6.973622558,1525.662745
Malaysia,4.850710761,14.07719419,20.05813052,30.70592232,75.06831028,140.0771599,214.4611472,282.3020832,309.8000782,319.4918035,249.2804077,186.220832,96.25205555,60.61326604,13.94743555,,5.774014557,2017.206537
Maldives,0.098367792,0.278563633,0.367098024,0.52749099,1.047527051,1.756648992,2.365591111,3.299265723,3.168555722,3.641394024,4.695973875,5.153419542,3.239044944,1.347028401,0.444618488,,0.058146533,31.43058831
Mali,7.297507881,8.941865569,11.62546146,28.33785574,65.66313473,116.5152372,132.0201989,198.5009669,266.2445297,240.9666372,239.3498113,191.9932521,92.15718459,42.08558287,11.20974208,,15.89872438,1652.908968
Malta,0.023756567,0.081091129,0.120141147,0.193552651,0.66245979,1.175980612,2.523222603,4.806998895,8.632636515,13.48449904,13.00762402,18.40040178,13.35426356,8.518057259,4.794974807,,0.01556761,89.77966037
Marshall Islands,0.070380653,0.200316275,0.472937264,0.979265666,1.633325248,2.689754917,3.270485802,3.657397104,3.475977193,2.498737621,1.458812871,0.89215352,0.475977863,0.143400963,0.033627412,,0.053271666,21.95255037
Mauritania,1.081186192,1.38301367,1.852131301,4.66740109,11.21691527,20.91497655,26.56135239,40.84895835,56.10569021,54.37247248,63.78431084,56.47192173,31.34355914,15.13903234,5.264591951,,2.112884726,391.0075135
Mauritius,1.085903158,3.252270114,8.613262406,14.6178187,48.1283612,92.99060178,148.9086423,223.0786488,256.4962389,235.2602197,194.0574525,140.4540307,102.4441608,42.47788405,17.33753902,,0.776538847,1529.203034
Mexico,121.6468502,308.4460419,609.4708078,1250.047283,2582.967162,4165.65793,5929.606058,7396.44632,8123.794937,8630.731979,8339.215039,6879.634581,4450.726619,2055.046862,632.0600259,,86.16444235,61475.49849
Micronesia (Federated States of),0.202436883,0.143130606,0.167435698,0.386191148,4.889707887,7.937907543,11.68108157,11.53474395,9.405448301,6.274568967,5.195103604,4.261850799,2.571823892,0.726339221,0.141985626,,0.181215357,65.5197557
Monaco,0.000531559,0.001369649,0.001973211,0.002669938,0.017157291,0.033950673,0.051306329,0.094092943,0.157939827,0.300538501,0.367513372,0.427631159,0.464121598,0.345833799,0.175958855,,0.000320338,2.442588705
Mongolia,0.311907358,1.04433937,1.40261746,2.278089776,7.033302774,10.35323147,10.39916639,8.891156729,7.844488165,6.795929755,5.118927695,3.514819623,1.6063527,0.41808536,0.032487055,,0.558879394,67.04490168
Montenegro,0.039005531,0.088564437,0.123062316,0.17401412,1.056043501,2.593199969,5.352321739,9.88133294,15.10927083,14.39713174,21.48818026,18.7634661,9.363337617,3.064360805,0.678809449,,0.029853689,102.1721013
Morocco,2.992570591,7.659337967,14.37633092,35.55154665,106.470968,225.9781116,375.1972863,574.0031534,582.8684673,568.9990681,549.3814093,397.8506412,233.4645496,107.5750307,27.42920706,,3.564698855,3809.797679
Mozambique,7.740678987,19.67888469,37.65197207,66.58977294,146.6071373,255.2018518,303.3677857,421.5192919,396.9234953,378.2657867,297.6645155,235.8051572,130.499314,66.06403351,14.7025296,,16.32226472,2778.282207
Myanmar,45.49862137,131.7566879,192.7842889,286.6851194,571.3800193,1169.263209,1574.817694,2048.528001,2167.689117,2004.352877,2028.351692,1594.180456,1101.936873,441.6097796,105.724174,,45.9523458,15464.55861
Namibia,0.386405748,0.575840959,1.448762171,4.154478601,10.59258642,21.03249618,34.69619862,65.07972156,81.04083889,87.56470622,92.34096453,61.3927021,34.02213585,12.39837531,3.362307463,,1.142625843,510.0885206
Nauru,0.025409375,0.058493768,0.1225097,0.255592809,0.398843538,0.601448917,0.720796847,0.632722666,0.40928264,0.262315974,0.171321762,0.087367377,0.060608614,0.021688053,0.004394889,,0.019338774,3.832796929
Nepal,3.763134699,6.020932507,9.998684956,11.47759332,51.67318537,86.18550706,154.6513983,190.6170011,211.6144798,248.176348,334.3150567,344.828251,229.5587154,72.8676288,8.316526847,,7.547106804,1964.064444
Netherlands,0.182320294,0.954569526,1.556087743,3.472590318,22.99638467,41.95487477,70.55757609,109.1779412,171.5351255,248.987139,310.0607674,434.5844526,509.8216546,367.6709435,154.887285,,0.136900208,2448.399712
New Zealand,0.170352246,0.770716666,1.0791013,2.346150457,8.270743245,16.92650051,26.74773955,35.41907733,45.47527236,53.84511836,75.26290975,75.83451963,75.37690685,47.43202186,19.49581586,,0.112935817,484.452946
Nicaragua,2.644166583,5.17164436,10.15315257,21.54516963,49.37858747,87.52501119,136.9238735,185.240545,219.4901694,237.6334219,236.5512212,170.654615,93.78413711,28.88153264,7.974634555,,2.946568867,1493.551882
Niger,5.383214744,7.256067732,8.434359472,21.96575007,48.51280577,93.35008225,113.4625051,154.3942517,205.6125956,198.3407597,173.8396276,107.7604262,51.47912117,21.82643799,5.928730539,,12.87363696,1217.546736
Nigeria,50.94576772,100.3128459,89.7953839,279.2188941,638.5444863,1061.749647,1276.514475,1703.840979,2126.102801,2191.248856,2902.326248,2305.381807,1296.258319,611.5473639,189.565188,,92.06099228,16823.35306
Niue,0.001304838,0.002626798,0.006789358,0.021220368,0.048651316,0.110830085,0.176182371,0.220565771,0.231948509,0.252305002,0.265290588,0.232243083,0.171775895,0.059655743,0.018803998,,0.001440168,1.820193721
North Macedonia,0.105417356,0.337310629,0.776627308,1.466109221,7.40212992,16.10250058,37.44155576,67.9926579,114.222547,130.8796419,188.5526402,142.4550494,53.6163171,8.252637483,0.438545753,,0.084728395,770.0416875
Northern Mariana Islands,0.013146536,0.026797393,0.070985644,0.377608017,1.010264559,2.334152622,3.351564646,2.773140698,3.402631468,1.343775823,2.144528211,0.934015179,0.856533676,0.264064181,0.095976891,,0.011970759,18.99918554
Norway,0.109179302,0.357241417,0.474473054,1.011727795,6.256041118,9.785744126,13.32538766,23.44017338,35.26077265,50.86250733,65.02369374,78.94585358,99.9927278,79.73339548,47.26630338,,0.160128454,511.8452218
Oman,0.365072888,0.922389288,2.278520626,3.994100927,15.64518769,28.78243596,43.66813667,63.78668606,86.06765262,92.25477791,72.75801953,45.7127023,27.487653,11.86702077,1.830695583,,0.489626251,497.4210518
Pakistan,153.204081,288.8427608,352.4161879,831.0363938,1475.159619,2278.549803,2849.566027,4121.845206,4156.372203,4312.286138,4219.819211,3141.911355,1631.928692,664.1346587,201.4366287,,222.7674746,30678.50897
Palau,0.021092163,0.066087816,0.162946153,0.486875635,0.913302538,1.638238597,2.178488178,2.302773588,2.309934321,1.832480152,1.086332575,0.907889355,0.686587954,0.220356431,0.049260585,,0.013927906,14.86264604
Palestine,1.693125826,1.806069087,3.442787734,7.290752383,20.57809265,44.1330771,83.55937852,100.2196819,137.3113304,162.1951856,150.5285513,123.1292589,80.5922637,29.91414535,9.484847459,,1.608357852,955.8785479
Panama,1.05519063,2.172345438,4.026588705,8.229615033,20.45443192,39.82577679,59.74475712,83.15220822,104.1182687,121.1644795,138.3773455,125.3841868,88.07733727,54.48277726,31.46012141,,1.110114343,881.7254302
Papua New Guinea,16.80323854,43.5645822,78.4548849,150.6598005,208.003724,316.5043145,375.6882895,412.7511569,385.5502508,344.3227422,226.9305108,132.2254883,73.01221975,26.93053097,6.31170369,,13.3910471,2797.713437
Paraguay,2.780515226,6.537533342,8.995716544,19.37318281,45.93367393,90.06912553,138.8466689,196.043767,228.4701123,246.3234007,257.246377,217.2215679,149.715417,65.12104894,37.55485913,,2.667494588,1710.232966
Peru,6.378758968,12.62647167,20.76617477,40.6469054,89.06464862,156.2296771,242.1037035,320.2937744,400.3449875,436.3789099,477.709103,394.8282741,282.9866977,158.9363771,71.19314706,,5.658855725,3110.487611
Philippines,107.2578474,200.8494886,316.6637493,513.219034,1030.888241,1635.361974,2322.644687,2908.913371,3078.216258,2583.868835,2401.889928,1825.662808,1025.324916,482.3659542,106.6021955,,117.6452892,20539.72929
Poland,1.598244788,6.16766015,11.03376136,20.04595395,94.17805013,160.3229029,323.8506738,599.9811311,844.8218094,792.9058344,949.4554045,1090.301408,896.0659887,410.1956838,114.3495646,,0.859597281,6315.274071
Portugal,0.318072289,0.942512361,2.498757241,5.410321262,15.40143214,34.83656419,61.1170368,117.7215595,204.7138762,346.9297515,529.495815,751.9158737,685.3927754,410.8804611,147.2156494,,0.316429695,3314.790458
Puerto Rico,0.768194943,2.303204212,5.359075589,9.98286636,36.96176148,74.39695705,119.3741658,184.9825238,262.0624536,345.2264969,375.0083152,376.6450817,289.3672425,187.2642703,131.5620645,,0.402447407,2401.264674
Qatar,0.409426029,1.086642668,2.677618075,3.197661696,8.840110712,14.58007016,22.7114243,25.22709837,28.09074596,31.30511817,28.68750689,22.49137112,9.102842641,2.219759899,0.314810007,,0.234170868,200.9422067
Republic of Korea,3.560681583,12.00008855,24.17143374,52.35476774,163.929889,281.0436939,475.9103212,579.220794,736.1238755,1132.446362,1877.147997,1865.919696,1279.347973,580.2054408,186.181386,,3.279224332,9249.564399
Republic of Moldova,0.326028011,0.685707977,1.050155484,1.35652418,5.305508943,9.920672155,22.45300983,37.23554069,51.97947218,28.19147388,31.77847558,15.28416451,10.87821462,7.712556304,2.595041695,,0.206909989,226.752546
Romania,0.957263918,2.509166194,3.639161589,6.724609747,37.0221311,46.46201396,112.6063434,211.2192451,305.9753276,297.6166266,374.9135374,347.2029153,163.694117,44.57070407,7.902648686,,0.780223118,1963.015812
Russian Federation,4.571796478,14.46133228,25.33324932,33.93807999,210.7729929,406.5399805,1019.018012,2037.778676,3099.787834,2159.690296,4164.089091,2843.203405,1287.443844,611.6460453,105.9593644,,3.070141316,18024.234
Rwanda,2.349953745,6.146690988,10.80468041,15.10429224,37.22232613,70.31328195,104.6711905,156.6766336,139.2797078,154.2006964,144.2948022,123.9948004,59.32372117,24.45470881,5.547219857,,3.675610257,1054.384706
Saint Kitts and Nevis,0.011983531,0.02802252,0.016718626,0.03813142,0.477939255,1.075587035,2.321971306,2.833216066,2.989257013,2.34804257,2.756865551,2.640748614,1.620966254,0.795389877,0.257253336,,0.037322287,20.21209297
Saint Lucia,0.159987263,0.401002659,0.623334615,1.207748681,3.004112259,4.522064841,6.680907598,8.264492073,10.12588144,12.33761992,12.9290031,13.17015972,10.86661609,7.006375978,1.80844121,,0.169099268,93.10774744
Saint Vincent and the Grenadines,0.143295061,0.302077325,0.516662833,1.030006344,2.746868412,4.871366014,6.285556171,7.959183822,9.203147026,10.41494604,12.37482922,13.46698859,7.463781077,3.044931262,0.806992704,,0.159572159,80.6306319
Samoa,0.11669224,0.268691208,0.70513559,1.828991263,3.889053609,7.241029333,10.10063715,10.98867241,10.59295503,10.01764273,10.33895531,8.81361413,6.26436967,2.373065188,0.568241507,,0.129516218,84.10774636
San Marino,0.000698257,0.001678774,0.002294061,0.003323101,0.01602969,0.029721353,0.046024784,0.085832871,0.151772756,0.245955771,0.382946485,0.538158306,0.536529637,0.426343897,0.224201801,,0.000474547,2.691511545
Sao Tome and Principe,0.012708793,0.021899864,0.020250286,0.090301663,0.363012786,0.598738889,0.748232572,0.946651402,1.239822216,1.099556336,1.32803559,1.137591367,0.644123532,0.289592529,0.090312225,,0.041172669,8.63083005
Saudi Arabia,10.79137171,25.32782582,43.17565298,85.65709869,143.4217072,193.3561177,249.5044691,253.2167419,227.712494,206.0040109,131.3843252,93.42070191,80.96680131,40.4672602,10.55084257,,8.052771508,1794.957421
Senegal,5.640605132,7.665395266,8.182369653,24.18149339,53.06592755,99.86599876,124.7334038,177.3745083,237.0302134,225.691474,253.4533772,209.7025598,107.0070662,52.01182548,13.77498167,,11.51553064,1599.3812
Serbia,0.308559893,1.066371004,1.810674625,4.309345387,20.89353825,48.92416582,96.88090438,222.418397,399.3375986,383.4794452,588.6872547,658.0611226,291.5619255,60.35495924,5.774035903,,0.19323592,2783.868298
Seychelles,0.02848336,0.075647216,0.13134002,0.28194172,0.678829605,1.142701531,1.531413146,1.972996511,2.028212579,2.014564527,2.624198393,2.243473523,1.469094622,0.788850374,0.298896797,,0.02005379,17.31064392
Sierra Leone,3.56287182,4.356842705,5.367794405,12.92699875,26.72364544,41.82245861,45.84348544,66.11053447,91.28184742,86.49577697,107.8872241,81.33204359,36.62704021,16.86293263,4.991569907,,6.20412426,632.1930664
Singapore,0.13334176,0.337078161,0.669546821,0.923714905,2.745320371,4.796440228,6.979761113,10.254469,13.51049754,13.8763493,17.60194872,16.84988186,12.07388155,8.245857979,5.55638513,,0.060752357,114.5544744
Slovakia,0.066709796,0.257700725,0.545854939,1.12702443,6.709604058,13.80813452,27.70497669,62.60611335,85.68999743,89.01047192,97.36091382,92.76229841,57.4304395,22.85409817,6.179709725,,0.053754742,564.1140475
Slovenia,0.017314722,0.081236898,0.182793118,0.269541699,1.31514987,3.233685158,6.282970113,14.75336133,22.05728873,27.91240712,49.11429781,55.30953816,35.41345799,22.5327065,9.144701666,,0.01559958,247.6204509
Solomon Islands,2.37583419,5.641030849,11.84886617,23.07722035,30.70009608,37.91687798,39.12791997,36.66212815,33.97151211,27.67628535,18.64913517,8.777987886,3.266520832,0.618956998,0.101848949,,1.701761906,280.412221
Somalia,4.529704337,11.39349131,24.96916686,46.9579607,76.9552479,115.5663211,165.8252322,268.1805072,240.038977,215.0632861,149.7101884,87.67912809,35.74583798,11.97032531,1.80803353,,9.670593532,1456.393408
South Africa,30.51281275,37.55131018,40.31905522,172.9073901,378.9496991,1121.236112,2153.782204,4135.229038,4505.172813,3844.364057,3612.882063,3069.116733,2062.220938,769.0441583,167.6462606,,43.13897726,26100.93464
South Sudan,0.881682842,2.744711271,5.949826067,10.11840117,25.3684867,44.46024689,56.97805637,80.69504928,78.29998855,98.12530262,95.14128212,75.47255131,41.74370418,23.44949252,6.112058678,,1.936566582,645.5408406
Spain,0.624448037,2.256166057,4.280824157,7.72879017,30.94178062,69.31052722,126.7408263,200.5805358,320.4839949,557.3253315,825.9874236,1531.72918,1835.060198,1384.063985,621.2109768,,0.375742268,7518.324988
Sri Lanka,8.134423933,19.98952704,35.59709966,69.50172867,171.0107298,339.5396536,550.8117842,858.8371689,1289.249482,1458.345248,1361.144423,1290.268899,828.0651725,427.2810562,145.5769845,,7.588914569,8853.353381
Sudan,2.728815152,5.917408334,9.96050168,18.96734041,52.5305951,97.62989771,127.0099029,180.8939233,207.5167894,220.1225141,208.8026922,147.5221913,79.87029109,37.45419782,14.6729205,,3.545286285,1411.599981
Suriname,0.471107517,0.92305946,1.59671891,2.540540635,6.499624127,13.30627457,20.97553492,24.3192418,25.02738195,26.18398061,26.59307841,20.34360834,10.83785506,4.302615147,2.386849879,,0.456596713,186.3074713
Sweden,0.409349749,1.477383377,1.708385408,2.799837279,13.21690004,22.62204383,31.95662389,60.10940036,101.3622531,161.3247232,219.070108,265.4528316,309.0070929,253.8603214,159.603073,,0.243705786,1603.980327
Switzerland,0.129103108,0.442084836,0.697557743,1.423119465,6.139268698,13.09509745,21.47107275,36.07015641,56.10508758,88.37575286,122.7724556,191.0863047,235.1587815,163.7018682,93.90900881,,0.09108633,1030.57672
Syrian Arab Republic,1.436197004,4.016831366,6.52255241,11.11590516,32.1714589,64.73450493,88.19659022,137.2631727,149.2887831,150.6738841,146.0336956,136.0595741,90.29815767,17.2789195,2.643518611,,5.378789319,1037.733745
Taiwan (Province of China),1.064705205,6.535548556,16.6718264,31.2018794,131.5867871,255.6494732,410.5043373,654.5054835,847.4228548,925.4121328,1284.197371,1400.547634,1181.179036,549.8548345,226.9306079,,0.97742265,7923.264512
Tajikistan,2.53273529,5.749397678,6.589631605,11.63540746,51.81670436,98.6098876,195.3902711,242.188057,232.2027046,114.1597372,113.8192648,47.85107669,9.556389426,4.057397632,1.241369175,,5.119454071,1137.400032
Thailand,20.86112196,55.53399135,116.1318328,215.0427367,428.6392371,738.4498284,1038.021315,1532.187573,1884.821566,1962.743748,1794.014549,1420.506234,685.9854408,402.2240511,240.2972282,,16.11577836,12535.46045
Timor-Leste,0.079680435,0.103676917,0.146091283,0.370608806,2.067072505,4.984333582,7.901796398,15.58320299,19.36806556,23.35749407,14.72319573,10.7054466,6.120700847,1.924614914,0.461390544,,0.461440187,107.8973712
Togo,2.579217319,3.959132985,4.445850327,14.60109082,31.9066024,50.84066692,53.63937783,72.35924439,104.1981559,84.97344073,83.66990466,54.78587345,25.34606345,10.68933594,3.164312904,,5.024740865,601.15827
Tokelau,0.000948386,0.002537392,0.005144645,0.01638735,0.029732861,0.054021192,0.087703193,0.081711824,0.164888757,0.095747752,0.093666959,0.094424375,0.046611909,0.045369531,0.010802798,,0.000900571,0.829698923
Tonga,0.05986672,0.163216592,0.362252779,0.855331318,1.981559925,3.851310747,5.275324362,6.543901566,7.864908021,8.088519317,7.420967748,6.83525589,4.90904097,2.12672173,0.786966052,,0.055583608,57.12514374
Trinidad and Tobago,0.718888642,2.515604628,4.401002726,10.20067788,26.81948822,62.71205865,105.6730467,165.5981929,195.63755,197.2644637,173.9084006,135.3359108,86.06708029,42.83751771,23.50733192,,0.509890421,1233.197215
Tunisia,0.65275309,2.0712254,3.621113662,7.185151971,18.51039429,41.60969929,75.41684879,108.2058683,142.0434968,159.8962945,167.1375223,161.038554,93.98811842,40.95011967,14.08774046,,0.524068773,1036.414901
Turkey,8.183800636,18.27204189,39.03507874,89.66407006,212.8658534,489.3938172,773.6308966,1382.479223,1685.953407,2313.138443,2427.977493,2354.009054,1654.476672,614.5081753,196.8401051,,8.904098174,14260.42813
Turkmenistan,1.113927035,2.428465096,3.498557281,6.802398846,30.08028124,53.01297402,94.08831453,111.6770749,70.06030894,45.95660148,31.95296608,13.71092987,4.775649249,3.016992817,1.435522284,,1.663002501,473.6109636
Tuvalu,0.014867211,0.03587519,0.072401391,0.165004622,0.315600474,0.594793884,0.844923615,1.015533798,1.149478652,1.089999351,0.823250057,0.591123899,0.408368053,0.146855279,0.027807465,,0.012016717,7.295882942
Uganda,8.317706395,19.7106605,32.83581366,51.14903757,118.8917365,201.0450639,254.4205226,355.5804119,365.7654401,454.9012477,457.1220763,346.2991914,151.2568601,71.21328659,19.04413756,,15.9964028,2907.553193
Ukraine,4.245717739,10.45987012,15.96510468,20.1850637,82.70882435,117.6170631,193.7852555,274.2656317,331.2481309,189.7417248,270.1331896,189.8600401,146.2834294,76.09618501,15.00155102,,2.559033438,1937.596782
United Arab Emirates,0.334436904,4.760099068,8.803148274,20.58265235,65.56262854,103.2807877,101.6758559,137.5636656,80.63312929,37.66361451,31.04306361,20.83253502,8.562558905,2.243603218,0.294565122,,0.315797445,623.836344
United Kingdom,2.436621141,8.917994127,11.76604126,18.79089914,80.99652636,111.7542023,153.3606995,211.9128249,318.8667508,496.0952161,653.6856393,898.6478386,953.2128617,783.4727603,361.8558744,,1.852073612,5065.77275
United Republic of Tanzania,10.72631389,26.03520585,50.04447148,77.7851446,184.2675557,329.1124149,427.8522764,607.5416121,624.232478,772.5674462,753.0495773,615.4147364,302.0135722,149.9860903,37.88895643,,19.01095876,4968.517852
United States of America,37.15528218,167.4691098,257.4550668,415.8912907,1565.569565,2819.329306,4592.618355,6616.387856,7541.846603,8301.710615,7856.972938,7820.327659,6781.502604,4492.512296,2328.39356,,24.85731575,61595.14211
United States Virgin Islands,0.016096592,0.052939028,0.116534953,0.299824998,1.088536446,2.344056612,3.724458012,5.651252022,9.011899556,10.81191964,9.829309059,6.472475465,3.468889389,1.718820201,0.607113791,,0.020637129,55.21412577
Uruguay,0.333994278,1.010245841,1.548465173,2.777976518,7.065601214,14.84358165,31.34731146,55.25395623,68.9344529,98.45341046,122.641294,132.9315367,102.8841877,49.272503,19.05027134,,0.467809943,708.3487884
Uzbekistan,6.979611102,14.60050876,17.08133213,30.18806597,221.6987384,528.6382716,1014.418635,1586.487914,1049.944233,711.4538646,464.1388864,143.5046192,17.96585844,3.273483112,0.311803503,,8.802658123,5810.685825
Vanuatu,0.192856502,0.480598736,1.118923816,2.558100919,4.530559425,7.482918175,8.747746505,11.89644276,10.83594514,11.503527,9.047672946,5.514001596,2.376355764,0.541269231,0.102771678,,0.161808431,76.92969019
Venezuela (Bolivarian Republic of),16.05718809,27.96321904,51.84491259,90.27554384,188.9721415,349.6074389,582.8480442,849.827191,1032.860612,998.473682,985.400956,819.6917931,448.3957725,236.3860857,136.4802251,,15.31793168,6815.084806
Viet Nam,24.41780492,61.99610898,119.7275301,230.1947741,514.5069499,852.5787865,1319.464015,2135.796821,2334.623707,2495.407179,2702.885774,2611.87192,1865.59836,729.8363578,231.9943305,,21.47502576,18230.90042
Yemen,1.371212727,3.733507662,6.423697271,13.25008686,34.53730312,61.54013609,92.35571883,130.4336963,148.1046551,153.282246,129.3777164,83.62373607,40.1697649,15.60615687,4.648532384,,1.387708488,918.4581666
Zambia,5.581257218,13.78556203,25.2724796,39.68035726,80.08540694,131.0931369,148.2088317,191.349182,185.4182445,226.4114,203.7048666,162.2319221,75.39047789,29.43815852,5.395327134,,10.77753172,1523.04661
Zimbabwe,5.65559685,7.020390814,12.20534578,27.21754825,57.4014457,135.1573804,240.1507386,407.8353186,397.3139617,349.1755879,254.3285353,155.0876383,85.49091266,35.4680715,9.337045761,,29.55794486,2178.845518