Location,25 to 29,30 to 34,35 to 39,40 to 44,45 to 49,50 to 54,55 to 59,60 to 64,65 to 69,70 to 74,75 to 79,80 to 84,85 to 89,90 to 94,95 plus,,under 25,over 25
GLOBAL,25420.8589,42419.06006,69643.12411,120014.2972,193837.9155,323784.4145,440990.5529,624818.4691,837677.6569,1008604.44,1127384.555,1251904.218,984735.7101,510257.8078,206596.6541,,56924.75697,7768089.735
Afghanistan,464.4039843,501.3369029,748.1870798,1117.17378,2253.693378,2514.525979,1741.573946,1472.797236,2149.38601,2723.261827,2947.40874,2428.095761,1370.553756,524.8160946,122.901833,,703.6646828,23080.11631
Albania,14.81914224,18.06923259,16.47465641,23.00077521,39.47053526,72.21978453,140.6578031,307.3574151,488.2127068,859.2834119,1297.561439,1748.460207,1268.122128,622.4905444,236.5083495,,38.42562791,7152.708132
Algeria,163.1868102,255.2129954,419.765373,594.6107878,790.6294284,1133.979073,1475.742258,2185.278484,2822.688047,3111.297913,4774.895276,5936.752673,6961.65192,1417.859953,182.0137614,,296.3309546,32225.56475
American Samoa,0.460700872,0.496148226,0.880529756,1.491759654,2.194117825,3.594174246,4.280196384,5.207790044,5.613431232,6.367477945,6.904628315,6.407867312,4.96095558,2.217443169,0.75090597,,0.670827761,51.82812653
Andorra,0.043788792,0.085406149,0.184800635,0.363671822,0.560291555,0.821045202,1.184897086,1.609475227,2.315619515,3.96735999,5.987216217,7.475492223,10.35113061,9.337311854,5.626116209,,0.040913652,49.91362309
Angola,111.0747456,152.8773968,229.1853725,514.2596625,691.7700082,1034.261946,1356.060777,1651.673537,1849.083437,1603.473709,1757.257571,1196.396035,574.7527125,228.3591722,59.26121093,,401.7729328,13009.74729
Antigua and Barbuda,0.205523777,0.315255103,0.571789858,0.920736928,1.877751828,3.487836822,5.629613168,7.285469623,8.07607495,10.05038222,11.20138831,12.64263605,10.17088201,6.147201325,2.681541465,,0.289067078,81.26408344
Argentina,111.4295594,164.837511,277.2637009,463.4903787,701.0056026,1034.330757,1477.736606,2122.062171,2929.003429,3790.244677,4427.61491,5181.553663,4480.192308,2712.176319,1240.764217,,192.3773042,31113.70581
Armenia,3.483860711,5.364649083,12.44846431,23.41818319,40.14041254,77.61171708,164.2255415,251.8438232,330.5727383,362.2946277,421.7430535,801.0739245,486.6648204,269.0295329,46.44634387,,3.307875371,3296.361693
Australia,12.17843801,23.05556691,41.15476986,69.5885166,113.535084,165.7239611,246.5351404,327.4279668,539.5315696,998.4221381,1531.324978,2598.250475,3493.078817,3322.29305,1966.598205,,12.70983465,15448.69868
Austria,3.770383344,6.12437273,11.8117301,22.71918701,37.873279,73.63237149,110.8271661,156.0636405,255.0569327,430.4825009,794.2507662,1245.829539,1429.971526,1227.880536,668.8584189,,4.749743058,6475.15235
Azerbaijan,24.47658566,49.27078038,82.95650024,142.3992386,282.5218889,605.3069649,1160.315934,1622.611252,1731.258141,1435.506518,1929.295469,2789.984276,1350.547307,255.4115572,25.45401356,,27.09534018,13487.31643
Bahamas,1.504692339,2.677779079,4.908881374,8.414375154,12.75752999,20.1891575,22.76303134,25.44834578,29.75557676,30.33023428,37.59173694,37.12555342,25.48001569,14.50046192,8.634314429,,1.556336238,282.081686
Bahrain,2.079847827,3.577904069,11.49900482,14.09719024,15.53061744,18.82570438,27.39540187,35.55198094,39.37957752,37.31135414,44.15917044,47.74045804,28.41680503,7.105609484,0.705960553,,3.62132199,333.3765868
Bangladesh,1139.893474,1793.531683,2449.890657,3735.461505,5309.229743,9985.199298,11727.70529,18947.78801,23810.7806,28262.73815,29105.99123,30786.04967,23377.8376,9153.305015,1982.939195,,1772.401383,201568.3411
Barbados,0.554303975,1.061369915,1.873851292,3.395843131,6.785617621,10.4416444,18.57994224,26.97711614,37.1924084,54.86422505,62.41011475,69.49969715,66.65178958,41.91618869,15.03456481,,0.753611902,417.2386771
Belarus,17.1691621,50.86889018,95.6027305,180.983995,344.8646936,590.0363873,1147.640636,1823.652732,2322.797391,2433.413445,2741.461436,4342.637123,3374.322037,1839.143896,499.3289401,,9.632968055,21803.9235
Belgium,7.130824962,12.02805492,21.48454296,39.58494936,64.25375333,117.6157447,193.5318303,294.4942905,461.1126918,803.8948983,1126.012858,2140.473239,2829.347697,2121.458341,1057.958923,,10.13713656,11290.38264
Belize,1.469539718,2.360472823,2.832553655,4.113386326,6.899768918,9.585345827,13.69451919,16.19177004,17.74098,19.15012333,20.10890617,21.56475156,17.94558069,11.65110793,5.865103974,,2.084108074,171.1739101
Benin,53.96779492,67.71719698,105.474621,201.2887204,247.680159,402.8905814,475.12876,643.0661931,695.6953105,841.926426,934.1601855,804.8844667,442.0108965,210.237732,67.68280119,,291.4880025,6193.811845
Bermuda,0.029076983,0.059146526,0.138501436,0.317855762,0.65195429,1.275423804,2.19194439,2.945842975,3.933153459,5.860030037,7.885106745,11.35314426,10.27514285,7.036178592,4.233910406,,0.043640003,58.18641252
Bhutan,1.859756167,2.980546533,4.545447473,7.032863824,10.55103442,17.69825271,26.19604944,42.42104309,59.44533063,71.92651023,81.07567827,61.36915998,44.20907347,19.65976987,7.366955587,,3.4407776,458.3374717
Bolivia (Plurinational State of),65.8486114,76.25897908,109.4925533,176.8066911,261.683083,381.0384255,496.280942,675.1096589,838.8643038,1035.468877,1161.700619,1047.84701,690.2046042,339.9083392,98.22912074,,145.0853599,7454.741818
Bosnia and Herzegovina,5.250924314,10.35924277,18.28438916,37.48901644,68.25413517,137.4036443,275.7231174,467.8633681,809.9169754,1218.87339,1723.196085,2392.437089,1570.936226,599.5087746,169.273047,,10.94790674,9504.769425
Botswana,11.10786404,18.99602197,34.26344906,56.37259179,82.21990653,111.3859387,144.7678407,237.9855408,268.3494693,256.1092675,249.8387914,221.1580909,138.06868,53.52264661,15.93680651,,23.90717115,1900.082906
Brazil,456.5935251,831.0677446,1593.37518,2697.934062,3985.192981,6095.002211,8385.43307,11122.35295,14163.72034,17489.91502,20061.61533,21123.3984,17574.89996,10256.45095,5630.411374,,777.4108415,141467.3631
Brunei Darussalam,0.732745593,1.474200595,2.951435888,5.523123287,8.337781787,10.24587121,13.54998533,18.19230942,22.98598129,23.99778228,25.98869705,22.48375209,13.91789478,3.467537836,0.614691557,,0.793740908,174.46379
Bulgaria,20.6756037,43.32840911,88.03928423,187.9269918,359.0116821,603.1002417,1059.14973,1794.275284,2990.657399,4686.533797,6065.667805,7354.041337,6681.261124,2740.327234,532.287707,,23.28750355,35206.28363
Burkina Faso,87.69021539,117.0938889,187.336631,377.6908387,479.326753,729.4050907,898.0284229,1110.090344,1110.090583,1175.792669,1093.684968,914.4927467,607.7525503,332.9664648,109.916215,,691.7661576,9331.358382
Burundi,63.95075782,95.07247151,132.344796,241.7863735,309.1997297,465.8030194,614.6612116,865.3795531,927.6288011,774.9455531,758.0526999,633.1193159,298.9145195,129.3050804,36.50933315,,190.7017878,6346.673216
Cabo Verde,2.529463419,2.979610099,4.487655199,7.863653968,11.79571264,20.41585624,27.79475936,36.25458165,34.21642479,35.24782354,47.60548594,82.93512986,75.50643226,40.36755942,19.52491081,,4.497301719,449.5250592
Cambodia,67.62070615,121.5551096,227.4731974,340.0387269,622.4507425,1137.625071,1578.422526,1972.669913,2277.931075,2644.252697,2718.279639,2517.281786,1679.753256,643.383648,178.8712323,,168.0569486,18727.60933
Cameroon,178.301577,246.3104078,365.0806795,672.7618041,804.5706036,1139.941346,1341.720304,1695.15915,1618.373517,1767.095829,1825.262449,1594.978399,937.7468276,433.6286589,108.1887096,,675.5613214,14729.12026
Canada,22.69039254,36.19139852,58.70389444,100.3326442,156.5215306,278.11372,496.1768082,707.8643742,1114.239823,1853.068215,2574.619168,3762.990856,4687.643126,4267.272563,2903.30094,,26.27666933,23019.72945
Central African Republic,36.06928816,50.42189721,83.69536104,191.8014703,295.3597218,423.653918,498.8428235,585.5146429,535.8118401,489.9220673,417.3676048,277.2040255,117.5163765,34.24894736,7.84930131,,141.7375293,4045.279286
Chad,85.1499162,102.5623697,148.3063438,277.5633509,364.1816985,567.5152391,625.1233682,839.0219694,875.1951319,972.0717055,936.5219378,752.051282,494.5304775,196.4812385,63.87195413,,576.9299944,7300.147983
Chile,26.79615353,39.61983392,73.68946933,119.9410476,190.8544514,328.3834737,513.0903415,703.56362,999.3019839,1364.262099,1835.880246,2161.141114,2188.8869,1445.415166,629.6448754,,36.03610525,12620.47077
China,3748.959297,8590.322927,13160.79274,25842.0385,47656.8579,91744.24404,117126.3295,172894.5115,280324.7821,379930.2274,416054.5416,470956.4483,350645.0839,114876.6537,28391.97586,,4178.11899,2521943.769
Colombia,118.0717231,142.5687094,241.0113998,347.569811,490.3503646,842.9375476,1165.922848,1548.314446,1892.011196,2460.146089,3040.718498,3544.749636,2973.256318,2225.73289,1603.833334,,213.2629471,22637.19481
Comoros,3.340981896,4.748010702,7.150161425,14.79600701,21.1168161,30.42466244,36.77512455,54.02553531,67.70429939,93.91911907,103.114,89.71007103,47.63926838,23.88312815,8.006309958,,7.326505362,606.3534954
Congo,22.81040049,36.01180793,64.82768634,137.1416952,197.9133842,267.067167,313.2381972,394.4967738,440.3446391,469.1948296,464.705926,369.9650488,209.5966888,69.02630414,15.9773328,,49.53163679,3472.317881
Cook Islands,0.102319736,0.136468324,0.216415835,0.357100461,0.487189005,0.774956581,1.327764401,1.414375674,2.136314002,1.696032674,3.422469367,2.773608414,2.652910007,1.118220728,0.443132567,,0.109407637,19.05927778
Costa Rica,8.46357715,12.69404031,20.60890856,25.28570008,37.00225119,62.78813952,87.21479911,113.8743825,139.753484,187.4239277,254.7085467,307.1813077,306.0472371,228.0122726,172.4967474,,11.42540068,1963.555322
Cote d'Ivoire,160.3457712,207.8215386,309.5135994,550.7500693,622.5622693,913.7932614,1068.739633,1374.786713,1268.336731,1318.164712,1303.561949,1121.604846,700.4979793,332.5600708,97.2596215,,597.5532149,11350.29876
Croatia,3.191023248,6.401905884,13.3935205,28.61983004,52.83829649,113.3853186,200.4894572,392.4100307,642.4434612,925.962699,1616.657665,2325.404902,2040.301766,923.2450065,205.8050312,,3.988919692,9490.549914
Cuba,14.70270577,30.70169247,46.38848926,95.83705197,225.995072,444.8287058,661.4270782,761.4398625,1136.05181,1630.207686,2138.745614,2341.185511,1971.677866,1359.272701,847.130001,,18.5433537,13705.59185
Cyprus,0.810761368,1.601968183,2.428621122,4.548326947,7.027157757,10.35736802,15.51193975,26.84718687,42.59954006,79.2239562,136.8597354,250.6922708,243.2532893,99.90908232,18.07171326,,1.152047321,939.7429174
Czechia,6.026828728,11.43585421,24.22185259,56.11315847,99.82181051,160.2062623,257.7572063,484.0135844,969.3197239,1642.385901,2126.365635,2652.589874,2975.950963,2001.413222,902.5766538,,5.401916019,14370.19853
Democratic People's Republic of Korea,238.2291961,369.0458314,662.9761019,1258.800838,2728.521557,4585.738782,5541.975074,7009.158276,7232.242033,9777.390775,11209.89079,9983.666011,5632.374789,2175.785524,573.1777824,,256.2504531,68978.97336
Democratic Republic of the Congo,325.3351279,472.8099568,692.8469009,1402.00477,2079.652464,3345.666252,4330.964727,5649.743532,6056.999116,6035.63058,5808.743297,4912.10873,2744.627463,1073.549172,283.4118314,,1010.731078,45214.09392
Denmark,2.867297913,4.732392315,8.540912342,19.88609187,35.90478865,71.34158934,111.4326415,168.312177,271.5102731,565.5391016,730.6278896,1057.137283,1060.217594,908.0654843,532.0772761,,2.494369893,5548.192793
Djibouti,5.853967138,9.453224766,15.36560124,31.23431477,39.79652318,54.73262636,63.01505632,84.99153242,93.35564849,96.55732037,83.71839706,58.73534532,25.68687176,11.2390496,3.303936986,,13.46082123,677.0394158
Dominica,0.155577228,0.270930407,0.447221468,0.676713734,1.328247448,2.489581149,4.004262226,5.592721218,7.40427259,9.867797491,13.62625111,17.21232195,13.06615796,7.292956336,3.133227964,,0.245251948,86.56824028
Dominican Republic,64.37673364,117.2317293,171.0624135,288.5420405,441.827921,695.7236415,781.6445149,1088.481738,1167.275188,1516.009209,1315.403819,1354.894441,1186.630797,602.0384224,288.2809163,,103.2399745,11079.42353
Ecuador,82.02739359,101.844388,130.8376058,183.0477241,266.6057076,362.6689576,479.3498413,581.7304591,683.5574207,798.3660756,1012.524636,1137.420813,1051.072323,706.4670827,161.8120936,,169.5777266,7739.332522
Egypt,1157.52508,1083.038007,1316.958081,1568.003292,2219.09414,4030.803819,5582.9381,7799.459787,9013.313508,8755.860457,8932.388349,6603.534884,3666.21174,1261.835475,339.8913154,,5597.995761,63330.85603
El Salvador,20.87284472,25.95691788,34.32169017,50.70530014,76.19595753,104.7355483,135.7399417,176.5712531,222.5993105,314.2277521,406.0077913,471.8458203,445.1103227,277.5161275,207.3558452,,42.0225142,2969.762423
Equatorial Guinea,4.154515179,5.882984957,8.237740488,14.7388933,21.66241467,29.53925544,35.63554907,47.32684608,63.21409269,62.90338778,79.86748871,66.70603385,37.38005494,14.90825182,4.526529348,,11.59587443,496.6840383
Eritrea,46.59884857,65.00215522,100.3549237,193.6028135,261.0128196,344.7457949,384.9450633,482.5130437,491.2396045,447.3370992,468.8344164,313.6679356,131.64367,47.46302054,9.065384316,,101.5865999,3788.026593
Estonia,0.807574849,1.928101766,3.464032536,6.776225592,14.0087542,23.00851175,46.30484012,77.51834961,131.5350799,165.5905257,253.6293927,338.2897623,332.2485946,201.7669683,57.77920153,,0.607463795,1654.655915
Eswatini,5.868092204,8.313336543,14.10650692,23.62437105,34.76633859,47.95491661,60.16402885,102.3800452,117.7319241,126.4657733,127.1566265,93.4122012,48.29701949,17.524935,4.3439088,,13.69540363,832.1100244
Ethiopia,299.1126693,401.881603,556.6658195,1052.911011,1287.76331,1887.460972,2285.627423,3461.414207,4571.273315,5480.57264,6597.146026,5526.410893,2885.519512,1409.686376,424.3519005,,920.7489842,38127.79768
Fiji,8.901103197,9.609651578,17.34434016,22.92465422,32.06526213,56.47186832,77.67972232,103.741425,108.1038996,117.1302467,112.9173882,82.91916668,54.40854772,14.18250585,3.466071072,,16.74311953,821.8658527
Finland,4.836995729,6.713285282,13.92135529,22.51968025,35.24526067,60.57132441,101.7471615,170.0485419,310.0993099,561.9984809,763.8760305,1251.752051,1452.80492,1210.743252,702.0185292,,4.010033765,6668.896178
France,41.43127335,72.59670606,129.2281965,234.6011673,397.0560363,604.2686465,888.6097808,1288.965311,2089.524656,3213.236141,4544.225664,8577.038202,12879.63495,13009.81927,7152.552302,,59.40382727,55122.78829
Gabon,5.630993208,7.915587373,12.78714105,29.3345713,45.99515322,68.45965931,94.42183717,129.7955376,156.9330418,134.7569416,162.1904171,151.2559,96.72393028,38.46818341,11.26062954,,13.49881975,1145.929524
Gambia,13.7946218,16.78447336,23.92640555,42.34031928,51.8258441,75.73484619,91.44437692,121.0823753,131.0544568,147.5062856,189.5182918,175.2781831,111.222943,43.08503102,11.60096926,,42.40281232,1246.199423
Georgia,16.96711028,35.99085988,60.77629647,103.5846412,174.1809214,291.4909981,526.4447177,810.1004213,1106.337782,1355.602407,2022.181409,2854.891716,1649.955199,1178.006163,479.5613709,,15.61726877,12666.07201
Germany,54.33919498,98.48774125,156.5908674,255.3390575,456.1789868,989.8683559,1576.325807,2263.731081,3539.018505,5536.160344,11420.2699,20817.81464,18796.67732,13744.71768,6287.136714,,60.8221326,85992.65619
Ghana,185.3944843,283.5762702,429.2937369,828.6456504,1089.366301,1577.168845,1760.008081,2450.092816,2540.593437,2628.226125,2933.534912,2647.360532,1762.810654,776.2382708,242.9179014,,446.7088127,22135.22802
Greece,10.39790098,18.61168028,36.98786687,68.76210268,123.5457074,195.5094373,286.5310541,424.5318584,676.6334182,1277.406002,2429.167217,5098.252383,6744.481784,4680.751136,1609.154025,,12.55119768,23680.72357
Greenland,0.115064119,0.222562174,0.429986774,0.677885151,1.238217939,3.182090541,4.566362201,5.339371803,5.46265291,6.480989784,7.291377447,7.129099247,6.968222629,3.448525248,1.024278848,,0.140014428,53.57668681
Grenada,0.29508223,0.520803705,0.844087667,1.448917189,3.025517677,5.300349297,7.81419654,9.962688049,12.943854,15.59290627,19.09054977,14.85265213,9.188679394,6.267282917,2.962093696,,0.426281149,110.1096605
Guam,1.083418734,1.240093235,2.369803628,2.994508957,4.737933948,8.316014802,10.10539293,10.83430442,12.66119146,12.59489571,11.81211892,14.33527428,13.60493058,8.465635609,4.620790482,,1.796485668,119.7763077
Guatemala,103.6648343,123.3121963,150.2095292,175.531475,205.2017713,251.3510794,317.4508793,406.6380037,504.4904154,626.429261,725.0030412,1171.821652,906.5730572,367.4122304,52.75440015,,205.6526069,6087.843826
Guinea,75.59108428,97.57874998,135.3955362,238.8656458,299.8584043,481.6703262,593.302575,832.6695717,888.4781976,940.2013055,943.5962675,877.447972,634.2269296,362.3749528,111.8581986,,432.8001524,7513.115717
Guinea-Bissau,18.22848939,24.24216289,35.10517843,59.64719504,71.63198396,104.2651752,116.9463778,139.6642639,136.0789088,134.8414414,127.8456654,93.36477388,55.51267966,23.1416326,6.161307282,,51.07481857,1146.677236
Guyana,7.520836153,9.482973446,13.48673632,22.8334806,45.35042917,70.33981691,103.9289239,136.1234106,161.0049078,148.9617371,138.0299777,118.1938461,66.43991157,40.98772233,13.0595023,,10.65585959,1095.744212
Haiti,149.987906,232.6065652,357.4088411,546.9999177,735.5533656,1010.405617,1257.173947,1652.080139,1887.468074,1922.382617,1868.360239,1542.547663,905.2153501,364.7234793,95.68280289,,514.6076029,14528.59652
Honduras,55.03043864,74.8912967,113.460551,192.8824979,262.1175952,369.7742457,514.1368935,642.371498,843.2399246,1062.963488,1219.505598,1096.796019,674.2891063,318.6256282,88.5850424,,135.018445,7528.669823
Hungary,7.984116097,17.86495481,40.23707045,106.4115059,183.9861051,324.4680894,481.3274543,939.7572269,1350.816815,1756.503788,2585.331827,3093.277856,2945.926371,1736.325818,668.3115299,,9.010963829,16238.53053
Iceland,0.229610266,0.270937794,0.527371972,0.770039504,1.228128325,2.006487976,3.008536877,4.868465632,7.300010313,12.58051253,19.42540851,29.77054604,42.35995004,37.00781783,23.85845153,,0.306037325,185.2122751
India,3066.408971,5512.241156,9978.341994,15802.81557,25554.66875,46519.25613,68019.15254,96838.6645,124880.7616,126007.4158,121434.1605,90204.88895,50690.03983,24351.39757,5565.442015,,5317.815527,814425.656
Indonesia,1330.846098,2212.919448,4874.120307,8926.948737,15371.01593,24117.72831,34259.30225,42927.98094,49377.99691,50978.4767,51296.26491,46428.22957,29989.03741,11523.45776,2816.245646,,2191.93934,376430.5709
Iran (Islamic Republic of),195.5134378,307.1316798,491.9772551,599.6572298,833.7085443,1338.45882,1938.480897,2976.684285,3643.548921,4510.652938,6441.635844,8255.578434,7629.46731,3855.992802,1187.380493,,345.2452048,44205.86889
Iraq,388.3900816,462.6185155,573.7255793,913.0014485,1550.920835,1915.540379,2379.727627,3172.54641,3929.771993,4401.88965,4501.162393,3852.896816,2693.336844,1393.655984,486.8311544,,741.8781237,32616.01571
Ireland,2.594443513,4.832859977,9.078024634,16.32499458,25.42149877,37.19936265,51.69251711,78.83466752,120.9142864,221.7051816,368.4602538,561.2818724,675.1402691,476.4930286,246.6176888,,2.78168098,2896.590949
Israel,3.576374807,5.758634898,10.55416489,18.84420944,33.88212648,55.92887456,82.85851056,144.8612869,231.1101257,378.8419434,458.144725,758.2081997,827.2514709,685.944713,414.1551714,,7.873367677,4109.920532
Italy,26.67923033,50.83174394,88.38524874,177.6793449,335.1983111,540.2356988,758.2354656,1130.307643,1894.956419,3698.406278,7270.583511,13992.38135,19804.98099,16817.10112,8858.252883,,39.14004542,75444.21524
Jamaica,11.51845994,15.93770073,26.63671478,44.38031115,77.02524375,118.8544619,170.3842074,243.0845492,306.493768,451.5157319,487.0078473,540.0843707,499.68609,342.4813515,299.5786331,,16.49125397,3634.669441
Japan,57.20669701,128.6872203,313.7686803,777.7151217,1455.106715,1938.715343,2352.275936,3362.16756,5665.297803,9725.484818,15300.79851,24287.97929,34176.84567,34293.24959,30262.17392,,62.40252426,164097.4729
Jordan,12.92980917,19.22679335,34.29772379,55.41859521,106.239212,171.0104055,239.7466948,338.6044776,459.1038477,582.87597,834.1790354,677.3325894,420.4102665,174.2055922,62.45215862,,28.72315759,4188.033171
Kazakhstan,69.22301616,162.5959911,293.5489751,470.2786581,774.3406997,1261.10186,2086.667076,2719.033596,3421.511945,3019.318546,4138.89165,5383.821014,2633.763607,1535.630693,267.3864693,,68.89253264,28237.1138
Kenya,165.0399833,250.8321729,378.4312368,694.983064,967.9583515,1385.426176,1704.310074,2458.921724,2912.085252,3168.571994,3195.828515,2546.617057,1364.412025,652.7843031,202.4328635,,400.6923837,22048.63479
Kiribati,5.836329688,6.191949272,8.805940403,12.35184856,13.84665401,17.94344294,25.50763964,27.3064763,21.76879051,18.19171052,16.7011101,9.532288543,4.415986322,1.164582411,0.213162112,,6.009364047,189.7779113
Kuwait,7.954144863,17.77296183,27.67911697,44.89481097,55.49305067,63.89539591,60.85758489,83.0063262,78.63475811,126.3611966,122.274511,150.4308946,184.3136115,109.1283354,49.88618936,,13.08179059,1182.582889
Kyrgyzstan,23.68240292,42.74799831,69.8525858,126.4243986,222.3268385,366.2766743,616.1727192,742.3127083,758.4351082,493.4775947,598.8511818,670.8373649,428.7273244,247.3646781,58.61602869,,19.6255312,5466.105607
Lao People's Democratic Republic,57.9235222,94.26001888,154.766424,253.2148523,388.3075291,595.6999303,756.7492158,926.9674133,1008.642626,1017.815668,1041.594466,893.108165,529.7781319,225.0463662,68.33458313,,129.5791542,8012.208912
Latvia,1.498559015,5.027158515,9.361446822,19.51924089,40.01095966,76.19962653,157.9829898,266.015888,393.4145158,541.0423232,964.337731,1322.090838,1196.549637,787.6607801,224.3770779,,1.492438423,6005.088772
Lebanon,10.62074067,14.05285641,19.53072577,26.37319502,34.84080243,48.15217078,71.64082669,98.71246002,149.2142103,257.3229267,400.4601958,528.6961997,468.7895257,268.7825619,81.57116016,,12.34927456,2478.760558
Lesotho,13.05367331,20.26216625,37.68411988,62.03114098,93.82133867,140.9065706,195.2521525,309.9313301,359.8696623,353.8975049,322.47354,260.6728192,153.62177,55.26048681,13.78860449,,24.9488356,2392.52688
Liberia,26.05324463,32.72706437,51.89767558,98.39503828,132.4798838,159.2634635,173.8327532,211.9158613,219.567696,244.9302929,259.8050392,246.8451368,186.5094409,97.6220592,30.64718549,,84.59056084,2172.491835
Libya,45.73512232,60.65120934,99.12168044,135.2190798,190.2930663,210.9330334,237.7297276,314.6948303,386.0435236,462.1760192,620.4024574,557.5146656,497.352598,293.5529696,132.2609288,,107.5987365,4243.680912
Lithuania,3.358919382,7.72516865,14.84392688,29.08734413,55.26111493,92.45499868,176.3451153,293.0013955,423.0993075,549.8557465,926.4955808,1259.157908,1272.751829,717.6118001,175.8516816,,2.1058713,5996.901837
Luxembourg,0.496193714,0.858298597,1.352137581,1.997671124,3.493620998,5.491247546,7.918367001,11.0648583,18.28922509,29.99584957,51.58623212,82.43511873,93.65498869,77.82250383,41.62509949,,0.593098076,428.0814124
Madagascar,329.0593693,441.8158909,648.3558673,1085.2624,1413.17379,1898.225695,2228.164549,2692.759364,2709.163001,2520.923591,2169.414134,1548.730283,791.9670601,327.0130657,92.12862424,,761.9600267,20896.15668
Malawi,81.31235658,109.9903963,148.7489944,289.6037196,361.6481101,479.8645129,571.9779763,922.3998803,1168.921918,1304.777685,1258.987718,964.7190887,526.0162326,320.0178511,105.1896322,,250.0548754,8614.176073
Malaysia,133.9148315,247.5794995,355.1486729,470.5693087,716.9115263,1176.022821,1801.313911,2513.940402,3332.234412,4351.20929,3909.570935,3539.428147,2261.360135,1276.901431,265.8713783,,214.306708,26351.9767
Maldives,1.929875137,3.679938489,4.711562961,5.128932914,6.621930323,8.177626703,11.08246051,14.09165316,15.15456847,16.63984531,25.88985042,37.92955613,32.62780035,12.88424815,3.960002017,,2.795124656,200.509851
Mali,126.0784022,157.9032273,205.0959083,320.7578709,399.1607371,633.3800855,702.2763304,981.8780946,1094.508189,1331.149481,1400.971213,1221.975623,809.7082119,428.2644723,130.4288337,,967.5640513,9943.53668
Malta,0.477560023,0.659699099,1.064820437,1.507003278,2.15800838,3.107348865,5.820609908,11.37375798,21.28502233,43.07810874,56.1245878,87.22782015,88.51569801,57.84690619,31.19955126,,0.570503882,411.4465025
Marshall Islands,1.48657751,1.881225755,3.235901203,4.225334854,4.987396722,6.319166087,7.777766305,9.284938432,9.421508758,8.077674066,5.65352908,3.620535196,2.079496781,0.639594101,0.149166962,,1.484660083,68.83981181
Mauritania,14.74822849,18.76127835,26.44438578,48.93350067,63.32301571,108.1411174,129.6905721,183.8546224,213.8582713,241.7956738,273.7666877,260.2725953,200.6848535,88.73678656,38.74376989,,45.61854882,1911.755359
Mauritius,4.198289725,7.111934661,15.49452087,27.88724977,38.53294971,61.75920267,85.32873917,121.5619167,149.8276918,168.1108261,178.2765957,171.6610831,146.3225564,92.12719841,43.51819016,,4.522587088,1311.718945
Mexico,240.5410486,328.0883239,510.4565208,823.8107639,1263.05384,1846.03639,2433.511346,3159.260908,3801.264479,4840.738011,6136.238193,6683.694644,5996.422816,3680.811419,1574.636216,,571.8150392,43318.56492
Micronesia (Federated States of),2.993804066,3.5297419,4.622425155,6.707402787,9.84145397,13.83788991,18.46736523,22.78997155,17.93554127,15.19152946,11.47406505,10.48432356,7.248693712,2.12194195,0.442992203,,3.061554743,147.6891418
Monaco,0.031716758,0.051861584,0.087984473,0.162779899,0.277142283,0.514419408,0.78874588,1.260233056,1.966975746,4.635061468,6.963005955,10.22756585,12.13532554,10.82689231,7.677747216,,0.035267909,57.60745743
Mongolia,30.01620111,63.25036641,115.9049097,233.4226245,427.5443768,664.6530712,771.8419981,764.370388,543.3779804,490.7431838,500.8328503,504.1000961,375.5642916,74.17197284,5.485729932,,32.11752841,5565.280041
Montenegro,1.404251159,2.510930076,5.261987119,9.198878742,16.08879318,35.80927166,68.29174719,123.0261357,213.4464241,264.7395448,395.8305621,541.5275482,373.1353992,145.3416259,35.59682584,,1.503159324,2231.209925
Morocco,153.4048964,239.3583367,393.7177243,679.1422023,1007.329591,1642.208418,2616.160886,3719.288602,4412.674906,4898.414048,5723.906284,5980.202541,4068.968976,2069.583651,723.7736037,,320.5719246,38328.13467
Mozambique,143.2211698,206.6021378,343.2311974,797.2752419,1152.814612,1541.457244,1973.846709,2676.18263,3240.930251,3072.774544,2829.56003,1930.256445,782.2162992,374.1924423,130.976599,,387.4567299,21195.53755
Myanmar,712.1162796,899.2146569,1392.684549,2342.022894,3525.104083,5858.244917,7812.281486,10378.59969,12138.37033,12919.82296,12876.01778,12556.34684,9023.370041,4280.637725,1197.316959,,1686.76298,97912.15119
Namibia,6.86254607,10.12639892,19.0248218,33.2959365,55.30823586,87.86085702,113.4209443,192.5825294,237.3330698,275.8495134,336.0743983,299.8092956,207.6267306,92.71754482,33.19977178,,16.39560596,2001.092594
Nauru,0.373074599,0.468801667,0.662720283,0.874291469,1.011020485,1.188707984,1.268700988,1.247862847,0.845087614,0.607431253,0.474895871,0.295866765,0.17011362,0.06696254,0.015719993,,0.575366189,9.57125798
Nepal,60.30437642,95.73025725,165.3237007,319.3355394,564.5807827,958.1291735,1522.008931,2274.839333,3073.063477,3487.439195,3476.469364,2176.264496,1478.024685,647.9325769,217.9302332,,136.5266887,20517.37612
Netherlands,10.09812169,16.47045433,24.8187085,46.68613572,107.0916353,178.4460553,264.2946909,419.9387613,702.9880558,1260.120395,1879.977329,2922.695863,3481.154513,2664.117452,1296.067731,,12.41033271,15274.9659
New Zealand,2.613547453,4.506065994,8.116741592,16.08809702,28.8804815,43.76789827,64.97717069,91.84350001,137.826338,241.5903195,408.3860677,580.5923676,742.1515687,655.873201,385.1293372,,2.839736975,3412.342702
Nicaragua,8.757532869,11.71100737,19.76831225,35.88590646,55.43763787,91.60591702,132.2732057,192.1643467,249.4302192,328.9156425,393.7174725,419.150867,296.5105357,128.5190609,50.11301943,,22.80041496,2413.960683
Niger,109.3317532,124.1165761,193.7622197,320.920014,398.524557,718.003854,901.4844084,1222.304982,1127.884192,1267.413968,1280.984577,849.2540721,453.1535375,245.3694026,69.40780934,,831.1111714,9281.915924
Nigeria,556.6819567,738.2839018,1159.819588,2191.546682,3056.387842,5052.810042,5988.357887,8026.032927,8887.612362,9506.404977,12795.88841,10234.56268,6037.828377,3185.724579,1228.371086,,4031.459049,78646.3133
Niue,0.018208041,0.020768306,0.037036209,0.060447727,0.088754399,0.155765113,0.23310755,0.302668966,0.3117345,0.369924367,0.465559417,0.47228822,0.400668605,0.172488725,0.050563241,,0.032919303,3.159983386
North Macedonia,8.028280936,11.13611566,23.00952113,39.13913509,80.21018457,141.957899,277.9092646,488.3420285,867.7543682,1202.025552,1890.701663,1873.197818,1209.693616,303.971091,24.42714559,,10.65705894,8441.503683
Northern Mariana Islands,0.295539715,0.238699464,0.465452795,1.24619476,2.547287059,4.570137957,6.718130793,6.972602168,7.678630904,4.108141361,5.583545801,3.645482941,3.296505876,1.209771406,0.485528204,,0.390023755,49.0616512
Norway,1.440669688,2.835743717,5.662941644,10.50480275,20.10838955,31.16712272,40.70973189,81.73408314,130.9458128,290.3473216,390.4006367,622.6333973,823.545688,741.7676448,505.1671651,,1.715223041,3698.971151
Oman,23.41899691,32.11529414,40.5181961,40.14206503,49.47051747,59.1738139,88.48543814,114.8978667,151.4690292,205.917899,207.3414182,178.935881,70.06228875,43.81128397,8.211677652,,52.45242672,1313.971666
Pakistan,1235.604689,2003.596611,2634.794266,4248.904161,6262.515413,8820.125979,11675.19908,15599.06185,17633.85034,18863.17727,17614.24303,11863.34062,7304.369865,3235.871299,1138.285233,,3693.113789,130132.9397
Palau,0.258779688,0.35603586,0.717670041,1.193335968,1.598700188,2.524387321,3.606211796,4.084109485,3.995951211,3.509140254,2.363529269,1.579448752,1.517998201,0.543660075,0.12709075,,0.276943586,27.97604886
Palestine,13.46610939,10.56889948,15.3260559,25.80306203,47.3910393,85.41788686,138.4066431,187.8435277,274.9825969,362.1397406,407.7869683,374.4912057,296.4482919,135.7496356,45.84108441,,24.29701115,2421.662747
Panama,8.258662965,12.39603817,18.00965344,32.57314775,49.66170968,74.04312352,102.5023524,135.1282623,174.841714,244.6182297,325.3211799,393.6662116,362.4880955,276.7961184,189.2277171,,19.00387481,2399.532217
Papua New Guinea,154.2264565,165.2614444,272.7905432,415.3421699,559.0952606,735.6243306,845.2081322,921.4783181,897.9054576,920.6100431,725.1641404,494.6501734,290.5064897,117.2617068,36.89531593,,405.2128232,7552.019983
Paraguay,20.60719319,33.4886268,52.64827786,96.53278138,133.3929676,218.9347911,299.0652322,390.0467933,460.2213768,540.346126,625.2075945,637.520112,506.4695728,304.1846962,224.8231097,,33.52996472,4543.489252
Peru,165.011056,171.2036226,211.2351446,291.1657781,358.0563196,505.817618,631.9020575,750.7037546,970.3441655,1171.492537,1521.545801,1649.851984,1756.645759,1424.887035,898.0674931,,279.3686345,12477.93012
Philippines,578.2995139,932.4063145,1700.793473,2815.739289,4516.167781,6472.152452,8398.940664,10102.85007,11228.18889,10845.4327,10133.56278,8961.667398,5525.550007,2623.100536,673.3616703,,989.7126565,85508.21354
Poland,41.57386016,97.34510372,209.4369417,389.8599531,637.0831776,958.3363695,1671.48575,3155.091267,4563.212966,5426.498829,6080.769522,9626.836999,10794.78803,6893.777392,2569.241809,,33.18592899,53115.33797
Portugal,5.404180273,10.68099065,27.97953435,68.15610229,115.6186399,181.0881356,286.1193117,455.3887345,762.7322275,1377.406332,2338.985465,4003.649141,4798.588601,3491.121638,1580.831153,,5.290593119,19503.75019
Puerto Rico,3.657922335,5.361913773,10.78894436,17.55353822,28.046475,50.06738413,73.88550351,115.7906571,166.5672071,249.8695336,328.6945721,426.8964701,421.3019971,344.5587819,301.3472586,,4.99027534,2544.388159
Qatar,8.353866851,11.17578584,20.23825442,19.66064941,24.89028687,22.66977244,26.98951879,23.03538223,24.02773197,24.09717563,23.65907861,19.03676534,7.417353117,1.856216328,0.246793859,,7.629326546,257.3546317
Republic of Korea,39.88449444,77.6439756,200.1543696,388.5058249,787.7835185,1191.002155,1790.413543,2295.987606,2631.24962,4354.765546,7030.568699,9177.459459,8565.562873,5077.665529,2261.231868,,39.95450495,45869.87908
Republic of Moldova,6.227937208,13.64580357,25.73924618,54.19226322,96.68022199,167.4188644,378.2819196,660.0035012,1047.746033,766.4129644,1049.746897,1111.957861,701.3466073,381.9518789,187.4929463,,4.603378974,6648.844946
Romania,35.01673738,66.70564785,129.7040169,328.4356999,634.061055,1104.956779,1522.001926,3267.513711,5241.234951,6864.169829,10031.30945,14445.05348,12184.90385,6210.370312,1754.719643,,28.2524732,63820.15709
Russian Federation,432.3781199,1253.929288,2263.977077,3354.512569,5001.913933,7694.515592,15113.77333,26346.61255,35520.80002,41652.91445,47382.19809,79117.93924,57864.80295,39723.02615,9908.69542,,260.8614927,372631.9888
Rwanda,52.24034951,88.27900589,122.8954026,211.6807366,269.3701598,417.4308946,603.4094611,878.3818865,1057.037806,996.6145278,1044.491209,917.289891,463.8652622,225.4469184,58.65147888,,132.3562455,7407.08499
Saint Kitts and Nevis,0.184012693,0.339744571,0.704381893,1.342332738,2.648788381,4.623294525,7.075542084,9.790399428,10.86028134,9.473873585,9.709530052,11.00486183,8.052597813,4.408073886,2.074626497,,0.303369162,82.29234132
Saint Lucia,0.502142093,0.845938414,1.475752118,3.035220314,5.798240658,8.742739695,12.27115414,16.34865192,17.02006514,26.61350827,28.99578622,33.74449175,30.7814694,20.84823515,7.053410409,,0.56049289,214.0768057
Saint Vincent and the Grenadines,0.411892182,0.595539354,0.997870602,1.942399601,3.874061425,5.916204438,7.394043516,10.80618837,11.53124116,16.54947829,19.88655269,24.19093776,17.83286961,7.415022005,2.366855533,,0.514784315,131.7111565
Samoa,2.920706788,3.684016099,5.302552198,7.804413497,11.44787522,16.39022331,19.19709226,22.53756599,23.07433113,23.30863426,28.11643446,29.88184574,23.34068765,10.1755225,2.951411924,,3.804102956,230.133313
San Marino,0.027672681,0.046736433,0.078235102,0.133722688,0.224247603,0.36595852,0.525311553,0.842759979,1.506727323,2.911940234,5.073226867,7.913747994,9.631503474,7.297330808,4.368309729,,0.028304137,40.94743099
Sao Tome and Principe,1.51588226,1.811403402,2.997891663,4.765617553,6.23707937,9.098333004,10.80355239,13.1532026,14.52726117,14.97797595,18.22527242,18.67293353,13.15268971,6.220797793,1.766376483,,3.446441964,137.9262693
Saudi Arabia,193.998535,352.8506196,748.084739,1206.452063,1444.475175,1538.121396,1589.528666,1756.674587,1756.869916,1653.995315,1347.255676,1166.144132,968.8700911,720.1892209,220.6865142,,142.0859058,16664.19665
Senegal,71.77002521,84.86570453,121.5647092,228.598166,296.4289741,486.1697858,628.1589423,855.4324438,905.8654159,989.2664226,1064.746078,1001.844118,698.1433951,365.5284277,115.1909002,,271.2997612,7913.573508
Serbia,12.39284421,26.23206348,50.62321538,102.9926046,201.0722252,380.9307366,690.2814233,1380.079908,2759.314358,3300.852803,5588.191855,9140.52622,5854.039401,1602.458699,257.4073176,,12.391057,31347.39567
Seychelles,0.389502883,0.76574151,1.193829639,2.376575401,3.588830686,5.084127774,6.486004563,8.055182267,8.360590349,8.709246902,12.30181323,11.72555522,9.856220661,5.279369274,1.934909515,,0.507635109,86.10749988
Sierra Leone,67.90334359,80.73128151,111.7680693,193.3743554,231.1119607,347.0337735,375.3136288,488.0762389,513.0483078,583.0233659,668.0622654,568.7548085,329.036147,164.4475066,51.55860883,,376.6042785,4773.243662
Singapore,2.925130981,4.389860052,11.60535525,22.49165703,37.34512392,59.34664038,88.99887,121.3565763,168.2561696,203.262055,251.0993605,304.7999625,270.5833969,230.6278968,171.6732684,,2.545158299,1948.761324
Slovakia,5.557479189,11.46637301,24.11838765,56.86137705,88.59913398,137.3121,256.9694833,501.9459909,803.1726842,945.0687619,1216.193121,1385.268552,1232.491466,613.519945,230.3233731,,6.124484584,7508.868229
Slovenia,0.67337843,1.684835661,3.878249291,7.4495974,14.44305741,28.7453016,45.21635851,88.78316908,164.0024071,207.041693,369.9109415,579.1827269,590.0910145,451.451013,230.5717672,,1.132384276,2783.125511
Solomon Islands,15.87345428,22.50440372,43.24437753,66.05583209,94.43039305,111.1968481,121.0620888,121.4798393,121.3219371,117.1868383,96.89668331,61.84234004,26.37704997,5.476965126,0.916288571,,18.90097632,1025.865339
Somalia,128.1452008,161.2782189,279.4387087,646.5660667,767.1336786,739.4628671,953.4901426,1531.40323,1775.159187,1560.422213,1225.706747,729.7466514,294.5333467,108.9647122,21.89024283,,433.8685174,10923.34121
South Africa,207.3616151,366.2638695,456.2491875,527.4467031,761.5794541,1210.565827,1744.890841,3302.391913,3884.028632,3840.933028,4246.013418,5278.019996,4424.635826,2251.390917,654.7559684,,158.0115172,33156.5272
South Sudan,22.79272274,40.18728468,69.17566946,140.6931137,201.1071891,305.2291516,347.2693876,472.64271,527.7773459,590.1182754,594.2896453,478.5224522,236.4183498,136.8234929,56.71280913,,135.8599536,4219.759599
Spain,23.94572069,44.39376022,85.67488256,176.3984651,290.516475,490.7089242,670.300144,908.968237,1364.95891,2529.951955,4137.894838,7744.643457,11464.92495,9666.651693,5136.949765,,35.88680593,44736.88218
Sri Lanka,51.67812083,74.82478376,140.580453,226.1093296,379.5789812,614.5894451,904.51339,1406.113253,2186.677035,2762.935192,2902.154125,3097.851039,2753.764361,1435.62634,494.6404298,,102.2096339,19431.63628
Sudan,366.2409528,443.7742892,617.9305805,838.9475456,1066.284497,1507.747674,1756.376564,2384.739669,2833.586786,3578.835963,4067.67137,3884.016464,2536.454293,1322.902959,605.8334372,,1222.610441,27811.34304
Suriname,2.724658327,4.571588708,8.386483511,12.64495173,24.29196889,43.40113677,58.66405471,72.66380341,82.58339698,89.49187773,106.5607988,97.1591675,65.88288227,32.31037476,20.31361289,,4.826420791,721.650757
Sweden,4.447859314,6.31524171,10.08826049,19.96404005,42.11197017,70.28299699,111.5608037,172.864906,334.6282926,663.0270633,1225.964149,1887.036752,2186.032857,1981.578185,1345.330503,,4.995583333,10061.23388
Switzerland,2.484877589,4.689523604,8.628995191,16.45334797,27.03559995,51.80711015,75.81885247,111.0270356,179.9235439,352.2010889,644.5978214,1047.465868,1451.517768,1259.260996,831.0796948,,2.252032593,6063.992123
Syrian Arab Republic,64.11413371,76.86676087,160.6989964,240.0061903,428.1750189,675.9011289,931.4546807,1270.235758,1468.627881,1555.485266,1721.946086,1667.099031,1332.705221,293.9121026,53.14333273,,358.7622113,11940.37159
Taiwan (Province of China),28.24852044,73.02793672,200.866194,366.6657551,518.1187069,774.2213831,1049.87243,1363.667288,1784.494148,1851.665531,2548.275985,3216.169725,2992.632376,1964.363687,1073.715898,,26.97296767,19806.00556
Tajikistan,29.53232078,52.14802075,72.14057967,127.1705231,224.2723612,435.0943768,820.5548116,1113.450191,1218.387366,1040.139471,1071.953193,802.1427035,338.8166592,135.3990428,41.59248624,,28.35077127,7522.794106
Thailand,354.5075424,664.737832,1191.570812,1844.417736,2799.18195,3833.743803,4570.102619,5689.994687,6491.966002,7658.111797,8653.439385,10062.02185,7931.574928,5306.081108,2826.3113,,415.1715542,69877.76335
Timor-Leste,8.768611012,12.09308957,17.60979741,31.71952107,56.8075615,76.46076362,98.28242379,168.105445,246.7547569,258.8669726,223.887864,169.7173963,115.9256439,38.4317504,8.944920578,,23.58884771,1532.376518
Togo,48.79605393,64.44563894,98.10292717,189.0429374,241.818554,370.1458301,435.5603874,495.6572463,516.5722311,512.5184985,518.2127643,385.7322945,236.8184645,101.8420317,32.29767556,,153.7388635,4247.563535
Tokelau,0.015318974,0.02385076,0.029496961,0.054841775,0.070140784,0.096846153,0.145315905,0.131274095,0.306820099,0.18210135,0.217041775,0.274922385,0.134254079,0.124356436,0.040105348,,0.019031588,1.846686878
Tonga,0.498366115,0.592206509,0.935438788,1.395029013,2.071614913,3.048267992,3.967213925,5.362361473,7.475008652,9.038494448,10.87604316,11.90133489,10.34404967,5.489322411,2.534269581,,1.023442636,75.52902154
Trinidad and Tobago,4.05867932,7.281008404,12.72144286,19.30646426,32.85271016,53.88558279,95.77998681,140.3080662,189.2136459,223.6762901,251.9907459,236.7730908,173.9875056,110.065715,74.4721347,,6.010444189,1626.373069
Tunisia,31.48444025,53.44696101,91.05540439,147.0926357,194.576046,305.9309244,563.2761856,831.9343906,1149.91222,1465.905977,1861.588814,2221.531378,1738.83197,833.5292937,327.791242,,46.36813952,11817.88788
Turkey,131.2059687,212.3564939,405.8588666,728.8921242,1100.868393,1704.563685,2487.998612,3686.727686,5284.263715,8210.124888,9252.408412,11272.31901,10440.73127,5412.317213,2361.38623,,244.1044293,62692.02257
Turkmenistan,50.98938142,62.41496133,113.564845,186.9590531,319.3362394,502.2557306,802.2329275,1025.105924,928.160457,726.7172724,696.8162848,645.5585337,358.1644273,192.1979107,64.97073141,,51.60799742,6675.44468
Tuvalu,0.258429226,0.302975945,0.471860402,0.646553099,0.848611617,1.235957404,1.599955023,2.046242391,2.369755436,2.501294954,2.454217487,1.947875715,1.359527437,0.537786846,0.127353608,,0.267891514,18.70839659
Uganda,174.4411633,220.0838992,280.2026451,526.4834558,669.0740134,983.3946011,1213.599646,1635.13885,1859.814718,2231.073896,2376.923676,1996.278607,964.1167288,501.9334239,173.7638793,,547.8862771,15806.3232
Ukraine,173.8119502,445.3318324,891.3376315,1427.28956,2216.475961,3384.72247,5894.451624,9163.622687,12246.31501,12594.32558,17057.66191,22719.40366,14862.14489,8485.580543,1954.520945,,122.2788427,113516.9963
United Arab Emirates,20.00830191,145.9226317,330.9070724,432.3101392,481.779335,455.2130498,358.6393565,373.0625021,275.9483279,137.886188,122.6976076,88.82360033,45.1947066,14.68264333,2.194001397,,23.47605001,3285.269464
United Kingdom,57.5002686,94.73408971,146.5077217,219.3628333,371.3741351,609.6776479,890.2265581,1227.352427,1908.583256,3931.755371,6091.236156,9939.923872,12440.41111,10998.8268,5562.627627,,55.02109334,54490.09987
United Republic of Tanzania,243.4150426,318.4297967,451.3175656,808.371511,1084.558047,1627.029102,1954.73497,2872.1696,3952.286999,4433.091903,4937.549757,4168.202637,1909.309186,911.3529761,313.1116689,,902.7241312,29984.93076
United States of America,280.4180832,496.7438292,855.9357828,1446.076107,2439.705997,4118.214291,6621.618331,9705.886654,12493.63513,18229.21418,23878.84765,31700.76857,37356.76988,34577.65571,23689.65654,,434.4873314,207891.1467
United States Virgin Islands,0.09985485,0.206709011,0.473868775,1.090136965,2.24005622,4.454415265,6.779033127,9.859452074,13.8742042,22.62151662,21.69397151,18.69909761,11.40199122,6.450053616,2.702895921,,0.152605479,122.647257
Uruguay,5.830495316,10.08311293,19.17850168,33.62888694,48.89994787,74.20025012,126.7069693,185.8606942,267.7548552,370.0047515,550.1262218,774.8125948,838.0887114,591.7588168,318.5109882,,10.82361587,4215.445798
Uzbekistan,175.0079856,268.3017507,403.4357294,694.5925315,1272.594769,2366.604783,3893.672517,5630.74487,4905.652124,3603.232276,4167.144944,2660.066233,738.0875356,139.4324208,14.00866774,,128.5301358,30932.57914
Vanuatu,8.471360612,9.415880344,14.1735873,19.87083154,24.33234628,31.30480528,34.61498628,44.10022387,48.78699091,52.33897642,55.35476616,37.79509245,19.16275136,4.692613259,0.827116655,,11.01575088,405.2423287
Venezuela (Bolivarian Republic of),100.1443129,144.9570596,254.4398831,412.9439017,682.7509058,1046.281034,1393.796129,1883.291918,2281.782991,2624.041967,2954.492528,2843.546113,1996.771597,1475.78656,942.8330924,,144.4776052,21037.85999
Viet Nam,411.851037,818.2171508,1667.540101,3147.325851,6107.612132,9575.331738,14554.02661,17916.90939,18218.73334,18795.48425,22428.05139,25614.51894,20624.07752,8898.883781,2942.638067,,618.02776,171721.2013
Yemen,201.0395858,291.4855497,495.1308928,750.2958044,854.5611403,1102.03511,1433.311124,1980.014845,2395.42555,2744.000331,2744.021181,2288.288386,1444.859729,607.5061687,198.8892805,,589.5707714,19530.86468
Zambia,98.11803596,134.4230738,207.5089479,425.4723415,589.5344639,797.7515228,908.6305777,1258.593108,1377.65556,1600.214265,1663.354725,1281.451407,624.6881409,225.0679822,55.23935371,,230.943198,11247.70351
Zimbabwe,71.35247206,80.63084578,131.6385098,191.5178041,291.913378,423.020303,538.1610814,881.4285384,1023.001423,995.782224,1014.429971,834.440372,522.6574086,247.0534627,71.89184771,,216.0235345,7318.919642