LBW,95% UI,
1,1,1
1,1,1
1,1,1
1,1,1
1,1,1
1,1,1
1,1,1
1,1,1
1,1,1
1,1,1
1,1,1
1,1,1
1,1,1
1,1,1
1,1,1
1,1,1
1,1,1
1,1,1
1,1,1
1,1,1
1,1,1
1,1,1
1,1,1
1,1,1
1,1,1
1.000011755,1,1.005267891
1.000050382,1,1.010435697
1.000115884,1,1.015505665
1.000200739,1,1.020502429
1.000296991,1,1.025433611
1.000412309,1,1.030290691
1.000548278,1,1.03507678
1.000702159,1,1.039790498
1.000873403,1,1.044432682
1.001062848,1,1.049005583
1.00126722,1,1.053393862
1.001485374,1,1.057669288
1.001722114,1,1.061858091
1.001973612,1,1.065958031
1.00223938,1,1.069970355
1.002520194,1,1.073897634
1.002815551,1,1.077741049
1.003125563,1,1.081502421
1.003449728,1,1.085182884
1.003793466,1,1.088879407
1.004149716,1,1.09262405
1.004516306,1,1.096300098
1.004890583,1,1.09991046
1.005275571,1,1.103459519
1.005671959,1,1.106949114
1.006077159,1,1.110377464
1.006490285,1,1.113744626
1.006912053,1,1.117052417
1.007335408,1,1.120294006
1.00776884,1,1.123479806
1.008212455,1,1.126570293
1.008665359,1,1.129377962
1.009126695,1,1.132421733
1.009595636,1,1.135412814
1.010067621,1,1.138347015
1.010535969,1,1.141217706
1.010997495,1,1.144022141
1.011452305,1,1.146761278
1.011900506,1,1.149436072
1.012342206,1,1.152047477
1.012777511,1,1.154596445
1.01320653,1,1.157083928
1.013629369,1,1.159510873
1.014046136,1,1.161878229
1.014456937,1,1.164186941
1.014861881,1,1.16642581
1.015261073,1,1.168584863
1.015654622,1,1.170686413
1.016042634,1,1.172731389
1.016425217,1,1.174720716
1.016802478,1,1.176655319
1.017174525,1,1.17853612
1.017541463,1,1.180364042
1.017903402,1,1.182140006
1.018260447,1,1.18386493
1.018612706,1,1.185539732
1.018960286,1,1.18716533
1.019303295,1,1.188742638
1.019641839,1,1.190272572
1.019976026,1,1.191751782
1.020305963,1,1.193184197
1.020631754,1,1.194571895
1.020953503,1,1.195915788
1.021271316,1,1.197115656
1.021585296,1,1.198222549
1.021895548,1,1.199288147
1.022202176,1,1.200313553
1.022505285,1,1.201299874
1.022804979,1,1.202248211
1.02310136,1,1.203159664
1.023394526,1,1.204035326
1.023684566,1,1.204876281
1.023971563,1,1.205683602
1.024255598,1,1.20645836
1.024536746,1,1.207201618
1.024815078,1,1.207914434
1.025079329,1,1.208584497
1.02534358,1,1.209229377
1.02560783,1,1.209850046
1.025872081,1,1.21044748
1.026136332,1,1.211022649
1.026400582,1,1.211576525
1.026664833,1,1.212110077
1.026929084,1,1.212624275
1.027193334,1,1.213120089
1.027457585,1,1.213598487
1.027700181,1,1.214034859
1.027942776,1,1.214450895
1.028185372,1,1.214843142
1.028427967,1,1.215222254
1.028670563,1,1.215589223
1.028913159,1,1.215945042
1.029155754,1,1.216290698
1.02939835,1,1.216627158
1.029640945,1,1.216955373
1.029883541,1,1.217276306
1.030108802,1,1.217356892
1.030334064,1,1.217883641
1.030559325,1,1.218190888
1.030784587,1,1.218494187
1.031009848,1,1.218781028
1.03123511,1,1.219067867
1.031460371,1,1.219354705
1.031685633,1,1.219641541
1.031910894,1,1.219928375
1.032136155,1,1.220215207
1.032346869,1,1.22048484
1.032557584,1,1.22075447
1.032768298,1,1.221024098
1.032979012,1,1.221293724
1.033189726,1,1.221544036
1.03340044,1,1.221794347
1.033611154,1,1.222044658
1.033821868,1,1.222294969
1.034032582,1,1.22254528
1.034243296,1,1.222795591
1.034441523,1,1.223031138
1.034639749,1,1.223266684
1.034837976,1,1.223502231
1.035036202,1,1.223737777
1.035234429,1,1.223955545
1.035432655,1,1.224173313
1.035630882,1,1.224391083
1.035829108,1,1.224608853
1.036027335,1,1.224826624
1.036225561,1,1.225044396
1.036412933,1,1.225249337
1.036600306,1,1.22545428
1.036787678,1,1.225659224
1.03697505,1,1.225864169
1.037162423,1,1.226048142
1.037349795,1,1.226232116
1.037537168,1,1.226416093
1.03772454,1,1.226600071
1.037911912,1,1.226784051
1.038099285,1,1.226968033
1.038276829,1,1.2271404
1.038454373,1,1.22731277
1.038631917,1,1.227485142
1.038809461,1,1.227657517
1.038987005,1,1.227713017
1.039164549,1,1.227768523
1.039342093,1,1.227824035
1.039519637,1,1.227879554
1.039697181,1,1.227935079
1.039874725,1,1.22799061
1.040043155,1,1.228035388
1.040211586,1,1.228080174
1.040380016,1,1.228124969
1.040548447,1,1.228169774
1.040716877,1,1.228150418
1.040885308,1,1.228131071
1.041053738,1,1.228111732
1.041222169,1,1.228092401
1.041390599,1,1.228073079
1.04155903,1,1.228053765
1.041718861,1,1.228024321
1.041878691,1,1.227994889
1.042038522,1,1.227965469
1.042198353,1,1.22793606
1.042358184,1,1.227917616
1.042518014,1,1.227899179
1.042677845,1,1.227880749
1.042837676,1,1.227862326
1.042997506,1,1.227843911
1.043157337,1,1.227825503
1.043308879,1,1.227797348
1.043460421,1,1.227769204
1.043611963,1,1.22774107
1.043763506,1,1.227712946
1.043915048,1,1.227694983
1.04406659,1,1.227677025
1.044218132,1,1.227659075
1.044369674,1,1.227641131
1.044521216,1,1.227623193
1.044672758,1,1.227605262
1.044816216,1,1.227577839
1.044959673,1,1.227550425
1.04510313,1,1.227523021
1.045246587,1,1.227495626
1.045390045,1,1.227477828
1.045533502,1,1.227460037
1.045676959,1,1.227442251
1.045820417,1,1.227424471
1.045963874,1,1.227406697
1.046107331,1,1.22738893
1.046242972,1,1.227361998
1.046378612,1,1.227335074
1.046514252,1,1.22730816
1.046649892,1,1.227281254
1.046785532,1,1.227263623
1.046921172,1,1.227245998
1.047056812,1,1.227228379
1.047192452,1,1.227210765
1.047328092,1,1.227193156
1.047463732,1,1.227175553
1.047591759,1,1.227149037
1.047719785,1,1.22712253
1.047847812,1,1.22709603
1.047975838,1,1.227069538
1.048103865,1,1.227052129
1.048231891,1,1.227034724
1.048359918,1,1.227017324
1.048487944,1,1.22699993
1.04861597,1,1.226982541
1.048743997,1,1.226965156
1.048864544,1,1.226939028
1.048985091,1,1.226912906
1.049105637,1,1.226886792
1.049226184,1,1.226860686
1.049346731,1,1.226843395
1.049467278,1,1.226826109
1.049587825,1,1.226808827
1.049708372,1,1.22679155
1.049828918,1,1.226774278
1.049949465,1,1.226757011
1.0500625,1,1.226730972
1.050175534,1,1.226704939
1.050288568,1,1.226678914
1.050401603,1,1.226652896
1.050514637,1,1.226635503
1.050627671,1,1.226618115
1.050740706,1,1.226600731
1.05085374,1,1.226583351
1.050966775,1,1.226565976
1.051079809,1,1.226548605
1.051185254,1,1.226522384
1.0512907,1,1.226496169
1.051396145,1,1.226469961
1.05150159,1,1.226443759
1.051607035,1,1.226426076
1.051712481,1,1.226408397
1.051817926,1,1.226390723
1.051923371,1,1.226373052
1.052028816,1,1.226355386
1.052134262,1,1.226337724
1.052232119,1,1.226311223
1.052329977,1,1.226284728
1.052427835,1,1.226258239
1.052525693,1,1.226231757
1.05262355,1,1.226213882
1.052721408,1,1.226196011
1.052819266,1,1.226178144
1.052917124,1,1.226160281
1.053014981,1,1.226142422
1.053112839,1,1.226124567
1.053203384,1,1.226098202
1.053293928,1,1.226071842
1.053384473,1,1.226045488
1.053475017,1,1.22601914
1.053565562,1,1.22600154
1.053656106,1,1.225983944
1.05374665,1,1.225966352
1.053837195,1,1.225948762
1.053927739,1,1.225931177
1.054018284,1,1.225913595
1.054102165,1,1.225888267
1.054186046,1,1.225862945
1.054269928,1,1.225837627
1.054353809,1,1.225812315
1.05443769,1,1.225795801
1.054521572,1,1.225779289
1.054605453,1,1.225762781
1.054689334,1,1.225746276
1.054773216,1,1.225729774
1.054857097,1,1.225713275
1.054934832,1,1.225689638
1.055012567,1,1.225666006
1.055090302,1,1.225642378
1.055168037,1,1.225618754
1.055245772,1,1.225603658
1.055323506,1,1.225588565
1.055401241,1,1.225573475
1.055478976,1,1.225558387
1.055556711,1,1.225543302
1.055634446,1,1.22552822
1.055706804,1,1.225506898
1.055779163,1,1.225485581
1.055851521,1,1.225464266
1.055923879,1,1.225442956
1.055996237,1,1.225429407
1.056068595,1,1.22541586
1.056140953,1,1.225402315
1.056213311,1,1.225388773
1.056285669,1,1.225375232
1.056358027,1,1.225361694
1.056425542,1,1.22534254
1.056493057,1,1.22532339
1.056560572,1,1.225304242
1.056628087,1,1.225285097
1.056695601,1,1.225273094
1.056763116,1,1.225261093
1.056830631,1,1.225249094
1.056898146,1,1.225237096
1.056965661,1,1.2252251
1.057033175,1,1.225213106
1.057096017,1,1.225195698
1.057158859,1,1.225178292
1.057221701,1,1.225160889
1.057284542,1,1.225143488
1.057347384,1,1.225132329
1.057410226,1,1.225121173
1.057473068,1,1.225110017
1.057535909,1,1.225098863
1.057598751,1,1.225087711
1.057661593,1,1.22507656
1.057720161,1,1.22506046
1.057778728,1,1.225044363
1.057837296,1,1.225028267
1.057895863,1,1.225012174
1.057954431,1,1.225009681
1.058012998,1,1.225007189
1.058071566,1,1.225004698
1.058130133,1,1.225002208
1.058188701,1,1.224999719
1.058247268,1,1.224997232
1.058302414,1,1.224990785
1.05835756,1,1.22498434
1.058412706,1,1.224977897
1.058467852,1,1.224971455
1.058522998,1,1.224982265
1.058578144,1,1.224993075
1.05863329,1,1.225003887
1.058688436,1,1.225014699
1.058743582,1,1.225025511
1.058798728,1,1.225036325
1.058851273,1,1.22504413
1.058903818,1,1.225051936
1.058956363,1,1.225059743
1.059008908,1,1.225067551
1.059061453,1,1.225068917
1.059113998,1,1.225070283
1.059166543,1,1.225071649
1.059219088,1,1.225073017
1.059271633,1,1.225074385
1.059324178,1,1.225075753
1.059374168,1,1.225074168
1.059424159,1,1.225072584
1.059474149,1,1.225071001
1.059524139,1,1.225069419
1.059574129,1,1.225065377
1.059624119,1,1.225061336
1.059674109,1,1.225057295
1.059724099,1,1.225053255
1.05977409,1,1.225049215
1.05982408,1,1.225045176
1.05987173,1,1.225038433
1.059919381,1,1.225031692
1.059967031,1,1.225024951
1.060014682,1,1.225018211
1.060062332,1,1.225014469
1.060109983,1,1.225010729
1.060157633,1,1.225006989
1.060205284,1,1.225003249
1.060252934,1,1.224999511
1.060300585,1,1.224995772
1.060346244,1,1.224989734
1.060391903,1,1.224983696
1.060437562,1,1.224977659
1.060483221,1,1.224971623
1.06052888,1,1.224968542
1.060574539,1,1.224965461
1.060620198,1,1.224962381
1.060665857,1,1.224959301
1.060711517,1,1.224956222
1.060757176,1,1.224953143
1.060801007,1,1.224947954
1.060844838,1,1.224942765
1.060888669,1,1.224937577
1.0609325,1,1.22493239
1.060976331,1,1.224929907
1.061020162,1,1.224927425
1.061063993,1,1.224924943
1.061107824,1,1.224922461
1.061151655,1,1.22491998
1.061195486,1,1.224917499
1.061237766,1,1.224913229
1.061280046,1,1.224908958
1.061322326,1,1.224904689
1.061364606,1,1.22490042
1.061406886,1,1.224905388
1.061449166,1,1.224910356
1.061491445,1,1.224915325
1.061533725,1,1.224920294
1.061576005,1,1.224925263
1.061618285,1,1.224930233
1.061659431,1,1.224933894
1.061700576,1,1.224937555
1.061741722,1,1.224941217
1.061782868,1,1.224944879
1.061824013,1,1.224988147
1.061865159,1,1.225031415
1.061906305,1,1.225074684
1.06194745,1,1.225117952
1.061988596,1,1.22516122
1.062029741,1,1.225204488
1.062070083,1,1.225246828
1.062110424,1,1.225289169
1.062150765,1,1.225331509
1.062191107,1,1.225373849
1.062231448,1,1.225417981
1.062271789,1,1.225462112
1.062312131,1,1.225506244
1.062352472,1,1.225550375
1.062392813,1,1.225594507
1.062433155,1,1.225638639
1.062473014,1,1.225682215
1.062512874,1,1.225725791
1.062552734,1,1.225769367
1.062592594,1,1.225812943
1.062632453,1,1.225857828
1.062672313,1,1.225902714
1.062712173,1,1.2259476
1.062752033,1,1.225992486
1.062791892,1,1.226037372
1.062831752,1,1.226082257
1.062871477,1,1.226126988
1.062911202,1,1.226171718
1.062950927,1,1.226216448
1.062990652,1,1.226261179
1.063030377,1,1.226306838
1.063070102,1,1.226352497
1.063109827,1,1.226398156
1.063149552,1,1.226443814
1.063189277,1,1.226489473
1.063229002,1,1.226535132
1.063268714,1,1.226580776
1.063308426,1,1.22662642
1.063348137,1,1.226672064
1.063387849,1,1.226717708
1.063427561,1,1.226763908
1.063467273,1,1.226810108
1.063506985,1,1.226856308
1.063546697,1,1.226902508
1.063586409,1,1.226948708
1.063626121,1,1.226994908
1.063665833,1,1.227041108
1.063705545,1,1.227087308
1.063745257,1,1.227133508
1.063784969,1,1.227179708
1.063824681,1,1.227226064
1.063864393,1,1.227272419
1.063904104,1,1.227318775
1.063943816,1,1.227365131
1.063983528,1,1.227411486
1.06402324,1,1.227457842
1.064062952,1,1.227504198
1.064102664,1,1.227550553
1.064142376,1,1.227596909
1.064182088,1,1.227643265
1.0642218,1,1.227689635
1.064261512,1,1.227736006
1.064301224,1,1.227782377
1.064340936,1,1.227828747
1.064380648,1,1.227875118
1.06442036,1,1.227921489
1.064460071,1,1.227967859
1.064499783,1,1.22801423
1.064539495,1,1.228060601
1.064579207,1,1.228106971
1.064618919,1,1.228153342
1.064658631,1,1.228199713
1.064698343,1,1.228246083
1.064738055,1,1.228292454
1.064777767,1,1.228338825
1.064817479,1,1.228385195
1.064857191,1,1.228431566
1.064896903,1,1.228477937
1.064936615,1,1.228524307
1.064976327,1,1.228570678
1.065016038,1,1.228617049
1.06505575,1,1.228663419
1.065095462,1,1.22870979
1.065135174,1,1.228756161
1.065174886,1,1.228802531
1.065214598,1,1.228848902
1.06525431,1,1.228895273
1.065294022,1,1.228941643
1.065333734,1,1.228988014
1.065373446,1,1.229034385
1.065413158,1,1.229080755
1.06545287,1,1.229127126
1.065492582,1,1.229173497
1.065532294,1,1.229219867
1.065572005,1,1.229266238
1.065611717,1,1.229312609
1.065651429,1,1.229358979
1.065691141,1,1.22940535
1.065730853,1,1.229451721
1.065770565,1,1.229498091
1.065810277,1,1.229544462
1.065849989,1,1.229590833
1.065889701,1,1.229637203
1.065929413,1,1.229683574
1.065969125,1,1.229729945
1.066008837,1,1.229776315
1.066048549,1,1.229822686
1.066088261,1,1.229869057
1.066127972,1,1.229915427
1.066167684,1,1.229961798
1.066207396,1,1.230008169
1.066247108,1,1.230054539
1.06628682,1,1.23010091
1.066326532,1,1.230147281
1.066366244,1,1.230193651
1.066405956,1,1.230240022
1.066445668,1,1.230286393
1.06648538,1,1.230332763
1.066525092,1,1.230379134
1.066564804,1,1.230425505
1.066604516,1,1.230471875
1.066644228,1,1.230518246
1.066683939,1,1.230564617
1.066723651,1,1.230610987
1.066763363,1,1.230657358
1.066803075,1,1.230703729
1.066842787,1,1.230750099
1.066882499,1,1.23079647
1.066922211,1,1.230842841
1.066961923,1,1.230889211
1.067001635,1,1.230935582
1.067041347,1,1.230981953
1.067081059,1,1.231028323
1.067120771,1,1.231074694
1.067160483,1,1.231121065
1.067200195,1,1.231167435
1.067239906,1,1.231213806
1.067279618,1,1.231260177
1.06731933,1,1.231306547
1.067359042,1,1.231352918
1.067398754,1,1.231393773
1.067438466,1,1.231434627
1.067478178,1,1.231475482
1.06751789,1,1.231516337
1.067557602,1,1.231557191
1.067597314,1,1.231598046
1.067637026,1,1.231638901
1.067676738,1,1.231679755
1.06771645,1,1.23172061
1.067756162,1,1.231761464
1.067795874,1,1.231762613
1.067835585,1,1.231763761
1.067875297,1,1.231764909
1.067915009,1,1.231766057
1.067954721,1,1.231767205
1.067994433,1,1.231768354
1.068034145,1,1.231769502
1.068073857,1,1.23177065
1.068113569,1,1.231771798
1.068153281,1,1.231772946
1.068192993,1,1.231774095
1.068232705,1,1.231775243
1.068272417,1,1.231776391
1.068312129,1,1.231777539
1.068351841,1,1.231778687
1.068391552,1,1.231779836
1.068431264,1,1.231780984
1.068470976,1,1.231782132
1.068510688,1,1.23178328
1.0685504,1,1.231784428
1.068590112,1,1.231785577
1.068629824,1,1.231786725
1.068669536,1,1.231787873
1.068709248,1,1.231789021
1.06874896,1,1.23179017
1.068788672,1,1.231791318
1.068828384,1,1.231792466
1.068868096,1,1.231793614
1.068907808,1,1.231794763
1.068947519,1,1.231795911
1.068987231,1,1.231797059
1.069026943,1,1.231798207
1.069066655,1,1.231799356
1.069106367,1,1.231800504
1.069146079,1,1.231801652
1.069185791,1,1.231802801
1.069225503,1,1.231803949
1.069265215,1,1.231805097
1.069304927,1,1.231806245
1.069344639,1,1.231807394
1.069384351,1,1.231808542
1.069424063,1,1.23180969
1.069463775,1,1.231810839
1.069503486,1,1.231811987
1.069543198,1,1.231813135
1.06958291,1,1.231814283
1.069622622,1,1.231815432
1.069662334,1,1.23181658
1.069702046,1,1.231817728
1.069741758,1,1.231818877
1.06978147,1,1.231820025
1.069821182,1,1.231821173
1.069860894,1,1.231822322
1.069900606,1,1.23182347
1.069940318,1,1.231824618
1.06998003,1,1.231825767
1.070019742,1,1.231826915
1.070059453,1,1.231828063
1.070099165,1,1.231829212
1.070138877,1,1.23183036
1.070178589,1,1.231831508
1.070218301,1,1.231832657
1.070258013,1,1.231833805
1.070297725,1,1.231834954
1.070337437,1,1.231836102
1.070377149,1,1.23183725
1.070416861,1,1.231838399
1.070456573,1,1.231839547
1.070496285,1,1.231840695
1.070535997,1,1.231841844
1.070575709,1,1.231842992
1.07061542,1,1.23184414
1.070655132,1,1.231845289
1.070694844,1,1.231846437
1.070734556,1,1.231847586
1.070774268,1,1.231848734
1.07081398,1,1.231849882
1.070853692,1,1.231851031
1.070893404,1,1.231852179
1.070933116,1,1.231853328
1.070972828,1,1.231854476
1.07101254,1,1.231855624
1.071052252,1,1.231856773
1.071091964,1,1.231857921
1.071131676,1,1.23185907
1.071171387,1,1.231860218
1.071211099,1,1.231861367
1.071250811,1,1.231862515
1.071290523,1,1.231863663
1.071330235,1,1.231864812
1.071369947,1,1.231864895
1.071409659,1,1.231864978
1.071449371,1,1.231865061
1.071489083,1,1.231865144
1.071528795,1,1.231865227
1.071568507,1,1.23186531
1.071608219,1,1.231865393
1.071647931,1,1.231865476
1.071687643,1,1.231865559
1.071727354,1,1.231865642
1.071767066,1,1.231865601
1.071806778,1,1.231865559
1.07184649,1,1.231865518
1.071886202,1,1.231865476
1.071925914,1,1.231865434
1.071965626,1,1.231865393
1.072005338,1,1.231865351
1.07204505,1,1.23186531
1.072084762,1,1.231865268
1.072124474,1,1.231865226
1.072164186,1,1.231865185
1.072203898,1,1.231865143
1.07224361,1,1.231865102
1.072283321,1,1.23186506
1.072323033,1,1.231865019
1.072362745,1,1.231864977
1.072402457,1,1.231864936
1.072442169,1,1.231864894
1.072481881,1,1.231864853
1.072521593,1,1.231864811
1.072561305,1,1.231864769
1.072601017,1,1.231864728
1.072640729,1,1.231864686
1.072680441,1,1.231864645
1.072720153,1,1.231864603
1.072759865,1,1.231864562
1.072799577,1,1.23186452
1.072839289,1,1.231864479
1.072879,1,1.231864437
1.072918712,1,1.231864396
1.072958424,1,1.231864354
1.072998136,1,1.231864313
1.073037848,1,1.231864271
1.07307756,1,1.23186423
1.073117272,1,1.231864188
1.073156984,1,1.231864147
1.073196696,1,1.231864105
1.073236408,1,1.231864064
1.07327612,1,1.231864022
1.073315832,1,1.231863981
1.073355544,1,1.231863939
1.073395256,1,1.231863898
1.073434967,1,1.231863856
1.073474679,1,1.231863815
1.073514391,1,1.231863774
1.073554103,1,1.231863732
1.073593815,1,1.231863691
1.073633527,1,1.231863649
1.073673239,1,1.231863608
1.073712951,1,1.231863566
1.073752663,1,1.231863525
1.073792375,1,1.231863483
1.073832087,1,1.231863442
1.073871799,1,1.231863401
1.073911511,1,1.231863359
1.073951223,1,1.231863318
1.073990934,1,1.231863276
1.074030646,1,1.231863235
1.074070358,1,1.231863193
1.07411007,1,1.231863152
1.074149782,1,1.231863111
1.074189494,1,1.231863069
1.074229206,1,1.231863028
1.074268918,1,1.231862986
1.07430863,1,1.231862945
1.074348342,1,1.231862904
1.074388054,1,1.231862862
1.074427766,1,1.231862821
1.074467478,1,1.231862779
1.07450719,1,1.231862738
1.074546901,1,1.231862697
1.074586613,1,1.231862655
1.074626325,1,1.231862614
1.074666037,1,1.231862572
1.074705749,1,1.231862531
1.074745461,1,1.23186249
1.074785173,1,1.231862448
1.074824885,1,1.231862407
1.074864597,1,1.231862366
1.074904309,1,1.231862324
1.074944021,1,1.231862283
1.074983733,1,1.231862242
1.075023445,1,1.2318622
1.075063157,1,1.231862159
1.075102868,1,1.231862118
1.07514258,1,1.231862076
1.075182292,1,1.231862035
1.075222004,1,1.231861994
1.075261716,1,1.231861952
1.075301428,1,1.231861911
1.07534114,1,1.23186187
1.075380852,1,1.231861828
1.075420564,1,1.231861787
1.075460276,1,1.231861746
1.075499988,1,1.231861704
1.0755397,1,1.231861663
1.075579412,1,1.231861622
1.075619124,1,1.23186158
1.075658835,1,1.231861539
1.075698547,1,1.231861498
1.075738259,1,1.231861456
1.075777971,1,1.231861415
1.075817683,1,1.231861374
1.075857395,1,1.231861333
1.075897107,1,1.231861291
1.075936819,1,1.23186125
1.075976531,1,1.231861209
1.076016243,1,1.231861168
1.076055955,1,1.231861126
1.076095667,1,1.231861085
1.076135379,1,1.231861044
1.076175091,1,1.231861002
1.076214802,1,1.231860961
1.076254514,1,1.23186092
1.076294226,1,1.231860879
1.076333938,1,1.231860837
1.07637365,1,1.231860796
1.076413362,1,1.231860755
1.076453074,1,1.231860714
1.076492786,1,1.231860672
1.076532498,1,1.231860631
1.07657221,1,1.23186059
1.076611922,1,1.231860549
1.076651634,1,1.231860508
1.076691346,1,1.231860466
1.076731058,1,1.231860425
1.076770769,1,1.231860384
1.076810481,1,1.231860343
1.076850193,1,1.231860301
1.076889905,1,1.23186026
1.076929617,1,1.231860219
1.076969329,1,1.231860178
1.077009041,1,1.231860137
1.077048753,1,1.231860095
1.077088465,1,1.231860054
1.077128177,1,1.231860013
1.077167889,1,1.231859972
1.077207601,1,1.231859931
1.077247313,1,1.23185989
1.077287025,1,1.231859848
1.077326737,1,1.231859807
1.077366448,1,1.231859766
1.07740616,1,1.231859725
1.077445872,1,1.231859684
1.077485584,1,1.231859643
1.077525296,1,1.231859601
1.077565008,1,1.23185956
1.07760472,1,1.231859519
1.077644432,1,1.231859478
1.077684144,1,1.231859437
1.077723856,1,1.231859396
1.077763568,1,1.231859354
1.07780328,1,1.231859313
1.077842992,1,1.231859272
1.077882704,1,1.231859231
1.077922415,1,1.23185919
1.077962127,1,1.231859149
1.078001839,1,1.231859108
1.078041551,1,1.231859067
1.078081263,1,1.231859025
1.078120975,1,1.231858984
1.078160687,1,1.231858943
1.078200399,1,1.231858902
1.078240111,1,1.231858861
1.078279823,1,1.23185882
1.078319535,1,1.231858779
1.078359247,1,1.231858738
1.078398959,1,1.231858697
1.078438671,1,1.231858655
1.078478382,1,1.231858614
1.078518094,1,1.231858573
1.078557806,1,1.231858532
1.078597518,1,1.231858491
1.07863723,1,1.23185845
1.078676942,1,1.231858409
1.078716654,1,1.231858368
1.078756366,1,1.231858327
1.078796078,1,1.231858286
1.07883579,1,1.231858245
1.078875502,1,1.231858204
1.078915214,1,1.231858163
1.078954926,1,1.231858122
1.078994638,1,1.231858081
1.079034349,1,1.231858039
1.079074061,1,1.231857998
1.079113773,1,1.231857957
1.079153485,1,1.231857916
1.079193197,1,1.231857875
1.079232909,1,1.231857834
1.079272621,1,1.231857793
1.079312333,1,1.231914834
1.079352045,1,1.231971876
1.079391757,1,1.232028917
1.079431469,1,1.232085958
1.079471181,1,1.232142999
1.079510893,1,1.23220004
1.079550605,1,1.232257081
1.079590316,1,1.232314122
1.079630028,1,1.232371164
1.07966974,1,1.232428205
1.079709452,1,1.232517057
1.079749164,1,1.232605909
1.079788876,1,1.232694761
1.079828588,1,1.232783613
1.0798683,1,1.232872465
1.079908012,1,1.232961317
1.079947724,1,1.233050169
1.079987436,1,1.233139021
1.080027148,1,1.233227873
1.08006686,1,1.233316726
1.080106572,1,1.233405578
1.080146283,1,1.23349443
1.080185995,1,1.233583282
1.080225707,1,1.233672134
1.080265419,1,1.233760986
1.080305131,1,1.233849838
1.080344843,1,1.23393869
1.080384555,1,1.234027542
1.080424267,1,1.234116394
1.080463979,1,1.234205246
1.080503691,1,1.234294098
1.080543403,1,1.23438295
1.080583115,1,1.234471802
1.080622827,1,1.234560654
1.080662539,1,1.234649506
1.08070225,1,1.234738358
1.080741962,1,1.23482721
1.080781674,1,1.234916062
1.080821386,1,1.235004914
1.080861098,1,1.235093766
1.08090081,1,1.235182618
1.080940522,1,1.23527147
1.080980234,1,1.235360322
1.081019946,1,1.235449174
1.081059658,1,1.235538026
1.08109937,1,1.235626878
1.081139082,1,1.23571573
1.081178794,1,1.235804582
1.081218506,1,1.235893434
1.081258217,1,1.235982286
1.081297929,1,1.236074704
1.081337641,1,1.236167123
1.081377353,1,1.236259541
1.081417065,1,1.23635196
1.081456777,1,1.236444378
1.081496489,1,1.236536796
1.081536201,1,1.236629215
1.081575913,1,1.236721633
1.081615625,1,1.236814052
1.081655337,1,1.23690647
1.081695049,1,1.236996109
1.081734761,1,1.237085748
1.081774473,1,1.237175387
1.081814184,1,1.237265025
1.081853896,1,1.237354664
1.081893608,1,1.237444303
1.08193332,1,1.237533942
1.081973032,1,1.237623581
1.082012744,1,1.23771322
1.082052456,1,1.237802859
1.082092168,1,1.237893797
1.08213188,1,1.237984734
1.082171592,1,1.238075672
1.082211304,1,1.23816661
1.082251016,1,1.238257548
1.082290728,1,1.238348486
1.08233044,1,1.238439424
1.082370152,1,1.238530362
1.082409863,1,1.2386213
1.082449575,1,1.238712238
1.082489287,1,1.238804311
1.082528999,1,1.238896383
1.082568711,1,1.238988456
1.082608423,1,1.239080529
1.082648135,1,1.239172602
1.082687847,1,1.239264675
1.082727559,1,1.239356748
1.082767271,1,1.23944882
1.082806983,1,1.239540893
1.082846695,1,1.239632966
1.082886407,1,1.239725039
1.082926119,1,1.239817112
1.08296583,1,1.239909184
1.083005542,1,1.240001257
1.083045254,1,1.24009333
1.083084966,1,1.240185403
1.083124678,1,1.240277476
1.08316439,1,1.240369548
1.083204102,1,1.240461621
1.083243814,1,1.240553694
1.083283526,1,1.240645767
1.083323238,1,1.24073784
1.08336295,1,1.240829912
1.083402662,1,1.240921985
1.083442374,1,1.241014058
1.083482086,1,1.241106131
1.083521797,1,1.241198203
1.083561509,1,1.241290276
1.083601221,1,1.241382349
1.083640933,1,1.241474422
1.083680645,1,1.241566494
1.083720357,1,1.241658567
1.083760069,1,1.24175064
1.083799781,1,1.241842713
1.083839493,1,1.241934785
1.083879205,1,1.242026858
1.083918917,1,1.242118931
1.083958629,1,1.242211004
1.083998341,1,1.242303076
1.084038053,1,1.242395149
1.084077764,1,1.242487222
1.084117476,1,1.242579294
1.084157188,1,1.242671367
1.0841969,1,1.24276344
1.084236612,1,1.242855513
1.084276324,1,1.242947585
1.084316036,1,1.243039658
1.084355748,1,1.243131731
1.08439546,1,1.243223803
1.084435172,1,1.243315876
1.084474884,1,1.243407949
1.084514596,1,1.243500021
1.084554308,1,1.243592094
1.08459402,1,1.243684167
1.084633731,1,1.24377624
1.084673443,1,1.243868312
1.084713155,1,1.243960385
1.084752867,1,1.244052458
1.084792579,1,1.24414453
1.084832291,1,1.244236603
1.084872003,1,1.244328676
1.084911715,1,1.244420748
1.084951427,1,1.244512821
1.084991139,1,1.244604893
1.085030851,1,1.244696966
1.085070563,1,1.244789039
1.085110275,1,1.244881111
1.085149987,1,1.244973184
1.085189698,1,1.245065257
1.08522941,1,1.245157329
1.085269122,1,1.245249402
1.085308834,1,1.245341475
1.085348546,1,1.245433547
1.085388258,1,1.24552562
1.08542797,1,1.245617692
1.085467682,1,1.245709765
1.085507394,1,1.245801838
1.085547106,1,1.24589391
1.085586818,1,1.245985983
1.08562653,1,1.246078055
1.085666242,1,1.246205081
1.085705954,1,1.246332107
1.085745665,1,1.246459133
1.085785377,1,1.246586158
1.085825089,1,1.246713184
1.085864801,1,1.24684021
1.085904513,1,1.246967235
1.085944225,1,1.247094261
1.085983937,1,1.247221287
1.086023649,1,1.247348312
1.086063361,1,1.247435707
1.086103073,1,1.247523101
1.086142785,1,1.247610495
1.086182497,1,1.247697889
1.086222209,1,1.247785284
1.086261921,1,1.247872678
1.086301632,1,1.247960072
1.086341344,1,1.248047466
1.086381056,1,1.248134861
1.086420768,1,1.248222255
1.08646048,1,1.248309649
1.086500192,1,1.248397043
1.086539904,1,1.248484438
1.086579616,1,1.248571832
1.086619328,1,1.248659226
1.08665904,1,1.24874662
1.086698752,1,1.248834015
1.086738464,1,1.248921409
1.086778176,1,1.249008803
1.086817888,1,1.249096197
1.086857599,1,1.249183592
1.086897311,1,1.249270986
1.086937023,1,1.24935838
1.086976735,1,1.249445774
1.087016447,1,1.249533168
1.087056159,1,1.249620563
1.087095871,1,1.249707957
1.087135583,1,1.249795351
1.087175295,1,1.249882745
1.087215007,1,1.249970139
1.087254719,1,1.250057534
1.087294431,1,1.250144928
1.087334143,1,1.250232322
1.087373855,1,1.250319716
1.087413567,1,1.25040711
1.087453278,1,1.250494505
1.08749299,1,1.250581899
1.087532702,1,1.250669293
1.087572414,1,1.250756687
1.087612126,1,1.250844081
1.087651838,1,1.250931475
1.08769155,1,1.25101887
1.087731262,1,1.251106264
1.087770974,1,1.251193658
1.087810686,1,1.251281052
1.087850398,1,1.251368446
1.08789011,1,1.25145584
1.087929822,1,1.251543235
1.087969534,1,1.251630629
1.088009245,1,1.251718023
1.088048957,1,1.251805417
1.088088669,1,1.251892811
1.088128381,1,1.251980205
1.088168093,1,1.252067599
1.088207805,1,1.252154994
1.088247517,1,1.252242388
1.088287229,1,1.252329782
1.088326941,1,1.252417176
1.088366653,1,1.25250457
1.088406365,1,1.252591964
1.088446077,1,1.252679358
1.088485789,1,1.252766752
1.088525501,1,1.252854147
1.088565212,1,1.252941541
1.088604924,1,1.253028935
1.088644636,1,1.253116329
1.088684348,1,1.253203723
1.08872406,1,1.253291117
1.088763772,1,1.253378511
1.088803484,1,1.253465905
1.088843196,1,1.253553299
1.088882908,1,1.253640694
1.08892262,1,1.253728088
1.088962332,1,1.253815482
1.089002044,1,1.253902876
1.089041756,1,1.25399027
1.089081468,1,1.254077664
1.089121179,1,1.254165058
1.089160891,1,1.254252452
1.089200603,1,1.254339846
1.089240315,1,1.25442724
1.089280027,1,1.254514634
1.089319739,1,1.254602028
1.089359451,1,1.254689422
1.089399163,1,1.254776816
1.089438875,1,1.25486421
1.089478587,1,1.254951605
1.089518299,1,1.255038999
1.089558011,1,1.255126393
1.089597723,1,1.255213787
1.089637435,1,1.255301181
1.089677146,1,1.255388575
1.089716858,1,1.255475969
1.08975657,1,1.255563363
1.089796282,1,1.255650757
1.089835994,1,1.255738151
1.089875706,1,1.255825545
1.089915418,1,1.255912939
1.08995513,1,1.256000333
1.089994842,1,1.256087727
1.090034554,1,1.256133505
1.090074266,1,1.256179283
1.090113978,1,1.256225061
1.09015369,1,1.256270838
1.090193402,1,1.256316616
1.090233113,1,1.256362394
1.090272825,1,1.256408172
1.090312537,1,1.25645395
1.090352249,1,1.256499728
1.090391961,1,1.256545506
1.090431673,1,1.256591284
1.090471385,1,1.256637061
1.090511097,1,1.256682839
1.090550809,1,1.256728617
1.090590521,1,1.256774395
1.090630233,1,1.256820173
1.090669945,1,1.256865951
1.090709657,1,1.256911729
1.090749369,1,1.256957507
1.09078908,1,1.257003284
1.090828792,1,1.257049062
1.090868504,1,1.25709484
1.090908216,1,1.257140618
1.090947928,1,1.257186396
1.09098764,1,1.257232174
1.091027352,1,1.257277952
1.091067064,1,1.257323729
1.091106776,1,1.257369507
1.091146488,1,1.257415285
1.0911862,1,1.257461063
1.091225912,1,1.257506841
1.091265624,1,1.257552619
1.091305336,1,1.257598397
1.091345047,1,1.257644175
1.091384759,1,1.257689952
1.091424471,1,1.25773573
1.091464183,1,1.257781508
1.091503895,1,1.257827286
1.091543607,1,1.257873064
1.091583319,1,1.257918842
1.091623031,1,1.25796462
1.091662743,1,1.258010398
1.091702455,1,1.258056175
1.091742167,1,1.258101953
1.091781879,1,1.258147731
1.091821591,1,1.258193509
1.091861303,1,1.258239287
1.091901015,1,1.258285065
1.091940726,1,1.258330843
1.091980438,1,1.258376621
1.09202015,1,1.258422398
1.092059862,1,1.258468176
1.092099574,1,1.258513954
1.092139286,1,1.258559732
1.092178998,1,1.25860551
1.09221871,1,1.258651288
1.092258422,1,1.258697066
1.092298134,1,1.258742844
1.092337846,1,1.258788621
1.092377558,1,1.258834399
1.09241727,1,1.258880177
1.092456982,1,1.258925955
1.092496693,1,1.258971733
1.092536405,1,1.259017511
1.092576117,1,1.259063289
1.092615829,1,1.259109067
1.092655541,1,1.259154844
1.092695253,1,1.259200622
1.092734965,1,1.2592464
1.092774677,1,1.259292178
1.092814389,1,1.259337956
1.092854101,1,1.259383734
1.092893813,1,1.259429512
1.092933525,1,1.259475289
1.092973237,1,1.259521067
1.093012949,1,1.259566845
1.09305266,1,1.259612623
1.093092372,1,1.259658401
1.093132084,1,1.259704179
1.093171796,1,1.259749957
1.093211508,1,1.259795735
1.09325122,1,1.259841512
1.093290932,1,1.25988729
1.093330644,1,1.259933068
1.093370356,1,1.259978846
1.093410068,1,1.260024624
1.09344978,1,1.260070402
1.093489492,1,1.26011618
1.093529204,1,1.260161958
1.093568916,1,1.260207735
1.093608627,1,1.260253513
1.093648339,1,1.260299291
1.093688051,1,1.260345069
1.093727763,1,1.260390847
1.093767475,1,1.260436625
1.093807187,1,1.260482403
1.093846899,1,1.260528181
1.093886611,1,1.260573958
1.093926323,1,1.260619736
1.093966035,1,1.260665514
1.094005747,1,1.260725253
1.094045459,1,1.260784993
1.094085171,1,1.260844732
1.094124883,1,1.260904471
1.094164594,1,1.26096421
1.094204306,1,1.26102395
1.094244018,1,1.261083689
1.09428373,1,1.261143428
1.094323442,1,1.261203167
1.094363154,1,1.261262907
1.094402866,1,1.261322646
1.094442578,1,1.261382385
1.09448229,1,1.261442125
1.094522002,1,1.261501864
1.094561714,1,1.261561603
1.094601426,1,1.261621342
1.094641138,1,1.261681082
1.09468085,1,1.261740821
1.094720561,1,1.26180056
1.094760273,1,1.261860299
1.094799985,1,1.261920038
1.094839697,1,1.261979778
1.094879409,1,1.262039517
1.094919121,1,1.262099256
1.094958833,1,1.262158995
1.094998545,1,1.262218735
1.095038257,1,1.262278474
1.095077969,1,1.262338213
1.095117681,1,1.262397952
1.095157393,1,1.262457692
1.095197105,1,1.262517431
1.095236817,1,1.26257717
1.095276528,1,1.262636909
1.09531624,1,1.262696649
1.095355952,1,1.262756388
1.095395664,1,1.262816127
1.095435376,1,1.262875866
1.095475088,1,1.262935606
1.0955148,1,1.262995345
1.095554512,1,1.263055084
1.095594224,1,1.263114823
1.095633936,1,1.263174562
1.095673648,1,1.263234302
1.09571336,1,1.263294041
1.095753072,1,1.26335378
1.095792784,1,1.263413519
1.095832495,1,1.263473259
1.095872207,1,1.263532998
1.095911919,1,1.263592737
1.095951631,1,1.263652476
1.095991343,1,1.263712215
1.096031055,1,1.263771955
1.096070767,1,1.263831694
1.096110479,1,1.263891433
1.096150191,1,1.263951172
1.096189903,1,1.264010912
1.096229615,1,1.264070651
1.096269327,1,1.26413039
1.096309039,1,1.264190129
1.096348751,1,1.264249868
1.096388462,1,1.264309608
1.096428174,1,1.264369347
1.096467886,1,1.264429086
1.096507598,1,1.264488825
1.09654731,1,1.264548564
1.096587022,1,1.264608304
1.096626734,1,1.264668043
1.096666446,1,1.264727782
1.096706158,1,1.264787521
1.09674587,1,1.26484726
1.096785582,1,1.264907
1.096825294,1,1.264966739
1.096865006,1,1.265026478
1.096904718,1,1.265086217
1.09694443,1,1.265145956
1.096984141,1,1.265205696
1.097023853,1,1.265265435
1.097063565,1,1.265325174
1.097103277,1,1.265384913
1.097142989,1,1.265444652
1.097182701,1,1.265504392
1.097222413,1,1.265564131
1.097262125,1,1.26562387
1.097301837,1,1.265683609
1.097341549,1,1.265743348
1.097381261,1,1.265803088
1.097420973,1,1.265862827
1.097460685,1,1.265922566
1.097500397,1,1.265982305
1.097540108,1,1.266042044
1.09757982,1,1.266101783
1.097619532,1,1.266161523
1.097659244,1,1.266221262
1.097698956,1,1.266281001
1.097738668,1,1.26634074
1.09777838,1,1.266400479
1.097818092,1,1.266460219
1.097857804,1,1.266519958
1.097897516,1,1.266579697
1.097937228,1,1.266639436
1.09797694,1,1.266714584
1.098016652,1,1.266789732
1.098056364,1,1.26686488
1.098096075,1,1.266940028
1.098135787,1,1.267015176
1.098175499,1,1.267090324
1.098215211,1,1.267165472
1.098254923,1,1.26724062
1.098294635,1,1.267315768
1.098334347,1,1.267390916
1.098374059,1,1.267466065
1.098413771,1,1.267541213
1.098453483,1,1.267616361
1.098493195,1,1.267691509
1.098532907,1,1.267766657
1.098572619,1,1.267841805
1.098612331,1,1.267916953
1.098652042,1,1.267992101
1.098691754,1,1.268067249
1.098731466,1,1.268142397
1.098771178,1,1.268217545
1.09881089,1,1.268292693
1.098850602,1,1.268367841
1.098890314,1,1.268442989
1.098930026,1,1.268518137
1.098969738,1,1.268593285
1.09900945,1,1.268668433
1.099049162,1,1.268743581
1.099088874,1,1.268818729
1.099128586,1,1.268893877
1.099168298,1,1.268969025
1.099208009,1,1.269044173
1.099247721,1,1.269119321
1.099287433,1,1.269194469
1.099327145,1,1.269269617
1.099366857,1,1.269344765
1.099406569,1,1.269419913
1.099446281,1,1.269495061
1.099485993,1,1.269570209
1.099525705,1,1.269645357
1.099565417,1,1.269720504
1.099605129,1,1.269795652
1.099644841,1,1.2698708
1.099684553,1,1.269945948
1.099724265,1,1.270021096
1.099763976,1,1.270096244
1.099803688,1,1.270171392
1.0998434,1,1.27024654
1.099883112,1,1.270321688
1.099922824,1,1.270396836
1.099962536,1,1.270471984
1.100002248,1,1.270547132
1.10004196,1,1.27062228
1.100081672,1,1.270697428
1.100121384,1,1.270772576
1.100161096,1,1.270847724
1.100200808,1,1.270922872
1.10024052,1,1.27099802
1.100280232,1,1.271073168
1.100319943,1,1.271148316
1.100359655,1,1.271223464
1.100399367,1,1.271298611
1.100439079,1,1.271373759
1.100478791,1,1.271448907
1.100518503,1,1.271524055
1.100558215,1,1.271599203
1.100597927,1,1.271674351
1.100637639,1,1.271749499
1.100677351,1,1.271824647
1.100717063,1,1.271899795
1.100756775,1,1.271974943
1.100796487,1,1.272050091
1.100836199,1,1.272125239
1.10087591,1,1.272200387
1.100915622,1,1.272275534
1.100955334,1,1.272350682
1.100995046,1,1.27242583
1.101034758,1,1.272500978
1.10107447,1,1.272576126
1.101114182,1,1.272651274
1.101153894,1,1.272726422
1.101193606,1,1.27280157
1.101233318,1,1.272876718
1.10127303,1,1.272951866
1.101312742,1,1.273027013
1.101352454,1,1.273102161
1.101392166,1,1.273177309
1.101431877,1,1.273252457
1.101471589,1,1.273327605
1.101511301,1,1.273402753
1.101551013,1,1.273477901
1.101590725,1,1.273553049
1.101630437,1,1.273628197
1.101670149,1,1.273703344
1.101709861,1,1.273778492
1.101749573,1,1.27385364
1.101789285,1,1.273928788
1.101828997,1,1.274003936
1.101868709,1,1.274079084
1.101908421,1,1.274154232
1.101948133,1,1.274258732
1.101987845,1,1.274363233
1.102027556,1,1.274467734
1.102067268,1,1.274572234
1.10210698,1,1.274676735
1.102146692,1,1.274781236
1.102186404,1,1.274885737
1.102226116,1,1.274990237
1.102265828,1,1.275094738
1.10230554,1,1.275199239
1.102345252,1,1.275303739
1.102384964,1,1.27540824
1.102424676,1,1.275512741
1.102464388,1,1.275617241
1.1025041,1,1.275721742
1.102543812,1,1.275826243
1.102583523,1,1.275930743
1.102623235,1,1.276035244
1.102662947,1,1.276139745
1.102702659,1,1.276244245
1.102742371,1,1.276348746
1.102782083,1,1.276453247
1.102821795,1,1.276557747
1.102861507,1,1.276662248
1.102901219,1,1.276766748
1.102940931,1,1.276871249
1.102980643,1,1.27697575
1.103020355,1,1.27708025
1.103060067,1,1.277184751
1.103099779,1,1.277289252
1.10313949,1,1.277393752
1.103179202,1,1.277498253
1.103218914,1,1.277602753
1.103258626,1,1.277707254
1.103298338,1,1.277811755
1.10333805,1,1.277916255
1.103377762,1,1.278020756
1.103417474,1,1.278125256
1.103457186,1,1.278229757
1.103496898,1,1.278334257
1.10353661,1,1.278438758
1.103576322,1,1.278543259
1.103616034,1,1.278647759
1.103655746,1,1.27875226
1.103695457,1,1.27885676
1.103735169,1,1.278961261
1.103774881,1,1.279065761
1.103814593,1,1.279170262
1.103854305,1,1.279274762
1.103894017,1,1.279379263
1.103933729,1,1.279483764
1.103973441,1,1.279588264
1.104013153,1,1.279692765
1.104052865,1,1.279797265
1.104092577,1,1.279901766
1.104132289,1,1.280006266
1.104172001,1,1.280110767
1.104211713,1,1.280215267
1.104251424,1,1.280319768
1.104291136,1,1.280424268
1.104330848,1,1.280528769
1.10437056,1,1.280633269
1.104410272,1,1.28073777
1.104449984,1,1.28084227
1.104489696,1,1.280946771
1.104529408,1,1.281051271
1.10456912,1,1.281155772
1.104608832,1,1.281260272
1.104648544,1,1.281364773
1.104688256,1,1.281469273
1.104727968,1,1.281573773
1.10476768,1,1.281678274
1.104807391,1,1.281782774
1.104847103,1,1.281887275
1.104886815,1,1.281991775
1.104926527,1,1.282096276
1.104966239,1,1.282200776
1.105005951,1,1.282305277
1.105045663,1,1.282409777
1.105085375,1,1.282514277
1.105125087,1,1.282618778
1.105164799,1,1.282723278
1.105204511,1,1.282827779
1.105244223,1,1.282932279
1.105283935,1,1.28303678
1.105323647,1,1.28314128
1.105363358,1,1.28324578
1.10540307,1,1.283350281
1.105442782,1,1.283454781
1.105482494,1,1.283559282
1.105522206,1,1.283663782
1.105561918,1,1.283768282
1.10560163,1,1.283872783
1.105641342,1,1.283977283
1.105681054,1,1.284081783
1.105720766,1,1.284186284
1.105760478,1,1.284290784
1.10580019,1,1.284395285
1.105839902,1,1.284499785
1.105879614,1,1.284604285
1.105919325,1,1.284766494
1.105959037,1,1.284928702
1.105998749,1,1.285090911
1.106038461,1,1.285253119
1.106078173,1,1.285415327
1.106117885,1,1.285577536
1.106157597,1,1.285739744
1.106197309,1,1.285901952
1.106237021,1,1.286064161
1.106276733,1,1.286226369
1.106316445,1,1.286388577
1.106356157,1,1.286550786
1.106395869,1,1.286712994
1.106435581,1,1.286875202
1.106475293,1,1.287037411
1.106515004,1,1.287199619
1.106554716,1,1.287361827
1.106594428,1,1.287524036
1.10663414,1,1.287686244
1.106673852,1,1.287848452
1.106713564,1,1.28801066
1.106753276,1,1.288172869
1.106792988,1,1.288335077
1.1068327,1,1.288497285
1.106872412,1,1.288659493
1.106912124,1,1.288821702
1.106951836,1,1.28898391
1.106991548,1,1.289146118
1.10703126,1,1.289308326
1.107070971,1,1.289470534
1.107110683,1,1.289632743
1.107150395,1,1.289794951
1.107190107,1,1.289957159
1.107229819,1,1.290119367
1.107269531,1,1.290281575
1.107309243,1,1.290443783
1.107348955,1,1.290605992
1.107388667,1,1.2907682
1.107428379,1,1.290930408
1.107468091,1,1.291092616
1.107507803,1,1.291254824
1.107547515,1,1.291417032
1.107587227,1,1.29157924
1.107626938,1,1.291741448
1.10766665,1,1.291903657
1.107706362,1,1.292065865
1.107746074,1,1.292228073
1.107785786,1,1.292390281
1.107825498,1,1.292552489
1.10786521,1,1.292714697
1.107904922,1,1.292876905
1.107944634,1,1.293039113
1.107984346,1,1.293201321
1.108024058,1,1.293363529
1.10806377,1,1.293525737
1.108103482,1,1.293687945
1.108143194,1,1.293850153
1.108182905,1,1.294012361
1.108222617,1,1.294174569
1.108262329,1,1.294336777
1.108302041,1,1.294498985
1.108341753,1,1.294661193
1.108381465,1,1.294823401
1.108421177,1,1.294985609
1.108460889,1,1.295147817
1.108500601,1,1.295310025
1.108540313,1,1.295472233
1.108580025,1,1.295634441
1.108619737,1,1.295796649
1.108659449,1,1.295958856
1.108699161,1,1.296121064
1.108738872,1,1.296283272
1.108778584,1,1.29644548
1.108818296,1,1.296607688
1.108858008,1,1.296769896
1.10889772,1,1.296932104
1.108937432,1,1.297094312
1.108977144,1,1.297256519
1.109016856,1,1.297418727
1.109056568,1,1.297580935
1.10909628,1,1.297743143
1.109135992,1,1.297905351
1.109175704,1,1.298067559
1.109215416,1,1.298229766
1.109255128,1,1.298391974
1.109294839,1,1.298554182
1.109334551,1,1.29871639
1.109374263,1,1.298878598
1.109413975,1,1.299040805
1.109453687,1,1.299203013
1.109493399,1,1.299365221
1.109533111,1,1.299527429
1.109572823,1,1.299689636
1.109612535,1,1.299851844
1.109652247,1,1.300014052
1.109691959,1,1.30017626
1.109731671,1,1.300338467
1.109771383,1,1.300500675
1.109811095,1,1.300662883
1.109850806,1,1.30082509
1.109890518,1,1.300950063
1.10993023,1,1.301075036
1.109969942,1,1.301200009
1.110009654,1,1.301324982
1.110049366,1,1.301449955
1.110089078,1,1.301574928
1.11012879,1,1.301699901
1.110168502,1,1.301824874
1.110208214,1,1.301949847
1.110247926,1,1.302074819
1.110287638,1,1.302199792
1.11032735,1,1.302324765
1.110367062,1,1.302449738
1.110406773,1,1.302574711
1.110446485,1,1.302699684
1.110486197,1,1.302824657
1.110525909,1,1.30294963
1.110565621,1,1.303074602
1.110605333,1,1.303199575
1.110645045,1,1.303324548
1.110684757,1,1.303449521
1.110724469,1,1.303574494
1.110764181,1,1.303699466
1.110803893,1,1.303824439
1.110843605,1,1.303949412
1.110883317,1,1.304074385
1.110923029,1,1.304199358
1.11096274,1,1.30432433
1.111002452,1,1.304449303
1.111042164,1,1.304574276
1.111081876,1,1.304699249
1.111121588,1,1.304824222
1.1111613,1,1.304949194
1.111201012,1,1.305074167
1.111240724,1,1.30519914
1.111280436,1,1.305324113
1.111320148,1,1.305449085
1.11135986,1,1.305574058
1.111399572,1,1.305699031
1.111439284,1,1.305824004
1.111478996,1,1.305948976
1.111518708,1,1.306073949
1.111558419,1,1.306198922
1.111598131,1,1.306323894
1.111637843,1,1.306448867
1.111677555,1,1.30657384
1.111717267,1,1.306698813
1.111756979,1,1.306823785
1.111796691,1,1.306948758
1.111836403,1,1.307073731
1.111876115,1,1.307198703
1.111915827,1,1.307323676
1.111955539,1,1.307448649
1.111995251,1,1.307573621
1.112034963,1,1.307698594
1.112074675,1,1.307823567
1.112114386,1,1.307948539
1.112154098,1,1.308073512
1.11219381,1,1.308198485
1.112233522,1,1.308323457
1.112273234,1,1.30844843
1.112312946,1,1.308573403
1.112352658,1,1.308698375
1.11239237,1,1.308823348
1.112432082,1,1.30894832
1.112471794,1,1.309073293
1.112511506,1,1.309198266
1.112551218,1,1.309323238
1.11259093,1,1.309448211
1.112630642,1,1.309573183
1.112670353,1,1.309698156
1.112710065,1,1.309823129
1.112749777,1,1.309948101
1.112789489,1,1.310073074
1.112829201,1,1.310198046
1.112868913,1,1.310323019
1.112908625,1,1.310447991
1.112948337,1,1.310572964
1.112988049,1,1.310697936
1.113027761,1,1.310822909
1.113067473,1,1.310947882
1.113107185,1,1.311072854
1.113146897,1,1.311197827
1.113186609,1,1.311322799
1.11322632,1,1.311447772
1.113266032,1,1.311572744
1.113305744,1,1.311697717
1.113345456,1,1.311822689
1.113385168,1,1.311947662
1.11342488,1,1.312072634
1.113464592,1,1.312197607
1.113504304,1,1.312322579
1.113544016,1,1.312447552
1.113583728,1,1.312572524
1.11362344,1,1.312697497
1.113663152,1,1.312822469
1.113702864,1,1.312947441
1.113742576,1,1.313072414
1.113782287,1,1.313197386
1.113821999,1,1.313322359
1.113861711,1,1.31344981
1.113901423,1,1.31357726
1.113941135,1,1.313704711
1.113980847,1,1.313832162
1.114020559,1,1.313959612
1.114060271,1,1.314087063
1.114099983,1,1.314214514
1.114139695,1,1.314341964
1.114179407,1,1.314469415
1.114219119,1,1.314596866
1.114258831,1,1.314724316
1.114298543,1,1.314851767
1.114338254,1,1.314979218
1.114377966,1,1.315106668
1.114417678,1,1.315234119
1.11445739,1,1.31536157
1.114497102,1,1.31548902
1.114536814,1,1.315616471
1.114576526,1,1.315743922
1.114616238,1,1.315871372
1.11465595,1,1.315998823
1.114695662,1,1.316126273
1.114735374,1,1.316253724
1.114775086,1,1.316381175
1.114814798,1,1.316508625
1.11485451,1,1.316636076
1.114894221,1,1.316763526
1.114933933,1,1.316890977
1.114973645,1,1.317018428
1.115013357,1,1.317145878
1.115053069,1,1.317273329
1.115092781,1,1.317400779
1.115132493,1,1.31752823
1.115172205,1,1.31765568
1.115211917,1,1.317783131
1.115251629,1,1.317910582
1.115291341,1,1.318038032
1.115331053,1,1.318165483
1.115370765,1,1.318292933
1.115410477,1,1.318420384
1.115450188,1,1.318547834
1.1154899,1,1.318675285
1.115529612,1,1.318802735
1.115569324,1,1.318930186
1.115609036,1,1.319057636
1.115648748,1,1.319185087
1.11568846,1,1.319312537
1.115728172,1,1.319439988
1.115767884,1,1.319567438
1.115807596,1,1.319694889
1.115847308,1,1.319822339
1.11588702,1,1.31994979
1.115926732,1,1.32007724
1.115966444,1,1.32020469
1.116006156,1,1.320332141
1.116045867,1,1.320459591
1.116085579,1,1.320587042
1.116125291,1,1.320714492
1.116165003,1,1.320841943
1.116204715,1,1.320969393
1.116244427,1,1.321096844
1.116284139,1,1.321224294
1.116323851,1,1.321351744
1.116363563,1,1.321479195
1.116403275,1,1.321606645
1.116442987,1,1.321734096
1.116482699,1,1.321861546
1.116522411,1,1.321988996
1.116562123,1,1.322116447
1.116601834,1,1.322243897
1.116641546,1,1.322371347
1.116681258,1,1.322498798
1.11672097,1,1.322626248
1.116760682,1,1.322753699
1.116800394,1,1.322881149
1.116840106,1,1.323008599
1.116879818,1,1.32313605
1.11691953,1,1.3232635
1.116959242,1,1.32339095
1.116998954,1,1.323518401
1.117038666,1,1.323645851
1.117078378,1,1.323773301
1.11711809,1,1.323900752
1.117157801,1,1.324028202
1.117197513,1,1.324155652
1.117237225,1,1.324283102
1.117276937,1,1.324410553
1.117316649,1,1.324538003
1.117356361,1,1.324665453
1.117396073,1,1.324792904
1.117435785,1,1.324920354
1.117475497,1,1.325047804
1.117515209,1,1.325175254
1.117554921,1,1.325302705
1.117594633,1,1.325430155
1.117634345,1,1.325557605
1.117674057,1,1.325685055
1.117713768,1,1.325812506
1.11775348,1,1.325939956
1.117793192,1,1.326067406
1.117832904,1,1.326238644
1.117872616,1,1.326409881
1.117912328,1,1.326581118
1.11795204,1,1.326752356
1.117991752,1,1.326923593
1.118031464,1,1.32709483
1.118071176,1,1.327266068
1.118110888,1,1.327437305
1.1181506,1,1.327608542
1.118190312,1,1.32777978
1.118230024,1,1.327951017
1.118269735,1,1.328122254
1.118309447,1,1.328293492
1.118349159,1,1.328464729
1.118388871,1,1.328635966
1.118428583,1,1.328807204
1.118468295,1,1.328978441
1.118508007,1,1.329149678
1.118547719,1,1.329320915
1.118587431,1,1.329492153
1.118627143,1,1.32966339
1.118666855,1,1.329834627
1.118706567,1,1.330005864
1.118746279,1,1.330177101
1.118785991,1,1.330348339
1.118825702,1,1.330519576
1.118865414,1,1.330690813
1.118905126,1,1.33086205
1.118944838,1,1.331033287
1.11898455,1,1.331204525
1.119024262,1,1.331375762
1.119063974,1,1.331546999
1.119103686,1,1.331718236
1.119143398,1,1.331889473
1.11918311,1,1.33206071
1.119222822,1,1.332231948
1.119262534,1,1.332403185
1.119302246,1,1.332574422
1.119341958,1,1.332745659
1.119381669,1,1.332916896
1.119421381,1,1.333088133
1.119461093,1,1.33325937
1.119500805,1,1.333430607
1.119540517,1,1.333601844
1.119580229,1,1.333773081
1.119619941,1,1.333944318
1.119659653,1,1.334115555
1.119699365,1,1.334286792
1.119739077,1,1.334458029
1.119778789,1,1.334629267
1.119818501,1,1.334800504
1.119858213,1,1.334971741
1.119897925,1,1.335142978
1.119937636,1,1.335314215
1.119977348,1,1.335485452
1.12001706,1,1.335656688
1.120056772,1,1.335827925
1.120096484,1,1.335999162
1.120136196,1,1.336170399
1.120175908,1,1.336341636
1.12021562,1,1.336512873
1.120255332,1,1.33668411
1.120295044,1,1.336855347
1.120334756,1,1.337026584
1.120374468,1,1.337197821
1.12041418,1,1.337369058
1.120453892,1,1.337540295
1.120493603,1,1.337711532
1.120533315,1,1.337882769
1.120573027,1,1.338054005
1.120612739,1,1.338225242
1.120652451,1,1.338396479
1.120692163,1,1.338567716
1.120731875,1,1.338738953
1.120771587,1,1.33891019
1.120811299,1,1.339081426
1.120851011,1,1.339252663
1.120890723,1,1.3394239
1.120930435,1,1.339595137
1.120970147,1,1.339766374
1.121009859,1,1.339937611
1.121049571,1,1.340108847
1.121089282,1,1.340280084
1.121128994,1,1.340451321
1.121168706,1,1.340622558
1.121208418,1,1.340793794
1.12124813,1,1.340965031
1.121287842,1,1.341136268
1.121327554,1,1.341307505
1.121367266,1,1.341478741
1.121406978,1,1.341649978
1.12144669,1,1.341821215
1.121486402,1,1.341992451
1.121526114,1,1.342163688
1.121565826,1,1.342334925
1.121605538,1,1.342506161
1.121645249,1,1.342677398
1.121684961,1,1.342848635
1.121724673,1,1.343019871
1.121764385,1,1.343191108
1.121804097,1,1.343356671
1.121843809,1,1.343522234
1.121883521,1,1.343687797
1.121923233,1,1.343853359
1.121962945,1,1.344018922
1.122002657,1,1.344184485
1.122042369,1,1.344350048
1.122082081,1,1.344515611
1.122121793,1,1.344681173
1.122161505,1,1.344846736
1.122201216,1,1.345012299
1.122240928,1,1.345177862
1.12228064,1,1.345343425
1.122320352,1,1.345508987
1.122360064,1,1.34567455
1.122399776,1,1.345840113
1.122439488,1,1.346005676
1.1224792,1,1.346171238
1.122518912,1,1.346336801
1.122558624,1,1.346502364
1.122598336,1,1.346667926
1.122638048,1,1.346833489
1.12267776,1,1.346999052
1.122717472,1,1.347164614
1.122757183,1,1.347330177
1.122796895,1,1.34749574
1.122836607,1,1.347661302
1.122876319,1,1.347826865
1.122916031,1,1.347992428
1.122955743,1,1.34815799
1.122995455,1,1.348323553
1.123035167,1,1.348489116
1.123074879,1,1.348654678
1.123114591,1,1.348820241
1.123154303,1,1.348985804
1.123194015,1,1.349151366
1.123233727,1,1.349316929
1.123273439,1,1.349482491
1.12331315,1,1.349648054
1.123352862,1,1.349813616
1.123392574,1,1.349979179
1.123432286,1,1.350144742
1.123471998,1,1.350310304
1.12351171,1,1.350475867
1.123551422,1,1.350641429
1.123591134,1,1.350806992
1.123630846,1,1.350972554
1.123670558,1,1.351138117
1.12371027,1,1.351303679
1.123749982,1,1.351469242
1.123789694,1,1.351634804
1.123829406,1,1.351800367
1.123869117,1,1.351965929
1.123908829,1,1.352131492
1.123948541,1,1.352297054
1.123988253,1,1.352462617
1.124027965,1,1.352628179
1.124067677,1,1.352793741
1.124107389,1,1.352959304
1.124147101,1,1.353124866
1.124186813,1,1.353290429
1.124226525,1,1.353455991
1.124266237,1,1.353621554
1.124305949,1,1.353787116
1.124345661,1,1.353952678
1.124385373,1,1.354118241
1.124425084,1,1.354283803
1.124464796,1,1.354449365
1.124504508,1,1.354614928
1.12454422,1,1.35478049
1.124583932,1,1.354946053
1.124623644,1,1.355111615
1.124663356,1,1.355277177
1.124703068,1,1.35544274
1.12474278,1,1.355608302
1.124782492,1,1.355773864
1.124822204,1,1.355939427
1.124861916,1,1.356104989
1.124901628,1,1.356270551
1.12494134,1,1.356436113
1.124981051,1,1.356601676
1.125020763,1,1.356767238
1.125060475,1,1.3569328
1.125100187,1,1.357098362
1.125139899,1,1.357263925
1.125179611,1,1.357429487
1.125219323,1,1.357595049
1.125259035,1,1.357760611
1.125298747,1,1.357926174
1.125338459,1,1.358091736
1.125378171,1,1.358257298
1.125417883,1,1.35842286
1.125457595,1,1.358588422
1.125497307,1,1.358753985
1.125537018,1,1.358919547
1.12557673,1,1.359085109
1.125616442,1,1.359250671
1.125656154,1,1.359416233
1.125695866,1,1.359581796
1.125735578,1,1.359747358
1.12577529,1,1.359853837
1.125815002,1,1.359960316
1.125854714,1,1.360066796
1.125894426,1,1.360173275
1.125934138,1,1.360279754
1.12597385,1,1.360386234
1.126013562,1,1.360492713
1.126053274,1,1.360599193
1.126092986,1,1.360705672
1.126132697,1,1.360812151
1.126172409,1,1.360918631
1.126212121,1,1.36102511
1.126251833,1,1.361131589
1.126291545,1,1.361238069
1.126331257,1,1.361344548
1.126370969,1,1.361451027
1.126410681,1,1.361557507
1.126450393,1,1.361663986
1.126490105,1,1.361770465
1.126529817,1,1.361876945
1.126569529,1,1.361983424
1.126609241,1,1.362089903
1.126648953,1,1.362196382
1.126688664,1,1.362302862
1.126728376,1,1.362409341
1.126768088,1,1.36251582
1.1268078,1,1.3626223
1.126847512,1,1.362728779
1.126887224,1,1.362835258
1.126926936,1,1.362941737
1.126966648,1,1.363048217
1.12700636,1,1.363154696
1.127046072,1,1.363261175
1.127085784,1,1.363367654
1.127125496,1,1.363474134
1.127165208,1,1.363580613
1.12720492,1,1.363687092
1.127244631,1,1.363793572
1.127284343,1,1.363900051
1.127324055,1,1.36400653
1.127363767,1,1.364113009
1.127403479,1,1.364219488
1.127443191,1,1.364325968
1.127482903,1,1.364432447
1.127522615,1,1.364538926
1.127562327,1,1.364645405
1.127602039,1,1.364751885
1.127641751,1,1.364858364
1.127681463,1,1.364964843
1.127721175,1,1.365071322
1.127760887,1,1.365177801
1.127800598,1,1.365284281
1.12784031,1,1.36539076
1.127880022,1,1.365497239
1.127919734,1,1.365603718
1.127959446,1,1.365710197
1.127999158,1,1.365816677
1.12803887,1,1.365923156
1.128078582,1,1.366029635
1.128118294,1,1.366136114
1.128158006,1,1.366242593
1.128197718,1,1.366349072
1.12823743,1,1.366455552
1.128277142,1,1.366562031
1.128316854,1,1.36666851
1.128356565,1,1.366774989
1.128396277,1,1.366881468
1.128435989,1,1.366987947
1.128475701,1,1.367094426
1.128515413,1,1.367200906
1.128555125,1,1.367307385
1.128594837,1,1.367413864
1.128634549,1,1.367520343
1.128674261,1,1.367626822
1.128713973,1,1.367733301
1.128753685,1,1.36783978
1.128793397,1,1.367946259
1.128833109,1,1.368052739
1.128872821,1,1.368159218
1.128912532,1,1.368265697
1.128952244,1,1.368372176
1.128991956,1,1.368478655
1.129031668,1,1.368585134
1.12907138,1,1.368691613
1.129111092,1,1.368798092
1.129150804,1,1.368904571
1.129190516,1,1.36901105
1.129230228,1,1.369117529
1.12926994,1,1.369224009
1.129309652,1,1.369330488
1.129349364,1,1.369436967
1.129389076,1,1.369543446
1.129428788,1,1.369649925
1.129468499,1,1.369756404
1.129508211,1,1.369862883
1.129547923,1,1.369969362
1.129587635,1,1.370075841
1.129627347,1,1.37018232
1.129667059,1,1.370288799
1.129706771,1,1.370395278
1.129746483,1,1.370527661
1.129786195,1,1.370660044
1.129825907,1,1.370792426
1.129865619,1,1.370924809
1.129905331,1,1.371057192
1.129945043,1,1.371189575
1.129984755,1,1.371321958
1.130024466,1,1.37145434
1.130064178,1,1.371586723
1.13010389,1,1.371719106
1.130143602,1,1.371851489
1.130183314,1,1.371983871
1.130223026,1,1.372116254
1.130262738,1,1.372248637
1.13030245,1,1.37238102
1.130342162,1,1.372513402
1.130381874,1,1.372645785
1.130421586,1,1.372778168
1.130461298,1,1.37291055
1.13050101,1,1.373042933
1.130540722,1,1.373175316
1.130580434,1,1.373307699
1.130620145,1,1.373440081
1.130659857,1,1.373572464
1.130699569,1,1.373704847
1.130739281,1,1.373837229
1.130778993,1,1.373969612
1.130818705,1,1.374101995
1.130858417,1,1.374234377
1.130898129,1,1.37436676
1.130937841,1,1.374499143
1.130977553,1,1.374631525
1.131017265,1,1.374763908
1.131056977,1,1.37489629
1.131096689,1,1.375028673
1.131136401,1,1.375161056
1.131176112,1,1.375293438
1.131215824,1,1.375425821
1.131255536,1,1.375558204
1.131295248,1,1.375690586
1.13133496,1,1.375822969
1.131374672,1,1.375955351
1.131414384,1,1.376087734
1.131454096,1,1.376220117
1.131493808,1,1.376352499
1.13153352,1,1.376484882
1.131573232,1,1.376617264
1.131612944,1,1.376749647
1.131652656,1,1.376882029
1.131692368,1,1.377014412
1.131732079,1,1.377146795
1.131771791,1,1.377279177
1.131811503,1,1.37741156
1.131851215,1,1.377543942
1.131890927,1,1.377676325
1.131930639,1,1.377808707
1.131970351,1,1.37794109
1.132010063,1,1.378073472
1.132049775,1,1.378205855
1.132089487,1,1.378338237
1.132129199,1,1.37847062
1.132168911,1,1.378603002
1.132208623,1,1.378735385
1.132248335,1,1.378867767
1.132288046,1,1.37900015
1.132327758,1,1.379132532
1.13236747,1,1.379264915
1.132407182,1,1.379397297
1.132446894,1,1.37952968
1.132486606,1,1.379662062
1.132526318,1,1.379794445
1.13256603,1,1.379926827
1.132605742,1,1.380059209
1.132645454,1,1.380191592
1.132685166,1,1.380323974
1.132724878,1,1.380456357
1.13276459,1,1.380588739
1.132804302,1,1.380721122
1.132844013,1,1.380853504
1.132883725,1,1.380985886
1.132923437,1,1.381118269
1.132963149,1,1.381250651
1.133002861,1,1.381383034
1.133042573,1,1.381515416
1.133082285,1,1.381647798
1.133121997,1,1.381780181
1.133161709,1,1.381912563
1.133201421,1,1.382044945
1.133241133,1,1.382177328
1.133280845,1,1.38230971
1.133320557,1,1.382442093
1.133360269,1,1.382574475
1.13339998,1,1.382706857
1.133439692,1,1.38283924
1.133479404,1,1.382971622
1.133519116,1,1.383104004
1.133558828,1,1.383236387
1.13359854,1,1.383368769
1.133638252,1,1.383501151
1.133677964,1,1.383633533
1.133717676,1,1.383771714
1.133757388,1,1.383909895
1.1337971,1,1.384048075
1.133836812,1,1.384186256
1.133876524,1,1.384324437
1.133916236,1,1.384462617
1.133955947,1,1.384600798
1.133995659,1,1.384738978
1.134035371,1,1.384877159
1.134075083,1,1.385015339
1.134114795,1,1.38515352
1.134154507,1,1.385291701
1.134194219,1,1.385429881
1.134233931,1,1.385568062
1.134273643,1,1.385706242
1.134313355,1,1.385844423
1.134353067,1,1.385982603
1.134392779,1,1.386120784
1.134432491,1,1.386258964
1.134472203,1,1.386397145
1.134511914,1,1.386535325
1.134551626,1,1.386673506
1.134591338,1,1.386811686
1.13463105,1,1.386949867
1.134670762,1,1.387088047
1.134710474,1,1.387226228
1.134750186,1,1.387364408
1.134789898,1,1.387502589
1.13482961,1,1.387640769
1.134869322,1,1.38777895
1.134909034,1,1.38791713
1.134948746,1,1.388055311
1.134988458,1,1.388193491
1.13502817,1,1.388331672
1.135067881,1,1.388469852
1.135107593,1,1.388608033
1.135147305,1,1.388746213
1.135187017,1,1.388884393
1.135226729,1,1.389022574
1.135266441,1,1.389160754
1.135306153,1,1.389298935
1.135345865,1,1.389437115
1.135385577,1,1.389575295
1.135425289,1,1.389713476
1.135465001,1,1.389851656
1.135504713,1,1.389989837
1.135544425,1,1.390128017
1.135584137,1,1.390266197
1.135623849,1,1.390404378
1.13566356,1,1.390542558
1.135703272,1,1.390680738
1.135742984,1,1.390818919
1.135782696,1,1.390957099
1.135822408,1,1.39109528
1.13586212,1,1.39123346
1.135901832,1,1.39137164
1.135941544,1,1.391509821
1.135981256,1,1.391648001
1.136020968,1,1.391786181
1.13606068,1,1.391924361
1.136100392,1,1.392062542
1.136140104,1,1.392200722
1.136179816,1,1.392338902
1.136219527,1,1.392477083
1.136259239,1,1.392615263
1.136298951,1,1.392753443
1.136338663,1,1.392891623
1.136378375,1,1.393029804
1.136418087,1,1.393167984
1.136457799,1,1.393306164
1.136497511,1,1.393444345
1.136537223,1,1.393582525
1.136576935,1,1.393720705
1.136616647,1,1.393858885
1.136656359,1,1.393997065
1.136696071,1,1.394135246
1.136735783,1,1.394273426
1.136775494,1,1.394411606
1.136815206,1,1.394549786
1.136854918,1,1.394687967
1.13689463,1,1.394826147
1.136934342,1,1.394964327
1.136974054,1,1.395102507
1.137013766,1,1.395240687
1.137053478,1,1.395378868
1.13709319,1,1.395517048
1.137132902,1,1.395655228
1.137172614,1,1.395793408
1.137212326,1,1.395931588
1.137252038,1,1.396069768
1.13729175,1,1.396207948
1.137331461,1,1.396346129
1.137371173,1,1.396484309
1.137410885,1,1.396622489
1.137450597,1,1.396760669
1.137490309,1,1.396898849
1.137530021,1,1.397037029
1.137569733,1,1.397175209
1.137609445,1,1.397313389
1.137649157,1,1.39745157
1.137688869,1,1.397637184
1.137728581,1,1.397822798
1.137768293,1,1.398008413
1.137808005,1,1.398194027
1.137847717,1,1.398379642
1.137887428,1,1.398565256
1.13792714,1,1.39875087
1.137966852,1,1.398936485
1.138006564,1,1.399122099
1.138046276,1,1.399307713
1.138085988,1,1.399493328
1.1381257,1,1.399678942
1.138165412,1,1.399864557
1.138205124,1,1.400050171
1.138244836,1,1.400235785
1.138284548,1,1.400421399
1.13832426,1,1.400607014
1.138363972,1,1.400792628
1.138403684,1,1.400978242
1.138443395,1,1.401163857
1.138483107,1,1.401349471
1.138522819,1,1.401535085
1.138562531,1,1.401720699
1.138602243,1,1.401906314
1.138641955,1,1.402091928
1.138681667,1,1.402277542
1.138721379,1,1.402463156
1.138761091,1,1.402648771
1.138800803,1,1.402834385
1.138840515,1,1.403019999
1.138880227,1,1.403205613
1.138919939,1,1.403391227
1.138959651,1,1.403576841
1.138999362,1,1.403762456
1.139039074,1,1.40394807
1.139078786,1,1.404133684
1.139118498,1,1.404319298
1.13915821,1,1.404504912
1.139197922,1,1.404690526
1.139237634,1,1.40487614
1.139277346,1,1.405061755
1.139317058,1,1.405247369
1.13935677,1,1.405432983
1.139396482,1,1.405618597
1.139436194,1,1.405804211
1.139475906,1,1.405989825
1.139515618,1,1.406175439
1.139555329,1,1.406361053
1.139595041,1,1.406546667
1.139634753,1,1.406732281
1.139674465,1,1.406917895
1.139714177,1,1.407103509
1.139753889,1,1.407289123
1.139793601,1,1.407474737
1.139833313,1,1.407660351
1.139873025,1,1.407845965
1.139912737,1,1.408031579
1.139952449,1,1.408217193
1.139992161,1,1.408402807
1.140031873,1,1.408588421
1.140071585,1,1.408774035
1.140111297,1,1.408959649
1.140151008,1,1.409145263
1.14019072,1,1.409330877
1.140230432,1,1.409516491
1.140270144,1,1.409702105
1.140309856,1,1.409887718
1.140349568,1,1.410073332
1.14038928,1,1.410258946
1.140428992,1,1.41044456
1.140468704,1,1.410630174
1.140508416,1,1.410815788
1.140548128,1,1.411001402
1.14058784,1,1.411187016
1.140627552,1,1.411372629
1.140667264,1,1.411558243
1.140706975,1,1.411743857
1.140746687,1,1.411929471
1.140786399,1,1.412115085
1.140826111,1,1.412300698
1.140865823,1,1.412486312
1.140905535,1,1.412671926
1.140945247,1,1.41285754
1.140984959,1,1.413043154
1.141024671,1,1.413228767
1.141064383,1,1.413414381
1.141104095,1,1.413599995
1.141143807,1,1.413785609
1.141183519,1,1.413971222
1.141223231,1,1.414156836
1.141262942,1,1.41434245
1.141302654,1,1.414528063
1.141342366,1,1.414713677
1.141382078,1,1.414899291
1.14142179,1,1.415084904
1.141461502,1,1.415270518
1.141501214,1,1.415456132
1.141540926,1,1.415641745
1.141580638,1,1.415827359
1.14162035,1,1.416012973
1.141660062,1,1.416199606
1.141699774,1,1.416386239
1.141739486,1,1.416572872
1.141779198,1,1.416759505
1.141818909,1,1.416946138
1.141858621,1,1.417132771
1.141898333,1,1.417319404
1.141938045,1,1.417506037
1.141977757,1,1.41769267
1.142017469,1,1.417879303
1.142057181,1,1.418065936
1.142096893,1,1.418252569
1.142136605,1,1.418439202
1.142176317,1,1.418625835
1.142216029,1,1.418812468
1.142255741,1,1.4189991
1.142295453,1,1.419185733
1.142335165,1,1.419372366
1.142374876,1,1.419558999
1.142414588,1,1.419745632
1.1424543,1,1.419932265
1.142494012,1,1.420118898
1.142533724,1,1.420305531
1.142573436,1,1.420492164
1.142613148,1,1.420678796
1.14265286,1,1.420865429
1.142692572,1,1.421052062
1.142732284,1,1.421238695
1.142771996,1,1.421425328
1.142811708,1,1.421611961
1.14285142,1,1.421798593
1.142891132,1,1.421985226
1.142930843,1,1.422171859
1.142970555,1,1.422358492
1.143010267,1,1.422545124
1.143049979,1,1.422731757
1.143089691,1,1.42291839
1.143129403,1,1.423105023
1.143169115,1,1.423291655
1.143208827,1,1.423478288
1.143248539,1,1.423664921
1.143288251,1,1.423851554
1.143327963,1,1.424038186
1.143367675,1,1.424224819
1.143407387,1,1.424411452
1.143447099,1,1.424598084
1.14348681,1,1.424784717
1.143526522,1,1.42497135
1.143566234,1,1.425157982
1.143605946,1,1.425344615
1.143645658,1,1.425531248
1.14368537,1,1.42571788
1.143725082,1,1.425904513
1.143764794,1,1.426091146
1.143804506,1,1.426277778
1.143844218,1,1.426464411
1.14388393,1,1.426651043
1.143923642,1,1.426837676
1.143963354,1,1.427024309
1.144003066,1,1.427210941
1.144042777,1,1.427397574
1.144082489,1,1.427584206
1.144122201,1,1.427770839
1.144161913,1,1.427957471
1.144201625,1,1.428144104
1.144241337,1,1.428330736
1.144281049,1,1.428517369
1.144320761,1,1.428704001
1.144360473,1,1.428890634
1.144400185,1,1.429077266
1.144439897,1,1.429263899
1.144479609,1,1.429450531
1.144519321,1,1.429637164
1.144559033,1,1.429823796
1.144598744,1,1.430010429
1.144638456,1,1.430197061
1.144678168,1,1.430383694
1.14471788,1,1.430570326
1.144757592,1,1.430756958
1.144797304,1,1.430943591
1.144837016,1,1.431130223
1.144876728,1,1.431316856
1.14491644,1,1.431503488
1.144956152,1,1.43169012
1.144995864,1,1.431876753
1.145035576,1,1.432063385
1.145075288,1,1.432250018
1.145115,1,1.43243665
1.145154712,1,1.432623282
1.145194423,1,1.432809915
1.145234135,1,1.432996547
1.145273847,1,1.433183179
1.145313559,1,1.433369812
1.145353271,1,1.433556444
1.145392983,1,1.433743076
1.145432695,1,1.433929708
1.145472407,1,1.434116341
1.145512119,1,1.434302973
1.145551831,1,1.434489605
1.145591543,1,1.434676237
1.145631255,1,1.434702592
1.145670967,1,1.434728946
1.145710679,1,1.4347553
1.14575039,1,1.434781654
1.145790102,1,1.434808009
1.145829814,1,1.434834363
1.145869526,1,1.434860717
1.145909238,1,1.434887071
1.14594895,1,1.434913426
1.145988662,1,1.43493978
1.146028374,1,1.434966134
1.146068086,1,1.434992488
1.146107798,1,1.435018842
1.14614751,1,1.435045197
1.146187222,1,1.435071551
1.146226934,1,1.435097905
1.146266646,1,1.435124259
1.146306357,1,1.435150614
1.146346069,1,1.435176968
1.146385781,1,1.435203322
1.146425493,1,1.435229676
1.146465205,1,1.435256031
1.146504917,1,1.435282385
1.146544629,1,1.435308739
1.146584341,1,1.435335093
1.146624053,1,1.435361448
1.146663765,1,1.435387802
1.146703477,1,1.435414156
1.146743189,1,1.43544051
1.146782901,1,1.435466865
1.146822613,1,1.435493219
1.146862324,1,1.435519573
1.146902036,1,1.435545928
1.146941748,1,1.435572282
1.14698146,1,1.435598636
1.147021172,1,1.43562499
1.147060884,1,1.435651345
1.147100596,1,1.435677699
1.147140308,1,1.435704053
1.14718002,1,1.435730407
1.147219732,1,1.435756762
1.147259444,1,1.435783116
1.147299156,1,1.43580947
1.147338868,1,1.435835825
1.14737858,1,1.435862179
1.147418291,1,1.435888533
1.147458003,1,1.435914887
1.147497715,1,1.435941242
1.147537427,1,1.435967596
1.147577139,1,1.43599395
1.147616851,1,1.436020304
1.147656563,1,1.436046659
1.147696275,1,1.436073013
1.147735987,1,1.436099367
1.147775699,1,1.436125722
1.147815411,1,1.436152076
1.147855123,1,1.43617843
1.147894835,1,1.436204785
1.147934547,1,1.436231139
1.147974258,1,1.436257493
1.14801397,1,1.436283847
1.148053682,1,1.436310202
1.148093394,1,1.436336556
1.148133106,1,1.43636291
1.148172818,1,1.436389265
1.14821253,1,1.436415619
1.148252242,1,1.436441973
1.148291954,1,1.436468328
1.148331666,1,1.436494682
1.148371378,1,1.436521036
1.14841109,1,1.436547391
1.148450802,1,1.436573745
1.148490514,1,1.436600099
1.148530225,1,1.436626454
1.148569937,1,1.436652808
1.148609649,1,1.436679162
1.148649361,1,1.436705516
1.148689073,1,1.436731871
1.148728785,1,1.436758225
1.148768497,1,1.436784579
1.148808209,1,1.436810934
1.148847921,1,1.436837288
1.148887633,1,1.436863642
1.148927345,1,1.436889997
1.148967057,1,1.436916351
1.149006769,1,1.436942705
1.149046481,1,1.43696906
1.149086192,1,1.436995414
1.149125904,1,1.437021768
1.149165616,1,1.437048123
1.149205328,1,1.437074477
1.14924504,1,1.437100831
1.149284752,1,1.437127186
1.149324464,1,1.43715354
1.149364176,1,1.437179895
1.149403888,1,1.437206249
1.1494436,1,1.437232603
1.149483312,1,1.437258958
1.149523024,1,1.437285312
1.149562736,1,1.437311666
1.149602448,1,1.437416259
1.149642159,1,1.437520851
1.149681871,1,1.437625444
1.149721583,1,1.437730037
1.149761295,1,1.437834629
1.149801007,1,1.437939222
1.149840719,1,1.438043814
1.149880431,1,1.438148407
1.149920143,1,1.438252999
1.149959855,1,1.438357592
1.149999567,1,1.438462185
1.150039279,1,1.438566777
1.150078991,1,1.43867137
1.150118703,1,1.438775962
1.150158415,1,1.438880555
1.150198127,1,1.438985147
1.150237838,1,1.43908974
1.15027755,1,1.439194332
1.150317262,1,1.439298925
1.150356974,1,1.439403518
1.150396686,1,1.43950811
1.150436398,1,1.439612703
1.15047611,1,1.439717295
1.150515822,1,1.439821888
1.150555534,1,1.43992648
1.150595246,1,1.440031073
1.150634958,1,1.440135665
1.15067467,1,1.440240258
1.150714382,1,1.44034485
1.150754094,1,1.440449443
1.150793805,1,1.440554035
1.150833517,1,1.440658628
1.150873229,1,1.44076322
1.150912941,1,1.440867813
1.150952653,1,1.440972405
1.150992365,1,1.441076998
1.151032077,1,1.44118159
1.151071789,1,1.441286183
1.151111501,1,1.441390775
1.151151213,1,1.441495367
1.151190925,1,1.44159996
1.151230637,1,1.441704552
1.151270349,1,1.441809145
1.151310061,1,1.441913737
1.151349772,1,1.44201833
1.151389484,1,1.442122922
1.151429196,1,1.442227515
1.151468908,1,1.442332107
1.15150862,1,1.4424367
1.151548332,1,1.442541292
1.151588044,1,1.442645884
1.151627756,1,1.442750477
1.151667468,1,1.442855069
1.15170718,1,1.442959662
1.151746892,1,1.443064254
1.151786604,1,1.443168847
1.151826316,1,1.443273439
1.151866028,1,1.443378031
1.151905739,1,1.443482624
1.151945451,1,1.443587216
1.151985163,1,1.443691809
1.152024875,1,1.443796401
1.152064587,1,1.443900993
1.152104299,1,1.444005586
1.152144011,1,1.444110178
1.152183723,1,1.444214771
1.152223435,1,1.444319363
1.152263147,1,1.444423955
1.152302859,1,1.444528548
1.152342571,1,1.44463314
1.152382283,1,1.444737732
1.152421995,1,1.444842325
1.152461706,1,1.444946917
1.152501418,1,1.44505151
1.15254113,1,1.445156102
1.152580842,1,1.445260694
1.152620554,1,1.445365287
1.152660266,1,1.445469879
1.152699978,1,1.445574471
1.15273969,1,1.445679064
1.152779402,1,1.445783656
1.152819114,1,1.445888248
1.152858826,1,1.445992841
1.152898538,1,1.446097433
1.15293825,1,1.446202025
1.152977962,1,1.446306618
1.153017673,1,1.44641121
1.153057385,1,1.446515802
1.153097097,1,1.446620395
1.153136809,1,1.446724987
1.153176521,1,1.446829579
1.153216233,1,1.446934172
1.153255945,1,1.447038764
1.153295657,1,1.447143356
1.153335369,1,1.447247948
1.153375081,1,1.447352541
1.153414793,1,1.447457133
1.153454505,1,1.447561725
1.153494217,1,1.447666318
1.153533929,1,1.44777091
1.15357364,1,1.447943264
1.153613352,1,1.448115618
1.153653064,1,1.448287973
1.153692776,1,1.448460327
1.153732488,1,1.448632681
1.1537722,1,1.448805035
1.153811912,1,1.44897739
1.153851624,1,1.449149744
1.153891336,1,1.449322098
1.153931048,1,1.449494452
1.15397076,1,1.449666806
1.154010472,1,1.449839161
1.154050184,1,1.450011515
1.154089896,1,1.450183869
1.154129607,1,1.450356223
1.154169319,1,1.450528577
1.154209031,1,1.450700931
1.154248743,1,1.450873286
1.154288455,1,1.45104564
1.154328167,1,1.451217994
1.154367879,1,1.451390348
1.154407591,1,1.451562702
1.154447303,1,1.451735056
1.154487015,1,1.45190741
1.154526727,1,1.452079764
1.154566439,1,1.452252119
1.154606151,1,1.452424473
1.154645863,1,1.452596827
1.154685575,1,1.452769181
1.154725286,1,1.452941535
1.154764998,1,1.453113889
1.15480471,1,1.453286243
1.154844422,1,1.453458597
1.154884134,1,1.453630951
1.154923846,1,1.453803305
1.154963558,1,1.453975659
1.15500327,1,1.454148013
1.155042982,1,1.454320367
1.155082694,1,1.454492721
1.155122406,1,1.454665075
1.155162118,1,1.454837429
1.15520183,1,1.455009783
1.155241542,1,1.455182137
1.155281253,1,1.455354491
1.155320965,1,1.455526845
1.155360677,1,1.455699199
1.155400389,1,1.455871553
1.155440101,1,1.456043907
1.155479813,1,1.456216261
1.155519525,1,1.456388615
1.155559237,1,1.456560969
1.155598949,1,1.456733322
1.155638661,1,1.456905676
1.155678373,1,1.45707803
1.155718085,1,1.457250384
1.155757797,1,1.457422738
1.155797509,1,1.457595092
1.15583722,1,1.457767446
1.155876932,1,1.4579398
1.155916644,1,1.458112153
1.155956356,1,1.458284507
1.155996068,1,1.458456861
1.15603578,1,1.458629215
1.156075492,1,1.458801569
1.156115204,1,1.458973923
1.156154916,1,1.459146276
1.156194628,1,1.45931863
1.15623434,1,1.459490984
1.156274052,1,1.459663338
1.156313764,1,1.459835692
1.156353476,1,1.460008045
1.156393187,1,1.460180399
1.156432899,1,1.460352753
1.156472611,1,1.460525107
1.156512323,1,1.46069746
1.156552035,1,1.460869814
1.156591747,1,1.461042168
1.156631459,1,1.461214522
1.156671171,1,1.461386875
1.156710883,1,1.461559229
1.156750595,1,1.461731583
1.156790307,1,1.461903937
1.156830019,1,1.46207629
1.156869731,1,1.462248644
1.156909443,1,1.462420998
1.156949154,1,1.462593351
1.156988866,1,1.462765705
1.157028578,1,1.462938059
1.15706829,1,1.463110412
1.157108002,1,1.463282766
1.157147714,1,1.46345512
1.157187426,1,1.463627473
1.157227138,1,1.463799827
1.15726685,1,1.46397218
1.157306562,1,1.464144534
1.157346274,1,1.464316888
1.157385986,1,1.464489241
1.157425698,1,1.464661595
1.15746541,1,1.464833948
1.157505121,1,1.465006302
1.157544833,1,1.465178656
1.157584545,1,1.465351009
1.157624257,1,1.465523363
1.157663969,1,1.465695716
1.157703681,1,1.46586807
1.157743393,1,1.466040423
1.157783105,1,1.466212777
1.157822817,1,1.46638513
1.157862529,1,1.466557484
1.157902241,1,1.466729837
1.157941953,1,1.466902191
1.157981665,1,1.467074544
1.158021377,1,1.467246898
1.158061088,1,1.467419251
1.1581008,1,1.467591605
1.158140512,1,1.467763958
1.158180224,1,1.467936312
1.158219936,1,1.468108665
1.158259648,1,1.468281019
1.15829936,1,1.468453372
1.158339072,1,1.468625726
1.158378784,1,1.468798079
1.158418496,1,1.468970432
1.158458208,1,1.469142786
1.15849792,1,1.469315139
1.158537632,1,1.469487493
1.158577344,1,1.469659846
1.158617055,1,1.469832199
1.158656767,1,1.470004553
1.158696479,1,1.470176906
1.158736191,1,1.470349259
1.158775903,1,1.470521613
1.158815615,1,1.470693966
1.158855327,1,1.47086632
1.158895039,1,1.471038673
1.158934751,1,1.471211026
1.158974463,1,1.471383379
1.159014175,1,1.471555733
1.159053887,1,1.471728086
1.159093599,1,1.471900439
1.159133311,1,1.472072793
1.159173022,1,1.472245146
1.159212734,1,1.472417499
1.159252446,1,1.472589853
1.159292158,1,1.472762206
1.15933187,1,1.472934559
1.159371582,1,1.473106912
1.159411294,1,1.473279266
1.159451006,1,1.473451619
1.159490718,1,1.473623972
1.15953043,1,1.473796325
1.159570142,1,1.473968679
1.159609854,1,1.474141032
1.159649566,1,1.474313385
1.159689278,1,1.474485738
1.15972899,1,1.474658091
1.159768701,1,1.474830445
1.159808413,1,1.475002798
1.159848125,1,1.475175151
1.159887837,1,1.475347504
1.159927549,1,1.475519857
1.159967261,1,1.47569221
1.160006973,1,1.475864563
1.160046685,1,1.476036917
1.160086397,1,1.47620927
1.160126109,1,1.476381623
1.160165821,1,1.476553976
1.160205533,1,1.476726329
1.160245245,1,1.476898682
1.160284957,1,1.477071035
1.160324668,1,1.477243388
1.16036438,1,1.477415741
1.160404092,1,1.477588095
1.160443804,1,1.477760448
1.160483516,1,1.477932801
1.160523228,1,1.478105154
1.16056294,1,1.478277507
1.160602652,1,1.47844986
1.160642364,1,1.478622213
1.160682076,1,1.478794566
1.160721788,1,1.478966919
1.1607615,1,1.479139272
1.160801212,1,1.479311625
1.160840924,1,1.479483978
1.160880635,1,1.479656331
1.160920347,1,1.479828684
1.160960059,1,1.480001037
1.160999771,1,1.48017339
1.161039483,1,1.480345743
1.161079195,1,1.480518096
1.161118907,1,1.480690449
1.161158619,1,1.480862802
1.161198331,1,1.481035155
1.161238043,1,1.481207508
1.161277755,1,1.48137986
1.161317467,1,1.481552213
1.161357179,1,1.481724566
1.161396891,1,1.481896919
1.161436602,1,1.482069272
1.161476314,1,1.482241625
1.161516026,1,1.482413978
1.161555738,1,1.482586331
1.16159545,1,1.482758684
1.161635162,1,1.482931037
1.161674874,1,1.483103389
1.161714586,1,1.483275742
1.161754298,1,1.483448095
1.16179401,1,1.483620448
1.161833722,1,1.483792801
1.161873434,1,1.483965154
1.161913146,1,1.484137506
1.161952858,1,1.484309859
1.161992569,1,1.484482212
1.162032281,1,1.484654565
1.162071993,1,1.484826918
1.162111705,1,1.48499927
1.162151417,1,1.485171623
1.162191129,1,1.485343976
1.162230841,1,1.485516329
1.162270553,1,1.485688681
1.162310265,1,1.485861034
1.162349977,1,1.486033387
1.162389689,1,1.48620574
1.162429401,1,1.486378092
1.162469113,1,1.486550445
1.162508825,1,1.486722798
1.162548536,1,1.48689515
1.162588248,1,1.487067503
1.16262796,1,1.487239856
1.162667672,1,1.487412209
1.162707384,1,1.487584561
1.162747096,1,1.487756914
1.162786808,1,1.487929267
1.16282652,1,1.488101619
1.162866232,1,1.488273972
1.162905944,1,1.488446325
1.162945656,1,1.488618677
1.162985368,1,1.48879103
1.16302508,1,1.488963382
1.163064792,1,1.489135735
1.163104503,1,1.489308088
1.163144215,1,1.48948044
1.163183927,1,1.489652793
1.163223639,1,1.489825145
1.163263351,1,1.489997498
1.163303063,1,1.490169851
1.163342775,1,1.490342203
1.163382487,1,1.490514556
1.163422199,1,1.490686908
1.163461911,1,1.490859261
1.163501623,1,1.491031613
1.163541335,1,1.491203966
1.163581047,1,1.491376318
1.163620759,1,1.491548671
1.16366047,1,1.491721024
1.163700182,1,1.491893376
1.163739894,1,1.492065729
1.163779606,1,1.492238081
1.163819318,1,1.492410434
1.16385903,1,1.492582786
1.163898742,1,1.492755138
1.163938454,1,1.492927491
1.163978166,1,1.493099843
1.164017878,1,1.493272196
1.16405759,1,1.493444548
1.164097302,1,1.493616901
1.164137014,1,1.493789253
1.164176726,1,1.493961606
1.164216438,1,1.494133958
1.164256149,1,1.49430631
1.164295861,1,1.494478663
1.164335573,1,1.494651015
1.164375285,1,1.494823368
1.164414997,1,1.49499572
1.164454709,1,1.495168072
1.164494421,1,1.495340425
1.16489154,1,1.497063948
1.16528866,1,1.498787471
1.165685779,1,1.499783442
1.166082898,1,1.501507212
1.166480017,1,1.503230981
1.166877137,1,1.504954749
1.167274256,1,1.506678516
1.167671375,1,1.508402282
1.168068495,1,1.510126047
1.168465614,1,1.511849812
1.168862733,1,1.513573575
1.169259853,1,1.515297338
1.169656972,1,1.5170211
1.170054091,1,1.51871541
1.17045121,1,1.520409718
1.17084833,1,1.522104026
1.171245449,1,1.523798333
1.171642568,1,1.525492639
1.172039688,1,1.527186944
1.172436807,1,1.528881249
1.172833926,1,1.530575553
1.173231045,1,1.532269856
1.173628165,1,1.533964158
1.174025284,1,1.535257411
1.174422403,1,1.536550664
1.174819523,1,1.537843917
1.175216642,1,1.539137168
1.175613761,1,1.54043042
1.17601088,1,1.541723671
1.176408,1,1.543016921
1.176805119,1,1.544310171
1.177202238,1,1.54560342
1.177599358,1,1.546896669
1.177996477,1,1.547440342
1.178393596,1,1.547984015
1.178790716,1,1.548527689
1.179187835,1,1.549071362
1.179584954,1,1.549615035
1.179982073,1,1.550158709
1.180379193,1,1.550702382
1.180776312,1,1.551246055
1.181173431,1,1.551789729
1.181570551,1,1.552333402
1.18196767,1,1.553361406
1.182364789,1,1.554389409
1.182761908,1,1.555417412
1.183159028,1,1.556445415
1.183556147,1,1.557473418
1.183953266,1,1.55850142
1.184350386,1,1.559529422
1.184747505,1,1.560557423
1.185144624,1,1.561585424
1.185541743,1,1.562613425
1.185938863,1,1.564157359
1.186335982,1,1.565701293
1.186733101,1,1.567245226
1.187130221,1,1.568789159
1.18752734,1,1.57033309
1.187924459,1,1.571877021
1.188321579,1,1.573420952
1.188718698,1,1.574964881
1.189115817,1,1.57650881
1.189512936,1,1.578052739
1.189910056,1,1.579596666
1.190307175,1,1.581140593
1.190704294,1,1.58268452
1.191101414,1,1.584228445
1.191498533,1,1.58577237
1.191895652,1,1.587316294
1.192292771,1,1.588860218
1.192689891,1,1.590404141
1.19308701,1,1.591948063
1.193484129,1,1.593491985
1.193881249,1,1.595035905
1.194278368,1,1.596579826
1.194675487,1,1.598123745
1.195072606,1,1.599667664
1.195469726,1,1.601211582
1.195866845,1,1.6027555
1.196263964,1,1.604299416
1.196661084,1,1.605843333
1.197058203,1,1.607387248
1.197455322,1,1.608931163
1.197852441,1,1.610450341
1.198249561,1,1.611969518
1.19864668,1,1.613488695
1.199043799,1,1.615007871
1.199440919,1,1.616527046
1.199838038,1,1.618046221
1.200235157,1,1.619565395
1.200632277,1,1.621084569
1.201029396,1,1.622603741
1.201426515,1,1.624122913
1.201823634,1,1.625699605
1.202220754,1,1.627276295
1.202617873,1,1.628852985
1.203014992,1,1.630429674
1.203412112,1,1.632006362
1.203809231,1,1.63358305
1.20420635,1,1.635159737
1.204603469,1,1.636736424
1.205000589,1,1.63831311
1.205397708,1,1.639889795
1.205794827,1,1.641419293
1.206191947,1,1.642948791
1.206589066,1,1.644478288
1.206986185,1,1.646007785
1.207383304,1,1.647537281
1.207780424,1,1.649066776
1.208177543,1,1.650596271
1.208574662,1,1.652125765
1.208971782,1,1.653655258
1.209368901,1,1.655184751
1.20976602,1,1.656757982
1.21016314,1,1.658331212
1.210560259,1,1.659904442
1.210957378,1,1.661477671
1.211354497,1,1.663050899
1.211751617,1,1.664624127
1.212148736,1,1.666197353
1.212545855,1,1.66777058
1.212942975,1,1.669343805
1.213340094,1,1.67091703
1.213737213,1,1.672470641
1.214134332,1,1.67402425
1.214531452,1,1.675577859
1.214928571,1,1.677131468
1.21532569,1,1.678685075
1.21572281,1,1.680238682
1.216119929,1,1.681792289
1.216517048,1,1.683345895
1.216914167,1,1.6848995
1.217311287,1,1.686453104
1.217708406,1,1.688006708
1.218105525,1,1.689560311
1.218502645,1,1.691113914
1.218899764,1,1.692667516
1.219296883,1,1.694221117
1.219694003,1,1.695774718
1.220091122,1,1.697328318
1.220488241,1,1.698881917
1.22088536,1,1.700435516
1.22128248,1,1.701989114
1.221679599,1,1.703539979
1.222076718,1,1.705090842
1.222473838,1,1.706641705
1.222870957,1,1.708192568
1.223268076,1,1.709743429
1.223665195,1,1.71129429
1.224062315,1,1.712845151
1.224459434,1,1.714396011
1.224856553,1,1.71594687
1.225253673,1,1.717497729
1.225650792,1,1.718507015
1.226047911,1,1.719516301
1.22644503,1,1.720525587
1.22684215,1,1.721534873
1.227239269,1,1.722544158
1.227636388,1,1.723553443
1.228033508,1,1.724562728
1.228430627,1,1.725572012
1.228827746,1,1.726581296
1.229224866,1,1.72759058
1.229621985,1,1.728242985
1.230019104,1,1.72889539
1.230416223,1,1.729547795
1.230813343,1,1.7302002
1.231210462,1,1.730852604
1.231607581,1,1.731505009
1.232004701,1,1.732157414
1.23240182,1,1.732809818
1.232798939,1,1.733462223
1.233196058,1,1.734114627
1.233593178,1,1.735576881
1.233990297,1,1.737039135
1.234387416,1,1.738501388
1.234784536,1,1.739963641
1.235181655,1,1.741425893
1.235578774,1,1.742888145
1.235975893,1,1.744350396
1.236373013,1,1.745812646
1.236770132,1,1.747274896
1.237167251,1,1.748737145
1.237564371,1,1.750325636
1.23796149,1,1.751914127
1.238358609,1,1.753502617
1.238755729,1,1.755091107
1.239152848,1,1.756679596
1.239549967,1,1.758268084
1.239947086,1,1.759856571
1.240344206,1,1.761445058
1.240741325,1,1.763033545
1.241138444,1,1.76462203
1.241535564,1,1.766245775
1.241932683,1,1.767869519
1.242329802,1,1.769493262
1.242726921,1,1.771117005
1.243124041,1,1.772740747
1.24352116,1,1.774364489
1.243918279,1,1.775988229
1.244315399,1,1.77761197
1.244712518,1,1.779235709
1.245109637,1,1.780859448
1.245506756,1,1.782483186
1.245903876,1,1.784106924
1.246300995,1,1.785730661
1.246698114,1,1.787354397
1.247095234,1,1.788978133
1.247492353,1,1.790601868
1.247889472,1,1.792225602
1.248286592,1,1.793849336
1.248683711,1,1.795473069
1.24908083,1,1.797096801
1.249477949,1,1.798720533
1.249875069,1,1.800344264
1.250272188,1,1.801967995
1.250669307,1,1.803591724
1.251066427,1,1.805215454
1.251463546,1,1.806839182
1.251860665,1,1.80846291
1.252257784,1,1.810086638
1.252654904,1,1.811710364
1.253052023,1,1.81333409
1.253449142,1,1.814957816
1.253846262,1,1.816581541
1.254243381,1,1.818205265
1.2546405,1,1.819828988
1.255037619,1,1.821452711
1.255434739,1,1.823076433
1.255831858,1,1.824700155
1.256228977,1,1.826323876
1.256626097,1,1.827947597
1.257023216,1,1.829571316
1.257420335,1,1.831195035
1.257817455,1,1.832818754
1.258214574,1,1.834442472
1.258611693,1,1.836066189
1.259008812,1,1.837689906
1.259405932,1,1.839313622
1.259803051,1,1.840937337
1.26020017,1,1.842561052
1.26059729,1,1.844184766
1.260994409,1,1.84580848
1.261391528,1,1.847432192
1.261788647,1,1.849055905
1.262185767,1,1.850679616
1.262582886,1,1.852303327
1.262980005,1,1.853927038
1.263377125,1,1.855550748
1.263774244,1,1.857174457
1.264171363,1,1.858798165
1.264568482,1,1.860421873
1.264965602,1,1.862045581
1.265362721,1,1.863669287
1.26575984,1,1.865292994
1.26615696,1,1.866916699
1.266554079,1,1.868540404
1.266951198,1,1.870164108
1.267348318,1,1.871787812
1.267745437,1,1.873411515
1.268142556,1,1.875035217
1.268539675,1,1.876658919
1.268936795,1,1.87828262
1.269333914,1,1.879906321
1.269731033,1,1.881530021
1.270128153,1,1.88315372
1.270525272,1,1.884777419
1.270922391,1,1.886401117
1.27131951,1,1.888024815
1.27171663,1,1.889648512
1.272113749,1,1.891272208
1.272510868,1,1.892895904
1.272907988,1,1.894519599
1.273305107,1,1.896143294
1.273702226,1,1.897766988
1.274099345,1,1.899390681
1.274496465,1,1.901014374
1.274893584,1,1.902638066
1.275290703,1,1.904261757
1.275687823,1,1.905885448
1.276084942,1,1.907509139
1.276482061,1,1.909132828
1.276879181,1,1.910756518
1.2772763,1,1.912380206
1.277673419,1,1.914003894
1.278070538,1,1.915627581
1.278467658,1,1.917251268
1.278864777,1,1.918874954
1.279261896,1,1.92049864
1.279659016,1,1.922122325
1.280056135,1,1.923746009
1.280453254,1,1.925369693
1.280850373,1,1.926993376
1.281247493,1,1.928617059
1.281644612,1,1.930240741
1.282041731,1,1.931864422
1.282438851,1,1.933488103
1.28283597,1,1.935111783
1.283233089,1,1.936735463
1.283630208,1,1.938359142