census_id,emis,year
0001,25805.827025650495,2009
0002,16085.189577308744,2009
0003,72066.40626312673,2009
0004,22292.043900670866,2009
0005,83649.85450391163,2009
0006,14574.308884465217,2009
0007,37813.95079334141,2009
0008,16173.287480652963,2009
0009,12215.686714102492,2009
0010,34830.75475253918,2009
0011,20876.643939579437,2009
0012,1843.5590281142647,2009
0013,35120.5609962065,2009
0014,23799.48286596493,2009
0015,25447.568663217862,2009
0016,6382.332204474336,2009
0017,82344.78896191977,2009
0018,104980.7253569906,2009
0019,23571.512688768704,2009
0020,16455.010785943436,2009
0021,207067.7468879176,2009
0022,208118.0363262096,2009
0023,30670.712132967983,2009
0024,11179.253144165676,2009
0025,66240.56779068387,2009
0026,19669.54709116052,2009
0027,40139.37498525636,2009
0028,33144.041014360366,2009
0029,24399.663875035047,2009
0030,26838.09107164445,2009
0031,66141.22542246598,2009
0032,95801.63230500679,2009
0033,301010.80130434944,2009
0034,88275.42179293527,2009
0035,272303.0250706084,2009
0036,168302.18934089353,2009
0037,44145.97205677377,2009
0038,180431.95157964723,2009
0039,29323.58335703264,2009
0040,15623.448606359041,2009
0041,12223.984981841546,2009
0042,54962.37646998939,2009
0043,22177.253067216254,2009
0044,21300.673438536753,2009
0045,12376.184708824216,2009
0046,15915.906253674275,2009
0047,2086.3041418684475,2009
0048,18711.624589355008,2009
0049,10375.732666037973,2009
0050,28361.2743385132,2009
0051,29218.026939608768,2009
0052,15480.832722113917,2009
0053,14628.97635443541,2009
0054,44738.47426874356,2009
0055,99177.71102305519,2009
0056,12681.532657521002,2009
0057,76525.88706301853,2009
0058,19041.58110046278,2009
0059,30629.497216885644,2009
0060,14831.68856936526,2009
0061,36102.848696764035,2009
0062,53998.588346370314,2009
0063,27951.096285334886,2009
0064,69857.11587321581,2009
0065,23785.74866085737,2009
0066,23270.300103247962,2009
0067,36953.90786084605,2009
0068,21595.96572940396,2009
0069,13726.064663772793,2009
0070,7424.480242091887,2009
0071,14393.167626822624,2009
0072,14291.327292712116,2009
0073,12074.710387929033,2009
0074,16451.25800253638,2009
0075,21806.895002291658,2009
0076,5978.083881409901,2009
0077,9549.64798827354,2009
0078,24931.06709504772,2009
0079,17202.688763513248,2009
0080,16039.968083606418,2009
0081,19331.227155045195,2009
0082,22417.33287063952,2009
0083,23869.888611566523,2009
0084,60127.067278007,2009
0085,42459.83366153231,2009
0086,4675.146753016151,2009
0087,72235.42990528491,2009
0088,11445.746937656837,2009
0089,45267.238964552,2009
0090,21750.240539547904,2009
0091,36055.01721180072,2009
0092,8115.216457083002,2009
0093,1923.3436861392468,2009
0094,146.75787280435543,2009
0095,31249.964632961357,2009
0096,467.5923626053601,2009
0097,101655.08555203438,2009
0098,4775.499760538613,2009
0099,112537.00352345413,2009
0100,119075.01277478364,2009
0101,131084.1374170044,2009
0102,59891.95377112815,2009
0103,79377.65885153222,2009
0104,118865.7458966598,2009
0105,104512.2486207165,2009
0106,155019.5936423069,2009
0107,215704.75617088983,2009
0108,109040.46524256266,2009
0109,235425.9197884177,2009
0110,161232.92861512586,2009
0111,345183.3949819456,2009
0112,245852.41272931878,2009
0113,42847.92248911453,2009
0114,55392.316673561756,2009
0115,65159.34600707459,2009
0116,169414.86061949542,2009
0117,57058.57849073467,2009
0118,37754.25898859899,2009
0119,28756.97131985892,2009
0120,118501.70901181592,2009
0121,17780.63609361995,2009
0122,65839.15595674264,2009
0123,96287.66660392293,2009
0124,22784.863208523606,2009
0125,49498.212077500735,2009
0126,164128.78463025816,2009
0127,637642.5876165703,2009
0128,442932.58258290496,2009
0129,28866.669353210673,2009
0130,47055.17863263736,2009
0131,33314.162517839104,2009
0132,106507.27729648013,2009
0133,46304.4786098663,2009
0134,561896.1431416264,2009
0135,539591.0150195729,2009
0136,33805.69803576756,2009
0137,27655.95903018523,2009
0138,15479.1380022353,2009
0139,34469.21595620974,2009
0140,72288.65448881789,2009
0141,59394.963506909204,2009
0142,50753.00610404562,2009
0143,39151.487663928565,2009
0144,21090.791279821424,2009
0145,35540.59262661308,2009
0146,70570.28266666304,2009
0147,90112.38855692525,2009
0148,102717.75790966813,2009
0149,12161.291987089133,2009
0150,20755.592754126403,2009
0151,10335.908893190082,2009
0152,124711.23701185611,2009
0153,47018.51435639971,2009
0154,62917.30060022346,2009
0155,22542.664522025738,2009
0156,16256.974329904822,2009
0157,37873.53276121871,2009
0158,63452.31615383816,2009
0159,62314.52542291856,2009
0160,54460.93473190099,2009
0161,19386.004548609682,2009
0162,67409.06670330006,2009
0163,22370.151363973684,2009
0164,53.237323376922184,2009
0165,1481.204473503568,2009
0166,7979.20253661078,2009
0167,98.86792251677126,2009
0168,2535.8519162585753,2009
0169,3113.5000369289055,2009
0170,17306.47430484609,2009
0171,9878.023803938886,2009
0172,161.7517139845977,2009
0173,2391.6049716826315,2009
0174,435.3174643888099,2009
0175,6829.611177976304,2009
0176,3433.594634360512,2009
0177,7534.072087812555,2009
0178,4881.950869146967,2009
0179,99.29276523806449,2009
0180,14599.191111845568,2009
0181,3442.50020715034,2009
0182,3337.1521287075648,2009
0183,5805.699531306966,2009
0184,42122.698625304765,2009
0185,1128.1851479057582,2009
0186,340.02943685277916,2009
0187,24019.117000327762,2009
0188,2310.2074489009938,2009
0189,31167.331773302627,2009
0190,1310.5042527025814,2009
0191,13824.594901752651,2009
0192,333.2854998821295,2009
0193,3774.7341754416902,2009
0194,27790.053104941268,2009
0195,908.8638422823154,2009
0196,11759.722991121724,2009
0197,482.7215097207383,2009
0198,108.50560555712818,2009
0199,815.1949888872703,2009
0200,4801.2186969445165,2009
0201,777.5957674076149,2009
0202,42.16098833818892,2009
0203,3025.9171678558505,2009
0204,6077.916183840195,2009
0205,1039.8670895449325,2009
0206,1536.6318301366096,2009
0207,1153.5422650275352,2009
0208,7923.096533410226,2009
0209,828.4949269198021,2009
0210,137.38961586350513,2009
0211,478.24387454620415,2009
0212,2206.673974709228,2009
0213,414.39619246606367,2009
0214,44.33977291049349,2009
0215,163.21172443888327,2009
0216,1600.326918908508,2009
0217,359.55196966422477,2009
0218,194.60995221484052,2009
0219,2010.0279340848058,2009
0220,2256.738907987836,2009
0221,802.7919692371684,2009
0222,1549.7476064311948,2009
0223,1011.7811849264859,2009
0224,1085.3504803466324,2009
0225,2475.947822834454,2009
0226,1930.6241157825616,2009
0227,1928.2449040546492,2009
0228,195.97808346236792,2009
0229,1782.0824715320496,2009
0230,10095.95966598569,2009
0231,1514.8632551466417,2009
0232,941.0065038505028,2009
0233,9813.796529118008,2009
0234,2894.6224023193345,2009
0235,1786.5700122540372,2009
0236,339.70919885921563,2009
0237,123.8765806910084,2009
0238,1184.4363557961199,2009
0239,645.1104945645103,2009
0240,141.53407207519916,2009
0241,1999.732996647667,2009
0242,1174.355402199977,2009
0243,3234.763420002102,2009
0244,560.4973712246592,2009
0245,1798.5336737998214,2009
0246,4745.974361068852,2009
0247,534.9436754251842,2009
0248,420.44086295560396,2009
0249,8849.471817268197,2009
0250,389.10502949515717,2009
0251,51.10622891950251,2009
0252,3842.773080119788,2009
0253,3921.3049740220954,2009
0254,45.063414413669925,2009
0255,4692.752863272406,2009
0256,1295.174017738064,2009
0257,230.06788462753354,2009
0258,1391.104245593087,2009
0259,24492.85668362531,2009
0260,286.4262928184864,2009
0261,528.3198079281464,2009
0262,406.49164667991334,2009
0263,1585.9029931854757,2009
0264,1840.03921004125,2009
0265,66.29177825574546,2009
0266,104.30343298202617,2009
0267,181.83239805020705,2009
0268,6437.325477667581,2009
0269,523.1764580133913,2009
0270,2155.5531318566655,2009
0271,57.16529180567709,2009
0272,1557.647695257289,2009
0273,78811.26934569165,2009
0274,1168.301533048248,2009
0275,739.3425942299451,2009
0276,894.7771736199671,2009
0277,6999.610690027613,2009
0278,974.2545479515505,2009
0279,5378.385667493999,2009
0280,79.26343969868995,2009
0281,500.6137679685819,2009
0282,91.94315887783557,2009
0283,873.5862703743644,2009
0284,206.90423533109282,2009
0285,7521.382287470576,2009
0286,157.58637496713177,2009
0287,183691.86153646643,2009
0288,249.71896281890184,2009
0289,2735.024952785803,2009
0290,523.8307562344838,2009
0291,9723.264615000977,2009
0292,406.8365452846269,2009
0293,7190.038373713932,2009
0294,509.28325944355464,2009
0295,2654.711013542392,2009
0296,4848.867850546346,2009
0297,1938.7233145659286,2009
0298,662.5892648477932,2009
0299,61.99505718210356,2009
0300,442.46405622314234,2009
0301,740.6940091539685,2009
0302,6823.82253225095,2009
0303,1382.4838632112267,2009
0304,9680.618314613059,2009
0305,12386.858891957672,2009
0306,5204.380503591198,2009
0307,15880.40162992242,2009
0308,2816.8274046722986,2009
0309,548.8345642451652,2009
0310,135.7128741202019,2009
0311,5270.950980209279,2009
0312,59.47598258425665,2009
0313,3086.8809528404786,2009
0314,1597.2387397180028,2009
0315,19845.26979643655,2009
0316,1662.7155123797377,2009
0317,1107.6861392451717,2009
0318,9525.517678532555,2009
0319,3428.357919886111,2009
0320,14489.082807691026,2009
0321,7507.130143613568,2009
0322,755.1515150153966,2009
0323,6930.660999488671,2009
0324,31151.638525822138,2009
0325,3388.5543760906885,2009
0326,137.17562554356553,2009
0327,584.5914688888837,2009
0328,3728.72160052108,2009
0329,80935.29832948762,2009
0330,1360.1777027993878,2009
0331,1809.0082684977706,2009
0332,932.7963181257381,2009
0333,1628.288045273871,2009
0334,103926.8619246083,2009
0335,8445.589812111291,2009
0336,7562.330429911801,2009
0337,503.3535113334283,2009
0338,3218.0409584709114,2009
0339,17543.45382245515,2009
0340,10362.370766614726,2009
0341,3879.76180175328,2009
0342,5886.2798962015795,2009
0343,596.0893536710228,2009
0344,20633.23652519606,2009
0345,2839.5622106790474,2009
0346,1912.5919242699426,2009
0347,10572.52518044162,2009
0348,7633.977775273194,2009
0349,6020.507071704896,2009
0350,28011.820733130993,2009
0351,1755.6489784022233,2009
0352,12467.668599896482,2009
0353,4914.738859706843,2009
0354,8829.826977320523,2009
0355,6715.213070494559,2009
0356,7450.180610856883,2009
0357,406.13369825134276,2009
0358,12979.354506510952,2009
0359,471.3660100943392,2009
0360,502.2184448118183,2009
0361,3443.1048889505996,2009
0362,78.62456422899452,2009
0363,1314.3676201544417,2009
0364,7350.291547463111,2009
0365,17215.17244720221,2009
0366,11144.609789572993,2009
0367,1615.588460595328,2009
0368,587.6505041302272,2009
0369,2371.6407134258825,2009
0370,3055.063025630317,2009
0371,3067.6095613064663,2009
0372,1739.7261352034768,2009
0373,9575.358297230647,2009
0374,1428.903805259754,2009
0375,23330.181080079547,2009
0376,66618.35303838059,2009
0377,114.73159331103577,2009
0378,85200.15162171591,2009
0379,2599.11940311634,2009
0380,4632.02697725825,2009
0381,2508.5021464468255,2009
0382,1137.281389924937,2009
0383,19893.256689069873,2009
0384,1870.6858946798948,2009
0385,4107.562958860288,2009
0386,292.4254704101402,2009
0387,2085.1764500419695,2009
0388,374.23936240849025,2009
0389,21461.015516913034,2009
0390,127.79556621958068,2009
0391,28943.51712875634,2009
0392,227.64808728269207,2009
0393,5288.571510580763,2009
0394,1502.6090789551258,2009
0395,19.147877784566653,2009
0396,2636.357573314385,2009
0397,1718.0284685810675,2009
0398,4993.557356468197,2009
0399,142.33601563653096,2009
0400,1301.7417750722796,2009
0401,368.7063662725415,2009
0402,655.2360501524605,2009
0403,8413.678473668004,2009
0404,795.3099849180926,2009
0405,565.9707070686161,2009
0406,1580.736591722713,2009
0407,2571.998778924983,2009
0408,332.0595045130201,2009
0409,382.2292584389711,2009
0410,458.36736661254014,2009
0411,21016.62407138892,2009
0412,680.8670918698681,2009
0413,789.0812661429746,2009
0414,755.6797829252552,2009
0415,545.1843455121161,2009
0416,117.15683389397726,2009
0417,484.538514095935,2009
0418,1389.64578900893,2009
0419,1282.7798246742482,2009
0420,51.212479711791104,2009
0421,25.670549505938666,2009
0422,1872.678856663268,2009
0423,42.489046996852075,2009
0424,545.6580864772657,2009
0425,1415.5237986922905,2009
0426,228.51473968207276,2009
0427,369.26004196754417,2009
0428,78.29157375757919,2009
0429,1614.2977274883015,2009
0430,508.9089755606559,2009
0431,779.9804401519322,2009
0432,608.5290860275247,2009
0433,546.1870098759662,2009
0434,3283.669940886101,2009
0435,2102.577276891585,2009
0436,387.80169362302496,2009
0437,284.45266524902155,2009
0438,138.56311064574464,2009
0439,1338.6805142728601,2009
0440,955.8559823270805,2009
0441,218.27170211477844,2009
0442,581.4404778927001,2009
0443,273.7210208129659,2009
0444,27.0226410294046,2009
0445,862.9776334610897,2009
0446,271.0894851588879,2009
0447,261.96566634922567,2009
0448,33.51122348161331,2009
0449,5661.237131730625,2009
0450,197.7238555476875,2009
0451,2059.3329259413645,2009
0452,382.0599893651618,2009
0453,1397.496030573786,2009
0454,215.07648760945384,2009
0455,1375.7305933277576,2009
0456,511.5482977624447,2009
0457,4435.025880704033,2009
0458,4601.8087646068225,2009
0459,258.0670769834792,2009
0460,2795.473348590356,2009
0461,1378.4949337269998,2009
0462,5099.412977361896,2009
0463,5154.000258717359,2009
0464,1237.2736852947826,2009
0465,1372.914516478108,2009
0466,616.8983046874923,2009
0467,655.8981960358175,2009
0468,101.73264890611449,2009
0469,3399.98009584042,2009
0470,6472.527408558203,2009
0471,7192.066971762273,2009
0472,4613.177861220593,2009
0473,69.73705163547604,2009
0474,77.06036282073458,2009
0475,2427.983757678816,2009
0476,11499.211428794966,2009
0477,162.61038109026657,2009
0478,10643.010445087184,2009
0479,9807.625477289053,2009
0480,319.18461809817126,2009
0481,46.38838997341919,2009
0482,288.97890251195514,2009
0483,3558.5236766650455,2009
0484,298.7985741807291,2009
0485,249.06936310351344,2009
0486,19.12001964607525,2009
0487,1789.3103801177444,2009
0488,225.61557539373146,2009
0489,129.23985882553174,2009
0490,2258.4132984078487,2009
0491,197.745625757658,2009
0492,87.1199769563934,2009
0493,1187.435550803746,2009
0494,370.2543180674504,2009
0495,186.02418317120257,2009
0496,110.57545040890851,2009
0497,316.1099874923834,2009
0498,268.2281687262954,2009
0499,28.227214914622273,2009
0500,170.69607663622983,2009
0501,174.82960723406933,2009
0502,2653.453700204885,2009
0503,2142.750745398032,2009
0504,351.2926751551534,2009
0505,256.2371292171883,2009
0506,287.8882348344224,2009
0507,240.15911510202233,2009
0508,177.000795006148,2009
0509,293.9473307352835,2009
0510,2416.6641028618947,2009
0511,137.58520384288894,2009
0512,167.67868258561802,2009
0513,961.6085472462166,2009
0514,122.19905422905019,2009
0515,577.8455739505448,2009
0516,1076.1672420345506,2009
0517,96.49022280659862,2009
0518,184.58853661409574,2009
0519,1272.5339828500248,2009
0520,398.7832765230805,2009
0521,170.2158344839324,2009
0522,123.69501745548244,2009
0523,79.39195628430424,2009
0524,279.0259575862717,2009
0525,65760.15407714347,2009
0526,538.3936231230448,2009
0527,3744.1118676378023,2009
0528,385.85574458218474,2009
0529,338.9050082926086,2009
0530,10181.757524220231,2009
0531,405.31602548318733,2009
0532,157.61542962238937,2009
0533,468.1519373933044,2009
0534,21960.30279002093,2009
0535,212.73337042557836,2009
0536,175.6546143333343,2009
0537,69919.557810848,2009
0538,43116.10748517778,2009
0539,359.5223085040106,2009
0540,3899.32911665678,2009
0541,3111.581137513839,2009
0542,43425.508706659486,2009
0543,5828.233183812471,2009
0544,7741.272029335328,2009
0545,41407.245421433145,2009
0546,10717.94607016069,2009
0547,4445.194854974286,2009
0548,4588.517948543704,2009
0549,2520.949911031914,2009
0550,2505.300147768962,2009
0551,2507.0070214368357,2009
0552,3510.5180763408443,2009
0553,276.84970484958313,2009
0554,1585.822255320008,2009
0555,3756.1917182575867,2009
0556,1052.6056771635294,2009
0557,744.9685245699316,2009
0558,4905.3641671563155,2009
0559,53.53648244668267,2009
0560,820.9987564609638,2009
0561,782.6534365771623,2009
0562,1087.2060973502469,2009
0563,6710.113649068,2009
0564,994.4728109632266,2009
0565,19289.460027317433,2009
0566,19836.345959283382,2009
0567,476.17628063114574,2009
0568,2114.805735620557,2009
0569,1735.3821198670212,2009
0570,4680.698502925466,2009
0571,1863.795043909484,2009
0572,1983.354753996892,2009
0573,832.0704081678286,2009
0574,34835.96680551234,2009
0575,1409.7593867557703,2009
0576,1342.1430842651537,2009
0577,456.26901489605166,2009
0578,1355.2024154570458,2009
0579,902.1823352995167,2009
0580,946.1550227640255,2009
0581,1422.9872714696091,2009
0582,1360.0503351417615,2009
0583,868.1544634725614,2009
0584,835.5506090455458,2009
0585,3101.674620967816,2009
0586,83.08165601511114,2009
0587,174.55999002628184,2009
0588,119.34155067976035,2009
0589,26.956633951207124,2009
0590,144.76628776234193,2009
0591,100.7188727787256,2009
0592,234.7887778192316,2009
0593,51.65974618778939,2009
0594,264.59648497692524,2009
0595,385.073937994459,2009
0596,156.68758858329997,2009
0597,152.26960744673553,2009
0598,52.662286455859096,2009
0599,1309.3180783561472,2009
0600,289.8930820092747,2009
0601,171.0213478007783,2009
0602,150.19458879650279,2009
0603,381.46694081910834,2009
0604,180.7277575234542,2009
0605,120.49159675964732,2009
0606,335.1434249444753,2009
0607,330.2436272307221,2009
0608,167.11081062345534,2009
0609,574.0290814306272,2009
0610,190.35447216287926,2009
0611,3826.3489691602686,2009
0612,1209.2434623149775,2009
0613,438.0405089780005,2009
0614,163.6759049284258,2009
0615,630.6750422707304,2009
0616,443.82623113082013,2009
0617,224.41586409427538,2009
0618,281.4687735524845,2009
0619,163.5015181898944,2009
0620,100.26257446100924,2009
0621,137.29497863759897,2009
0622,187.20734804366475,2009
0623,121.76994141577615,2009
0624,44.98839010099272,2009
0625,278.72059779484795,2009
0626,220.78198229529505,2009
0627,327.1152586098027,2009
0628,3792.8440008862394,2009
0629,110.14076168868962,2009
0630,295.04851636356375,2009
0631,1514.2835918454107,2009
0632,5639.64479553121,2009
0633,238.87569436702887,2009
0634,197.896617177605,2009
0635,408.1943842284097,2009
0636,6671.678578669705,2009
0637,917.6834467749392,2009
0638,9138.516798434419,2009
0639,1177.9548492841989,2009
0640,1035.0226461704426,2009
0641,217.5900978573584,2009
0642,1589.0233172011592,2009
0643,581.9924572586817,2009
0644,840.1220841267469,2009
0645,1282.6412628019436,2009
0646,108.52959805586849,2009
0647,752.3275333734397,2009
0648,763.905160577079,2009
0649,6312.40282015544,2009
0650,4762.439607605083,2009
0651,468.7768110419067,2009
0652,559.0740007573828,2009
0653,417.2313664121463,2009
0654,5343.385270012609,2009
0655,655.4984339928376,2009
0656,353.00946592052134,2009
0657,136.32464683823775,2009
0658,1409.0839747308619,2009
0659,2125.9532300195783,2009
0660,251.21683224299707,2009
0661,2584.5602727220075,2009
0662,1995.803585305181,2009
0663,1520.5052989056162,2009
0664,2326.2026060108856,2009
0665,1504.5516778159697,2009
0666,1394.38467861899,2009
0667,827.4476863332152,2009
0668,1122.8089775581827,2009
0669,2248.1775192679806,2009
0670,1498.2679444527173,2009
0671,1558.288602577317,2009
0672,6850.440924146965,2009
0673,2723.115511575602,2009
0674,668.2462596835202,2009
0675,5158.349073890608,2009
0676,1087.18867167084,2009
0677,1775.1440032805567,2009
0678,1404.1710210212173,2009
0679,401.6721736356629,2009
0680,424.2553552477518,2009
0681,871.3025306006085,2009
0682,8858.215235273206,2009
0683,8794.71996692623,2009
0684,12599.329954981311,2009
0685,9330.092395569907,2009
0686,17005.897361974297,2009
0687,16905.57576919698,2009
0688,20044.515381888043,2009
0689,7548.875669609866,2009
0690,13914.721892278209,2009
0691,18902.50093146423,2009
0692,12189.530056734988,2009
0693,9193.961531849904,2009
0694,1184.7422345531456,2009
0695,37309.84951494178,2009
0696,3835.348016190227,2009
0697,32431.086503227616,2009
0698,21530.64224749837,2009
0699,12901.052465134771,2009
0700,28425.29234126032,2009
0701,40921.462666066946,2009
0702,147099.90163526052,2009
0703,1589.4971129531673,2009
0704,29307.222870666566,2009
0705,1593.1225308596393,2009
0706,22803.013136019348,2009
0707,39851.81094807917,2009
0708,16658.42180439569,2009
0709,12904.83124322169,2009
0710,4910.23164930471,2009
0711,70246.31403825452,2009
0712,947.8084406338173,2009
0713,10740.847595573472,2009
0714,31407.942246351817,2009
0715,26139.56526220835,2009
0716,18525.277313071547,2009
0717,19434.741279286256,2009
0718,7438.244313611927,2009
0719,8195.71255919233,2009
0720,36903.1050159394,2009
0721,13404.732500141792,2009
0722,11678.843998832295,2009
0723,20183.38432421842,2009
0724,282.41112469599494,2009
0725,22397.25152249269,2009
0726,14989.985392252547,2009
0727,13308.223896515045,2009
0728,7641.619433041481,2009
0729,7424.424359739211,2009
0730,22301.98797056026,2009
0731,11189.69877148647,2009
0732,5950.820625326669,2009
0733,6020.013573717619,2009
0734,14013.305032116767,2009
0735,6392.917280419584,2009
0736,5760.024625819737,2009
0737,9363.004604699625,2009
0738,1405.4901337117558,2009
0739,856.9200306348938,2009
0740,245.08550240120675,2009
0741,13248.257723177552,2009
0742,16737.597375979632,2009
0743,14582.548956050592,2009
0744,6522.487276002441,2009
0745,5251.546621422218,2009
0746,6710.020027015143,2009
0747,45023.692966370094,2009
0748,13568.840603530549,2009
0749,18129.878083232816,2009
0750,1805.232703934302,2009
0751,4658.851624422549,2009
0752,2387.257656527816,2009
0753,12855.397525378638,2009
0754,10416.48593582703,2009
0755,5849.04183984621,2009
0756,26683.798986152553,2009
0757,104295.90775088356,2009
0758,6166.073954984801,2009
0759,20541.978002730564,2009
0760,1557.2013861811972,2009
0761,12676.940525254946,2009
0762,2056.9608679221024,2009
0763,24351.959959852684,2009
0764,46611.93321242542,2009
0765,5379.021804909886,2009
0766,4740.794617560292,2009
0767,11290.795118702405,2009
0768,6073.12895666865,2009
0769,7368.749239998982,2009
0770,11496.96866011017,2009
0771,9730.888117405486,2009
0772,5695.492079934171,2009
0773,7352.725687584365,2009
0774,25141.632547060613,2009
0775,9408.997291338657,2009
0776,16878.72299778461,2009
0777,13683.017420448874,2009
0778,10963.258282124567,2009
0779,10433.647098017595,2009
0780,9219.588282236726,2009
0781,12984.26364385418,2009
0782,897.2910264412377,2009
0783,140.81298753795315,2009
0784,152.0929090347928,2009
0785,586.0535661881629,2009
0786,312.13290961023085,2009
0787,1393.4663357492022,2009
0788,121.60713861062409,2009
0789,920.4832654842176,2009
0790,2429.342935514698,2009
0791,5702.071844336373,2009
0792,3598.7487573295484,2009
0793,3795.6801466032716,2009
0794,3071.912922629532,2009
0795,26747.736227159916,2009
0796,15006.2213995103,2009
0797,396.53096176163467,2009
0798,4681.193035402344,2009
0799,4071.487663327621,2009
0800,4675.164114186762,2009
0801,36674.51372200239,2009
0802,66235.2561497995,2009
0803,27677.809244889388,2009
0804,64680.01167687853,2009
0805,475.78626892746314,2009
0806,8679.937106449936,2009
0807,9940.266431640013,2009
0808,4067.576196812459,2009
0809,5307.8057661418525,2009
0810,2219.40240156194,2009
0811,3040.7958788262013,2009
0812,2039.2573572277608,2009
0813,6970.221101232484,2009
0814,12127.846885346997,2009
0815,22834.551447177946,2009
0816,267.9767260333742,2009
0817,4353.53343282173,2009
0818,2814.8467229112907,2009
0819,3462.8588897337527,2009
0820,48119.98125337027,2009
0821,20898.475072837053,2009
0822,16679.049689091804,2009
0823,1436.1063513619292,2009
0824,7846.326530117533,2009
0825,5229.896267746844,2009
0826,10548.845235151717,2009
0827,819.0311465429858,2009
0828,31953.27155121652,2009
0829,58555.43263437481,2009
0830,16625.60559769228,2009
0831,48580.93763424436,2009
0832,14288.11725914737,2009
0833,27292.62848851899,2009
0834,9040.402003513736,2009
0835,1366.2245092191004,2009
0836,111.26228562260077,2009
0837,98617.49511491785,2009
0838,55580.987146925254,2009
0839,19306.750377109543,2009
0840,26175.059017473155,2009
0841,9232.989712749904,2009
0842,7717.770239252672,2009
0843,9893.986431595102,2009
0844,15922.23412861983,2009
0845,107.56950448314183,2009
0846,54281.56320476958,2009
0847,5650.140591608894,2009
0848,1402.6635457461914,2009
0849,55607.90589274359,2009
0850,52888.12641113689,2009
0851,52069.20598523383,2009
0852,63648.6132298609,2009
0853,15648.438440769463,2009
0854,22940.908391479174,2009
0855,2632.2496348025115,2009
0856,28295.633177848704,2009
0857,28077.87687418096,2009
0858,11515.796616398069,2009
0859,47246.971981221206,2009
0860,12036.673931189473,2009
0861,9948.756364364112,2009
0862,7988.854591446108,2009
0863,42080.95855090039,2009
0864,32197.464562702597,2009
0865,9251.84517547793,2009
0866,20184.003181094602,2009
0867,1794.5305421879657,2009
0868,9436.027565956792,2009
0869,8711.932441113568,2009
0870,592.0123064444235,2009
0871,12259.639383899404,2009
0872,10645.333461616638,2009
0873,13048.600689305391,2009
0874,33702.63636014431,2009
0875,15835.981972327336,2009
0876,17456.724942751178,2009
0877,3291.626186025265,2009
0878,87564.26423404347,2009
0879,52341.68000203468,2009
0880,58049.568569665455,2009
0881,23244.204755199964,2009
0882,17020.102418513896,2009
0883,4167.656635737912,2009
0884,9841.341602806848,2009
0885,7030.898151711461,2009
0886,1032.373574752961,2009
0887,19105.78895605559,2009
0888,26555.52999281778,2009
0889,4541.301967583275,2009
0890,41255.32132970876,2009
0891,9800.520788563053,2009
0892,18431.58773411665,2009
0893,15100.265199329902,2009
0894,20230.326844073865,2009
0895,14271.336132033724,2009
0896,10279.006470861046,2009
0897,14117.527287150155,2009
0898,16994.471422496394,2009
0899,6837.870393969282,2009
0900,2164.9767851491074,2009
0901,681.8092613690633,2009
0902,1393.1052089531686,2009
0903,1523.6621815257402,2009
0904,19305.83237548712,2009
0905,8947.595946339035,2009
0906,24496.51210674525,2009
0907,10013.236820630782,2009
0908,7085.65146299468,2009
0909,6044.9874769775815,2009
0910,4892.9281821602435,2009
0911,2031.4378972814093,2009
0912,3850.003960587826,2009
0913,3976.927559123047,2009
0914,1660.742766872843,2009
0915,1591.672423762103,2009
0916,4038.056077323056,2009
0917,32549.860981196958,2009
0918,4907.13143306382,2009
0919,16357.59265409066,2009
0920,1092.900745696834,2009
0921,10893.681539965723,2009
0922,13103.739497052662,2009
0923,4684.1696117509155,2009
0924,1465.709063917022,2009
0925,22587.607581522883,2009
0926,8826.542650422925,2009
0927,12308.825957971092,2009
0928,2366.762362402664,2009
0929,7555.841243310143,2009
0930,1065.5397709608753,2009
0931,3315.893159558899,2009
0932,10459.513988087665,2009
0933,495.1128061262391,2009
0934,587.5339609010007,2009
0935,1199.4740871959907,2009
0936,375.9943868616008,2009
0937,859.3143753108427,2009
0938,27.625320929093192,2009
0939,17300.57949972314,2009
0940,20388.12850648587,2009
0941,13414.110975451165,2009
0942,528.6976479914841,2009
0943,1350.0916738117899,2009
0944,24234.067401545286,2009
0945,14854.795873779112,2009
0946,4780.836629787634,2009
0947,11811.483675740663,2009
0948,8864.287336499998,2009
0949,3562.236645731591,2009
0950,15778.240101862184,2009
0951,23582.9197455591,2009
0952,18086.700376866534,2009
0953,6573.748490459214,2009
0954,20985.06466661013,2009
0955,5425.499457869489,2009
0956,3556.604936887311,2009
0957,32230.596398863763,2009
0958,11597.777026731916,2009
0959,12442.650369748195,2009
0960,6725.88894481038,2009
0961,7372.894573697544,2009
0962,6319.795776688779,2009
0963,14907.852466411863,2009
0964,11823.116200462995,2009
0965,4056.288090563858,2009
0966,20065.211409382107,2009
0967,9217.698908626977,2009
0968,11214.803283847137,2009
0969,4158.548603421652,2009
0970,7369.392917879623,2009
0971,6352.487668436046,2009
0972,15441.822926686627,2009
0973,20675.17027737586,2009
0974,12112.087030787701,2009
0975,14493.409969273931,2009
0976,10528.081725722326,2009
0977,20552.147441509638,2009
0978,6846.791661838087,2009
0979,8241.339799525958,2009
0980,11778.467857922926,2009
0981,9754.290277240747,2009
0982,18981.24864521931,2009
0983,5730.511080492979,2009
0984,19318.613551834493,2009
0985,4535.531996398905,2009
0986,2467.7346690706377,2009
0987,7750.017129889227,2009
0988,745.3664263356496,2009
0989,2060.8063304338657,2009
0990,6236.139052666477,2009
0991,8643.566807071968,2009
0992,10263.513975090773,2009
0993,7523.2420624180695,2009
0994,7809.305625915216,2009
0995,6863.04548940356,2009
0996,15228.615358067356,2009
0997,26480.584340283647,2009
0998,20541.825680508864,2009
0999,34271.68218943768,2009
1000,6011.7747424051395,2009
1001,6246.406025499645,2009
1002,1946.4661423377336,2009
1003,15169.904245515188,2009
1004,12406.4880487134,2009
1005,16151.989736169597,2009
1006,4156.924668599728,2009
1007,28482.23751331793,2009
1008,7552.244524536628,2009
1009,10416.319200687436,2009
1010,5669.138448307266,2009
1011,1302.351417432515,2009
1012,55530.4061943648,2009
1013,31316.252415881438,2009
1014,30838.539135383748,2009
1015,10401.232191009272,2009
1016,29564.28231789451,2009
1017,58889.137107906616,2009
1018,72931.84171806276,2009
1019,32073.76328075248,2009
1020,17755.277211114895,2009
1021,64315.162889064995,2009
1022,42174.23866937819,2009
1023,47427.76318225833,2009
1024,17226.37053892546,2009
1025,24720.10906049874,2009
1026,74705.61467996622,2009
1027,72748.44480192657,2009
1028,19855.07137473621,2009
1029,24667.939764380277,2009
1030,49710.97700668797,2009
1031,19656.245601797396,2009
1032,13121.144836481555,2009
1033,13414.954951253916,2009
1034,9921.01430388697,2009
1035,35883.611089399055,2009
1036,7512.217399026651,2009
1037,45796.489175745475,2009
1038,45466.46944381869,2009
1039,21811.622906228407,2009
1040,30714.337523462742,2009
1041,10905.802808656357,2009
1042,10186.502475373005,2009
1043,26965.510377304607,2009
1044,7200.823293396526,2009
1045,9312.171380341919,2009
1046,11839.75590546951,2009
1047,12231.738929352445,2009
1048,16342.591752814422,2009
1049,81663.87742710662,2009
1050,26562.40607135804,2009
1051,12470.810238917598,2009
1052,28508.48888146394,2009
1053,35150.11843200881,2009
1054,88.08243152699117,2009
1055,261.1910354999988,2009
1056,178.5642519537231,2009
1057,4633.557651372686,2009
1058,6616.381095640044,2009
1059,8471.475852781863,2009
1060,12065.483027366665,2009
1061,21562.58041620585,2009
1062,35884.23880565882,2009
1063,21686.806333840996,2009
1064,19763.630300909612,2009
1065,13788.74988968899,2009
1066,35772.518461466905,2009
1067,17606.10656955211,2009
1068,24910.456939664386,2009
1069,29259.23733075204,2009
1070,30943.719027857453,2009
1071,55661.04806226804,2009
1072,73992.58327188599,2009
1073,22462.45181186441,2009
1074,28192.481097532687,2009
1075,17270.902323516188,2009
1076,14671.961249517772,2009
1077,6692.021013639391,2009
1078,36480.007209870055,2009
1079,21136.102532208897,2009
1080,3847.8613906716564,2009
1081,32063.532096256982,2009
1082,21458.805391171198,2009
1083,28183.051479070993,2009
1084,31159.845376048,2009
1085,21481.603746322693,2009
1086,26191.933354935554,2009
1087,28769.578988526726,2009
1088,2148.1167360819063,2009
1089,34258.14490884906,2009
1090,16504.926850290492,2009
1091,47457.05176496702,2009
1092,20123.18359404387,2009
1093,11882.371726026315,2009
1094,21087.432139599085,2009
1095,18948.490549779635,2009
1096,21846.627175347556,2009
1097,32315.170122154297,2009
1098,41192.24351459856,2009
1099,42868.05468694951,2009
1100,14873.765256900473,2009
1101,30635.80100632708,2009
1102,20884.959672601275,2009
1103,6626.226594838471,2009
1104,8234.509896605963,2009
1105,13627.225788675802,2009
1106,8467.698730303679,2009
1107,19561.855487938647,2009
1108,28137.67114401699,2009
1109,34586.16307509632,2009
1110,39361.40213395923,2009
1111,38921.87413183636,2009
1112,27344.034879529456,2009
1113,13746.423663459185,2009
1114,20786.551399727337,2009
1115,10214.362006732186,2009
1116,57311.29165653494,2009
1117,40014.392852418394,2009
1118,64107.36231966271,2009
1119,16497.40514501308,2009
1120,32184.431936016677,2009
1121,14346.564463923436,2009
1122,21610.732054607226,2009
1123,8658.058941255696,2009
1124,755.0971509769319,2009
1125,1572.8187744794577,2009
1126,5657.660580100414,2009
1127,8940.975927855277,2009
1128,12222.762281991256,2009
1129,27759.218535041593,2009
1130,21656.76492508245,2009
1131,17770.754846035805,2009
1132,19859.994152741085,2009
1133,17183.250392814887,2009
1134,4911.117617099112,2009
1135,37196.021110775284,2009
1136,13100.742848823018,2009
1137,53311.63197420427,2009
1138,29456.510002166408,2009
1139,42657.46491398094,2009
1140,16165.238079959061,2009
1141,49422.87299662159,2009
1142,17663.432494942652,2009
1143,22157.914678169484,2009
1144,45070.69422826584,2009
1145,51814.44028174492,2009
1146,36272.798476107164,2009
1147,18310.98919080378,2009
1148,35852.46430273859,2009
1149,12944.619139943796,2009
1150,18963.19267307778,2009
1151,7044.88688203055,2009
1152,5152.273108023243,2009
1153,12982.452892021622,2009
1154,16538.60466880789,2009
1155,18945.594276996322,2009
1156,9936.475960188334,2009
1157,19409.481811864836,2009
1158,64898.946253845665,2009
1159,42328.864747096624,2009
1160,19916.4828736628,2009
1161,5907.160554015544,2009
1162,909.55035400062,2009
1163,1160.9423262378577,2009
1164,6409.944381420994,2009
1165,4900.193401172339,2009
1166,11266.21264411183,2009
1167,10213.609458811778,2009
1168,164.17102005712346,2009
1169,30180.99851579579,2009
1170,20361.63034462887,2009
1171,9480.394463134928,2009
1172,4518.273277099019,2009
1173,46062.17048271444,2009
1174,79593.567837183,2009
1175,58119.687387255726,2009
1176,29.307331569947618,2009
1177,3102.473318569779,2009
1178,2.996348985838364,2009
1179,133065.33401713302,2009
1180,192239.48081279264,2009
1181,32218.31228718245,2009
1182,57296.40033023091,2009
1183,2989.3838968380824,2009
1184,3375.2771052005214,2009
1185,75601.69548027312,2009
1186,114563.48379705581,2009
1187,148327.92322313008,2009
1188,1025.4691948870377,2009
1189,11499.010840362895,2009
1190,3755.1269795823996,2009
1191,23163.28757982279,2009
1192,24134.190743215186,2009
1193,23860.951031717508,2009
1194,5186.454972527783,2009
1195,49.23545224068735,2009
1196,1596.4652669002442,2009
1197,202.68022750487324,2009
1198,22.182365824112125,2009
1199,28.83948800760381,2009
1200,283.8788698074698,2009
1201,20.619978485404726,2009
1202,210.44312349883296,2009
1203,1771.0128265591259,2009
1204,341741.5632127552,2009
1205,2265.417219871412,2009
1206,356.95398342404457,2009
1207,49802.00078779946,2009
1208,110821.84549796324,2009
1209,45543.29668222592,2009
1210,48789.50491420854,2009
1211,56255.73489258366,2009
1212,39950.64336536428,2009
1213,1769.6720080085813,2009
1214,726.8741160403131,2009
1215,659.1828787659641,2009
1216,3232.1030866199562,2009
1217,359.43203190903273,2009
1218,10867.004511970912,2009
1219,1017.5739039152115,2009
1220,771.999220496559,2009
1221,714.9276592848614,2009
1222,435.59140466875516,2009
1223,931.6319665327032,2009
1224,105731.95267369627,2009
1225,61863.382142489914,2009
1226,84482.53181735441,2009
1227,16259.611671552155,2009
1228,41497.7392479425,2009
1229,113311.74417873575,2009
1230,23580.29312210417,2009
1231,744.6566436500673,2009
1232,1312.4461402747304,2009
1233,1433.3990945829403,2009
1234,1758.644154079933,2009
1235,54242.98099813444,2009
1236,1416.4879082636432,2009
1237,1322.2348863452855,2009
1238,615.8034585157566,2009
1239,2079.970196136737,2009
1240,17763.63626022931,2009
1241,7667.246795322438,2009
1242,23457.358706792005,2009
1243,419.55082072249365,2009
1244,1374.163438804506,2009
1245,2075.5770414652707,2009
1246,2189.05718674573,2009
1247,787.6283370061251,2009
1248,493.5045448787121,2009
1249,667.8249919400066,2009
1250,842.8217405385889,2009
1251,1255.7455486619447,2009
1252,33481.76272164683,2009
1253,16769.153130465802,2009
1254,52703.59187395076,2009
1255,7637.080424346283,2009
1256,638.0112412095958,2009
1257,3704.9752900581666,2009
1258,44983.2248909908,2009
1259,1117.6722904568114,2009
1260,755.2254410650789,2009
1261,1937.2805734425756,2009
1262,1940.070289173472,2009
1263,45163.43640935227,2009
1264,45390.234531507784,2009
1265,37440.65744705483,2009
1266,138588.7632075044,2009
1267,113078.10905214505,2009
1268,48393.45165011689,2009
1269,58514.23635646917,2009
1270,21000.65172914594,2009
1271,13072.422961716282,2009
1272,22499.28924356216,2009
1273,12871.980018753446,2009
1274,6800.414740544004,2009
1275,144654.5029899202,2009
1276,63093.17041396914,2009
1277,19195.876737644685,2009
1278,4655.93982159073,2009
1279,28177.043826142395,2009
1280,14681.348254939558,2009
1281,24412.719479470405,2009
1282,7869.48298443864,2009
1283,15016.26907368364,2009
1284,12512.45436108531,2009
1285,27398.361217410074,2009
1286,7851.482083271336,2009
1287,31988.15964303141,2009
1288,59667.73914280283,2009
1289,12037.739405267026,2009
1290,15589.374347709318,2009
1291,8368.34772164807,2009
1292,9407.690421919742,2009
1293,73348.60745115468,2009
1294,22007.381648297192,2009
1295,38678.71908599216,2009
1296,76037.54043658038,2009
1297,7607.399055112032,2009
1298,7694.149958229389,2009
1299,12387.110154157326,2009
1300,13120.137546187629,2009
1301,9661.243033799514,2009
1302,15288.10118748847,2009
1303,10789.308065612271,2009
1304,6406.199734844619,2009
1305,6025.202992366588,2009
1306,12522.516040034423,2009
1307,9826.15606657496,2009
1308,67297.70531982154,2009
1309,95202.90416244898,2009
1310,46520.23082257735,2009
1311,20264.61996414579,2009
1312,55709.53339546949,2009
1313,20228.838164359513,2009
1314,16482.773177299685,2009
1315,10325.419802835531,2009
1316,19567.123354263957,2009
1317,19690.04591568686,2009
1318,20762.472210779684,2009
1319,19032.2408987739,2009
1320,29836.921944176614,2009
1321,13723.272669590504,2009
1322,30351.712652672693,2009
1323,32615.391874886376,2009
1324,8604.30923230874,2009
1325,15526.002792591078,2009
1326,5576.200571197631,2009
1327,9289.39757013873,2009
1328,7363.78836517941,2009
1329,11342.702068437948,2009
1330,10784.87228655692,2009
1331,8354.059386203755,2009
1332,10864.389813797648,2009
1333,5495.918107259906,2009
1334,6409.2907110906335,2009
1335,4134.827253982538,2009
1336,4908.532922711068,2009
1337,15493.479816293668,2009
1338,13816.629814644366,2009
1339,14376.798807727391,2009
1340,11528.038417105941,2009
1341,4812.878179221248,2009
1342,4460.349969387548,2009
1343,7235.133321557032,2009
1344,20612.821420872333,2009
1345,23158.680372219053,2009
1346,18614.63940968467,2009
1347,7280.178335253446,2009
1348,10284.684564096193,2009
1349,15424.439306225699,2009
1350,22793.958711777937,2009
1351,7140.807036701753,2009
1352,14704.795288533503,2009
1353,6887.815626526914,2009
1354,10823.63059369736,2009
1355,25893.44075352854,2009
1356,27993.609704803173,2009
1357,14065.285309045183,2009
1358,25425.211324132673,2009
1359,59758.55775182991,2009
1360,33436.11774838829,2009
1361,4217.428763803648,2009
1362,13036.469811677198,2009
1363,7187.914180906819,2009
1364,9968.18508714274,2009
1365,19783.75396892375,2009
1366,13154.124263858013,2009
1367,14644.446726646995,2009
1368,3406.340259628791,2009
1369,1491.9947949786933,2009
1370,5033.83871776175,2009
1371,5545.965697948754,2009
1372,9902.218898413743,2009
1373,10313.19167576848,2009
1374,12476.103795255158,2009
1375,18196.457340802815,2009
1376,26689.563929064934,2009
1377,18064.047717223853,2009
1378,29951.928792133363,2009
1379,51022.37944065511,2009
1380,31721.19711105279,2009
1381,116090.39426057033,2009
1382,30414.000112814643,2009
1383,86857.0996729449,2009
1384,38241.92648628994,2009
1385,76864.75276873946,2009
1386,28083.934534015516,2009
1387,36081.625832577374,2009
1388,29779.070093038285,2009
1389,157734.13693146277,2009
1390,142724.96585938768,2009
1391,38063.71658481298,2009
1392,59429.686640324275,2009
1393,112985.9262901246,2009
1394,19721.94885454788,2009
1395,45133.922438082125,2009
1396,18338.78851354358,2009
1397,74064.99613271935,2009
1398,39151.62869001944,2009
1399,41930.75925683722,2009
1400,31914.930974011033,2009
1401,32907.19247947164,2009
1402,19257.560244890326,2009
1403,17173.509442918243,2009
1404,11292.760698122876,2009
1405,13052.127234897074,2009
1406,10329.955819098388,2009
1407,19517.388732278785,2009
1408,33294.78089298148,2009
1409,44269.743784171456,2009
1410,25817.164663134925,2009
1411,14841.568415853164,2009
1412,93021.44960204342,2009
1413,45596.70621657271,2009
1414,90229.46551124692,2009
1415,94999.10943336511,2009
1416,14431.370501723484,2009
1417,48536.7105437319,2009
1418,42912.16864477546,2009
1419,138162.73175292165,2009
1420,73672.23690150461,2009
1421,50586.06798744767,2009
1422,69339.88268597405,2009
1423,36021.50615350509,2009
1424,59974.51448184565,2009
1425,70952.45270350286,2009
1426,31128.011863278676,2009
1427,46697.44116608934,2009
1428,74150.67867283814,2009
1429,106929.3670481254,2009
1430,97208.88304911845,2009
1431,53855.35208313372,2009
1432,117823.9398253227,2009
1433,12096.700261620832,2009
1434,178372.16397643683,2009
1435,22291.981929498426,2009
1436,44293.49377239996,2009
1437,10147.40709887988,2009
1438,4684.861703629201,2009
1439,113258.52143622801,2009
1440,27859.570825650942,2009
1441,19995.59215317232,2009
1442,3643.62766401851,2009
1443,15417.958188684139,2009
1444,45382.7516955964,2009
1445,40941.3204762057,2009
1446,44753.51942872016,2009
1447,76493.96278457365,2009
1448,13371.595424389987,2009
1449,15637.919361080141,2009
1450,20485.053869246673,2009
1451,40535.058938236965,2009
1452,74397.91510029565,2009
1453,22696.645104386294,2009
1454,11829.201104683703,2009
1455,29680.19149997405,2009
1456,14668.534311934016,2009
1457,101332.87737175643,2009
1458,13616.089290393407,2009
1459,11633.767005722455,2009
1460,41417.238630642845,2009
1461,61810.04898198871,2009
1462,39697.617225070106,2009
1463,34325.852412333494,2009
1464,14944.252327009117,2009
1465,913.9902597605029,2009
1466,12218.470319826421,2009
1467,39812.711493196555,2009
1468,6268.704492466314,2009
1469,2164.4688036878483,2009
1470,13286.159565029098,2009
1471,16143.094344674395,2009
1472,7844.006122673186,2009
1473,1137.6480651738796,2009
1474,8713.000689952696,2009
1475,13524.335653395552,2009
1476,21301.01364993036,2009
1477,23401.29889945386,2009
1478,8466.030165204647,2009
1479,38362.34640545825,2009
1480,23175.75894230364,2009
1481,6682.513881022471,2009
1482,6686.333806378934,2009
1483,23011.35857694664,2009
1484,27655.44064956994,2009
1485,67545.71757570155,2009
1486,1445.7795151361331,2009
1487,3622.9501851760806,2009
1488,2364.3592320555686,2009
1489,2444.3024333368617,2009
1490,3121.0123856076957,2009
1491,2994.618945888974,2009
1492,6138.466386928258,2009
1493,5242.357956709464,2009
1494,5012.531891703461,2009
1495,2884.090061782705,2009
1496,352.84182019286897,2009
1497,384.23725047892117,2009
1498,1541.0596505796289,2009
1499,838.8294407737587,2009
1500,4484.803935306241,2009
1501,1225.9581151851294,2009
1502,1451.3877626579874,2009
1503,1914.008956056852,2009
1504,362.649661091253,2009
1505,79.93290582185394,2009
1506,205.35147748524514,2009
1507,1337.4706148646626,2009
1508,1230.438432073149,2009
1509,2001.3241746674062,2009
1510,1640.0686588485707,2009
1511,781.0230995653658,2009
1512,3427.9197791006864,2009
1513,3229.609043119808,2009
1514,4342.971024182133,2009
1515,3315.95664086267,2009
1516,1585.8474234653881,2009
1517,1832.3484712855675,2009
1518,1761.8269131778986,2009
1519,3794.1488408144064,2009
1520,2073.1127054386193,2009
1521,1452.8756930462098,2009
1522,1231.7243396028846,2009
1523,948.5465089775809,2009
1524,1453.9641063949794,2009
1525,1655.1641890508233,2009
1526,2179.843869252372,2009
1527,1880.545730693255,2009
1528,3939.1600593299163,2009
1529,3067.171428524571,2009
1530,4639.982027663889,2009
1531,5898.675871649917,2009
1532,6031.068595770808,2009
1533,4839.621374589787,2009
1534,5403.293451682221,2009
1535,3935.377041685142,2009
1536,4602.33842399024,2009
1537,4591.74345015629,2009
1538,4042.9666856827635,2009
1539,6670.264304225396,2009
1540,2721.8106767237887,2009
1541,31503.543730899186,2009
1542,9539.487945854702,2009
1543,42439.754488999126,2009
1544,7770.150319566227,2009
1545,2206.6985513245218,2009
1546,148023.9289077266,2009
1547,72217.84450256542,2009
1548,73474.81150830028,2009
1549,144298.87774747133,2009
1550,9739.380448881344,2009
1551,22808.640352886552,2009
1552,54490.20292414695,2009
1553,99026.34387933041,2009
1554,45446.125202012576,2009
1555,13252.30772793713,2009
1556,17777.175366452197,2009
1557,3914.6301019774346,2009
1558,11430.379980059559,2009
1559,1173.961397180347,2009
1560,2148.231592899393,2009
1561,1338.136262815666,2009
1562,1038.1927585319645,2009
1563,2430.791950913349,2009
1564,4958.475452765407,2009
1565,5124.064255071423,2009
1566,148945.80496506733,2009
1567,17056.588129156476,2009
1568,18959.300758756843,2009
1569,100395.44975880362,2009
1570,5412.3037785002025,2009
1571,3494.0285608902227,2009
1572,7802.445974929369,2009
1573,4823.579887964691,2009
1574,1203.482661670514,2009
1575,143.32495602098555,2009
1576,6658.052440166843,2009
1577,6559.098548827374,2009
1578,10216.682295903634,2009
1579,17198.036395944288,2009
1580,3860.6444841164293,2009
1581,12047.385342536916,2009
1582,7525.458012947161,2009
1583,6522.91829827533,2009
1584,10005.912228496902,2009
1585,8202.504096982282,2009
1586,16589.00622876204,2009
1587,60035.150275342006,2009
1588,8959.379440000197,2009
1589,40883.72102244916,2009
1590,84057.3598632186,2009
1591,13821.469454472272,2009
1592,9605.560312314252,2009
1593,31971.864315931936,2009
1594,33982.76962341182,2009
1595,34819.249945072246,2009
1596,14178.556614920064,2009
1597,64800.04091594928,2009
1598,50479.994726698256,2009
1599,53286.75760801582,2009
1600,67854.8979106973,2009
1601,52305.62530863759,2009
1602,13645.626477665663,2009
1603,10571.863040331773,2009
1604,45973.74390009275,2009
1605,29589.206821238913,2009
1606,25026.158775042557,2009
1607,25868.882667502723,2009
1608,16747.62129229385,2009
1609,85817.62999438982,2009
1610,7911.114041488718,2009
1611,31789.917832267467,2009
1612,32601.850160788643,2009
1613,228.20538902434433,2009
1614,218.98384453895628,2009
1615,461.50215652210596,2009
1616,600.110999743085,2009
1617,278.86128037597,2009
1618,215.99962051484016,2009
1619,268.194456405672,2009
1620,78847.46615226478,2009
1621,42324.26958284826,2009
1622,43958.73501107567,2009
1623,80582.49693843795,2009
1624,29741.627731814428,2009
1625,29981.27904377941,2009
1626,129354.91094691136,2009
1627,138074.27999496294,2009
1628,61169.35687399787,2009
1629,24840.549157677127,2009
1630,34969.3236870441,2009
1631,36175.56534348908,2009
1632,120369.39042704037,2009
1633,101950.55302234013,2009
1634,272802.1173337134,2009
1635,243209.59827250548,2009
1636,290631.7214730182,2009
1637,45254.12042169581,2009
1638,144600.15971396904,2009
1639,243608.9028565315,2009
1640,85858.30218265096,2009
1641,42627.52830069661,2009
1642,33607.97454284504,2009
1643,68926.57440548453,2009
1644,56528.17880753817,2009
1645,26174.153692360047,2009
1646,66523.91117298069,2009
1647,41945.5429660135,2009
1648,50102.403832741606,2009
1649,23648.45645231057,2009
1650,34640.63092596793,2009
1651,71875.53212406549,2009
1652,49794.420244420995,2009
1653,107214.84954626879,2009
1654,66471.85579021844,2009
1655,20881.384538779475,2009
1656,7270.760573811143,2009
1657,12201.409230059357,2009
1658,21778.60004538719,2009
1659,108753.21676704985,2009
1660,18187.58667911202,2009
1661,26954.99910781074,2009
1662,35832.42485573505,2009
1663,113618.12825461078,2009
1664,4486.973679889683,2009
1665,16025.871070244606,2009
1666,13299.14138802366,2009
1667,9868.88322935329,2009
1668,10703.587540269302,2009
1669,10044.741561508548,2009
1670,4735.649348719582,2009
1671,27599.02807093928,2009
1672,22758.623913286974,2009
1673,31471.025666620055,2009
1674,14763.862403654786,2009
1675,34341.72200794198,2009
1676,50244.64691655648,2009
1677,75498.24612715196,2009
1678,91278.13553152228,2009
1679,63724.94057229309,2009
1680,101627.04871774619,2009
1681,39075.040841593305,2009
1682,24020.729577742964,2009
1683,6769.822699903145,2009
1684,30678.178653967818,2009
1685,25973.239951156364,2009
1686,73098.09771299343,2009
1687,96512.57217225959,2009
1688,31864.562091748678,2009
1689,80199.89894424635,2009
1690,90846.19559743752,2009
1691,3966.7257099098347,2009
1692,178.19186844073064,2009
1693,128.50959125051816,2009
1694,722.7342101372889,2009
1695,3088.3906353863613,2009
1696,15824.385637884809,2009
1697,28076.083777629286,2009
1698,38655.931536417775,2009
1699,208.65568174458784,2009
1700,36069.77479906226,2009
1701,27428.847299560555,2009
1702,896.2132690077727,2009
1703,17676.057811713123,2009
1704,43255.68489244717,2009
1705,61.19915980565951,2009
1706,12797.422298924279,2009
1707,118.51408597941318,2009
1708,23672.268410733934,2009
1709,21508.450131205354,2009
1710,25595.246239847103,2009
1711,28041.254444879753,2009
1712,25689.23008033938,2009
1713,18.12131373379846,2009
1714,14666.821647647876,2009
1715,14024.305489409157,2009
1716,22796.885155273605,2009
1717,11181.22796708744,2009
1718,7959.458543298688,2009
1719,12701.19101384265,2009
1720,224.1929119242225,2009
1721,24050.670958108014,2009
1722,14426.63313767277,2009
1723,17293.406969124833,2009
1724,151.79570806210023,2009
1725,10428.416530553017,2009
1726,13824.314761075186,2009
1727,29369.770820767942,2009
1728,311.5389930086166,2009
1729,1095.8372938447785,2009
1730,132221.01407936963,2009
1731,1912.8902807812692,2009
1732,48010.59662263638,2009
1733,150.357379573668,2009
1734,125.42972883857622,2009
1735,60983.68451164822,2009
1736,27314.026590442936,2009
1737,270.4559096874581,2009
1738,35366.983290524906,2009
1739,35693.3100672928,2009
1740,23778.745850699615,2009
1741,127440.00288923443,2009
1742,149.4774905367861,2009
1743,17303.18526180548,2009
1744,21137.359213908454,2009
1745,256.30114587431103,2009
1746,30148.081700507613,2009
1747,92663.82528020283,2009
1748,15502.548874141878,2009
1749,87245.04005037533,2009
1750,46828.41418998179,2009
1751,224180.1976803233,2009
1752,2447.02266351164,2009
1753,73764.47282093324,2009
1754,28052.105807954606,2009
1755,61283.52333193332,2009
1756,49116.02808646089,2009
1757,189.97473049207454,2009
1758,140362.0880055814,2009
1759,1071.8027257284698,2009
1760,40036.532076562566,2009
1761,70515.93083296975,2009
1762,120.48275813858172,2009
1763,42867.839231017264,2009
1764,40373.05109709416,2009
1765,1016.7950799637923,2009
1766,16683.306325661568,2009
1767,21075.25069440178,2009
1768,39151.24318959445,2009
1769,59416.613150181205,2009
1770,95.26965507581045,2009
1771,877.2489169131138,2009
1772,34194.111745870156,2009
1773,592.0127307136102,2009
1774,57286.46618493169,2009
1775,25109.588338474023,2009
1776,771.8691739675407,2009
1777,688.9084327938554,2009
1778,15498.025799146337,2009
1779,11062.812694251747,2009
1780,285.072302885894,2009
1781,29424.742906500665,2009
