census_id,emis
0001,26438.841460470197
0002,16264.076832942628
0003,73885.78473163802
0004,22680.298875839933
0005,85283.19145507319
0006,14845.258091513597
0007,37578.478845698985
0008,16002.712150167567
0009,12122.902327050362
0010,34575.82643668171
0011,20668.332715556262
0012,1833.8684278194212
0013,34661.71158454205
0014,23536.94508578318
0015,25090.518739070332
0016,6348.468748593626
0017,81406.21782622616
0018,101829.62571177197
0019,23005.929568955205
0020,16046.475479711296
0021,199681.25659229836
0022,201551.79023601118
0023,29840.66512903599
0024,10939.007877223936
0025,65063.99941478819
0026,19777.955416150577
0027,40633.46468388287
0028,33968.29693287929
0029,24776.485597874213
0030,25735.916054873447
0031,63856.664006541214
0032,92161.63038493365
0033,288021.47223071917
0034,84079.84195677824
0035,259270.6911173719
0036,161412.93448666748
0037,42288.83567376197
0038,169207.9292033888
0039,29638.66251741089
0040,15772.737285607856
0041,12347.040892378915
0042,55745.09973223414
0043,22459.404862644104
0044,21608.528173114926
0045,12495.993952835614
0046,16090.656521073566
0047,2107.5831922469915
0048,18912.759878451576
0049,10379.94752857447
0050,28150.6536145796
0051,29129.184464064547
0052,15476.068081253354
0053,14646.23567869032
0054,45034.05953150466
0055,99129.60685511357
0056,12717.416202470786
0057,76569.52497615764
0058,19097.03971027391
0059,30541.05893249946
0060,14774.592015149974
0061,35195.918629330925
0062,52235.45805120014
0063,27380.336624637133
0064,67495.23875494108
0065,23160.48130991035
0066,22716.277186528096
0067,36432.142894035554
0068,21130.139450148516
0069,13395.686300841562
0070,7291.804185086949
0071,14116.247212927105
0072,14103.539559371406
0073,11867.355880917225
0074,16208.39416891321
0075,21269.60859123158
0076,5896.321544783358
0077,9421.914558840253
0078,24355.55845410205
0079,16930.997039116886
0080,15775.86807110801
0081,19017.82417591376
0082,21912.679644844906
0083,23206.525401456955
0084,58221.631236944166
0085,41440.66669481352
0086,4629.380444944146
0087,70036.13125324996
0088,11314.615082870732
0089,44226.15166159956
0090,21418.43488830159
0091,35353.3879185037
0092,8287.341945935812
0093,1981.6567497167305
0094,150.4704633448243
0095,32081.476866561527
0096,479.4212270405813
0097,103313.65589492423
0098,4892.566757290989
0099,110869.93689286428
0100,116010.5087949123
0101,128266.1766369716
0102,59201.97119315228
0103,78090.37003209563
0104,116500.53511640897
0105,103297.73550605495
0106,151002.11515703172
0107,211439.0093628728
0108,107581.37606639827
0109,228258.64508506507
0110,155268.56504237998
0111,333452.65035909787
0112,239003.91811545021
0113,43194.29114978658
0114,55561.42581425058
0115,65662.05559011687
0116,166038.09115622076
0117,56863.75037464997
0118,37448.27628413241
0119,28891.94705848642
0120,116410.53953055217
0121,17860.24454870631
0122,65595.36548303532
0123,96473.48030394198
0124,22719.12257550206
0125,49141.1601202715
0126,159678.13576211847
0127,606088.6904719672
0128,417523.8714993931
0129,27685.923582366562
0130,45096.563594071835
0131,31871.013889491307
0132,101941.68972460109
0133,44515.00764186818
0134,535710.9550572655
0135,516924.00190851983
0136,33548.25639180193
0137,27469.517752672953
0138,15361.516385340421
0139,33805.09180765282
0140,70964.29013711931
0141,60488.43320844089
0142,51761.06904472298
0143,39483.53661182497
0144,21347.503639547358
0145,35788.06989654462
0146,71593.10140309503
0147,91306.72364907298
0148,102596.91346434219
0149,12344.312201445924
0150,20972.7571277499
0151,10439.265766646577
0152,125253.17550885335
0153,47532.21228137971
0154,63352.97014063952
0155,22900.6888511485
0156,16452.168861171333
0157,38535.8758163916
0158,64569.07625393701
0159,63741.17834111903
0160,55446.68060620754
0161,19810.216454226877
0162,68836.22534099032
0163,21173.43057891823
0164,50.24914389767685
0165,1400.0229858781213
0166,7463.721047232061
0167,94.11282936611998
0168,2396.679341292085
0169,2927.8529202372883
0170,16335.250057577601
0171,9273.296941889961
0172,150.50811656982506
0173,2253.6746661016177
0174,413.6620598664531
0175,6381.539711205968
0176,3245.4070307538273
0177,7166.995384050359
0178,4542.933145748867
0179,94.51723910305691
0180,13707.530331877291
0181,3276.758149224695
0182,3188.4707661414745
0183,5482.856807499382
0184,40181.569042480776
0185,1053.022028508063
0186,320.16762216793484
0187,22902.87723320452
0188,2199.162649657513
0189,29653.223591595448
0190,1225.9554674763306
0191,13121.363072890157
0192,311.7048236314524
0193,3578.852634283159
0194,26109.848631207762
0195,846.6605536053465
0196,11098.375160774443
0197,456.9729459721099
0198,101.39314894788684
0199,762.62946402912
0200,4565.034484326044
0201,733.8252033915109
0202,40.04902458802007
0203,2868.935544794113
0204,5782.072176871275
0205,975.8260961893835
0206,1444.4101690075142
0207,1073.4614751512756
0208,7488.917823545312
0209,770.979454650021
0210,127.85180412248258
0211,449.55647193374716
0212,2091.863085437834
0213,392.7857686019454
0214,42.23021672101067
0215,153.41648627415202
0216,1509.6856432859233
0217,341.60384766488284
0218,185.68844727381415
0219,1889.3950420556791
0220,2153.2512740700095
0221,755.1083577817768
0222,1470.8914620382018
0223,954.4746832554296
0224,1028.4207659430542
0225,2358.149496148374
0226,1814.7566860027525
0227,1806.719111436874
0228,184.21635489059295
0229,1661.4162581777591
0230,9578.388356241523
0231,1427.7788125485422
0232,892.031974773841
0233,9214.655094288224
0234,2720.9001043339244
0235,1675.920948166331
0236,322.001421797703
0237,118.19770602846171
0238,1118.0447150508528
0239,606.3938462443514
0240,133.03982970892875
0241,1875.8819396016559
0242,1107.6461830458818
0243,3049.017440761612
0244,526.1918295964609
0245,1703.0905628312933
0246,4498.317726797702
0247,502.8387471578003
0248,395.1693548987512
0249,8473.294906772991
0250,365.7526848759012
0251,48.03906149823519
0252,3606.6787461510157
0253,3737.482418383261
0254,42.35890970841408
0255,4377.8487605433775
0256,1214.958973317486
0257,218.0940393255171
0258,1324.7356675529475
0259,23397.91773814913
0260,271.5192834104111
0261,496.6124145800716
0262,382.0958350132427
0263,1488.9169783917162
0264,1740.2828228880426
0265,62.313242040831966
0266,99.64968981507168
0267,172.13138890065343
0268,6072.182695029899
0269,495.94782510771216
0270,2026.1864679367898
0271,54.54466306857867
0272,1465.430385333584
0273,75009.18987137862
0274,1104.0318799806553
0275,693.5523002416861
0276,855.8882738322213
0277,6591.584550306205
0278,922.5771996365493
0279,5076.1097179105245
0280,76.13484179968539
0281,480.6178549130109
0282,88.31408127551958
0283,835.0132888537106
0284,196.61223426573613
0285,7119.174816996735
0286,150.64266504035734
0287,172844.17238602487
0288,237.5230499661847
0289,2600.2507171602538
0290,498.247619974056
0291,9261.573364029851
0292,390.7783478905414
0293,6809.198487142398
0294,484.4106018791961
0295,2518.566238455913
0296,4620.648620260409
0297,1833.023559930599
0298,630.2293637813694
0299,59.54805757691481
0300,424.9996095381767
0301,702.4830837723501
0302,6490.556912426579
0303,1307.1105940533114
0304,9165.528605301053
0305,11783.749264865668
0306,4939.269580584031
0307,15043.60460572507
0308,2685.3467224707965
0309,520.902354458077
0310,129.77847129796245
0311,5014.4336427823655
0312,57.1284130760233
0313,2937.163834531471
0314,1514.9841046815525
0315,18717.89656243699
0316,1584.9773998888256
0317,1054.635860949462
0318,9049.98911085391
0319,3257.1212574839215
0320,13745.214400494364
0321,7122.739202559284
0322,694.3666373524587
0323,6434.445076316941
0324,28317.06995948015
0325,3132.8686671855708
0326,126.28909914243972
0327,543.1767850546214
0328,3465.1872940395024
0329,74591.22826507712
0330,1253.618076569728
0331,1663.3946477800284
0332,857.712167522457
0333,1556.6944339756185
0334,97999.71635215967
0335,7872.704926547197
0336,7145.265524499217
0337,479.55486778751316
0338,3024.7128201355445
0339,16533.50772699915
0340,9769.225770282248
0341,3624.600949555878
0342,5567.024555726737
0343,568.3501282918808
0344,19439.681146596686
0345,2703.371411639804
0346,1813.6446304380995
0347,10003.888287677957
0348,7168.009772179464
0349,5588.363417606156
0350,26448.67637509484
0351,1664.3449585555747
0352,11820.85152089336
0353,4654.107710444209
0354,8384.333109916515
0355,6377.667170715137
0356,7062.376129108205
0357,381.26888348124845
0358,12277.947318424835
0359,434.1763305612514
0360,475.7143718255779
0361,3265.6966425639635
0362,75.11309523812143
0363,1254.0869027791675
0364,6966.680054572639
0365,16473.00048494499
0366,10543.244181391536
0367,1537.703446862616
0368,561.1828189911967
0369,2257.6102834985454
0370,2910.020297877543
0371,2909.883738771641
0372,1657.1959959224369
0373,9100.19130358294
0374,1362.9220159432182
0375,22172.46776735522
0376,63708.48135846403
0377,110.20856862293664
0378,81723.88111110225
0379,2462.7774552374317
0380,4470.929310790303
0381,2395.77102411023
0382,1092.4467314363983
0383,19099.577493125646
0384,1790.638508075673
0385,3944.9774040464727
0386,279.5143081598895
0387,1992.2277752719756
0388,357.4235249914786
0389,20515.459545970858
0390,122.75752495858502
0391,27458.428233838615
0392,217.41909052670417
0393,5052.875856151207
0394,1448.280300518112
0395,18.50340205497272
0396,2519.388905933259
0397,1659.0172702900197
0398,4775.34949265037
0399,135.9754333061518
0400,1244.2900328939054
0401,352.22995172683653
0402,625.8240022252222
0403,8025.748630922934
0404,757.4714712967387
0405,539.0434828229546
0406,1509.7809408770834
0407,2456.5942284185444
0408,317.2207315742482
0409,365.0718610921922
0410,437.79230369902507
0411,20058.037148107822
0412,650.3045250918402
0413,753.6719790002144
0414,720.7327054596213
0415,520.7122669449321
0416,111.92143592237672
0417,462.7886882188844
0418,1321.1276628281175
0419,1225.8895615032636
0420,48.91366860790658
0421,24.547256654655257
0422,1794.2398362989272
0423,40.92932403203297
0424,525.6276196023344
0425,1353.5832561447014
0426,218.51538328191555
0427,353.10194744328027
0428,74.86568818792001
0429,1555.038755692456
0430,489.07253304647867
0431,747.6282260575948
0432,581.825537611238
0433,522.2869385699119
0434,3153.9993110743167
0435,2021.3069956492193
0436,367.6277859496219
0437,269.71356956301935
0438,132.49986094382652
0439,1289.5391263565361
0440,918.9817451571334
0441,208.72056092996385
0442,555.9977840340204
0443,262.9525697391364
0444,25.84018330741054
0445,825.1897493087648
0446,259.22714147720586
0447,252.34921470630465
0448,32.044838129560425
0449,5431.427268969447
0450,189.0718477901781
0451,1980.7973751652055
0452,362.2576881851619
0453,1336.3443477678798
0454,205.6651627387122
0455,1325.1058982929608
0456,494.39822628288465
0457,4258.6014399214955
0458,4382.186769789747
0459,244.86764370851446
0460,2737.530594843159
0461,1322.757396366088
0462,4923.016981488678
0463,4944.752653442916
0464,1191.5238933030703
0465,1319.9112648398016
0466,593.3968611714096
0467,630.3854455952516
0468,97.77536710280914
0469,3251.3395619276525
0470,6145.71697694447
0471,6857.874835957157
0472,4452.814699562624
0473,67.02436137899882
0474,74.06280427069595
0475,2344.3652699283375
0476,10994.753382020484
0477,156.61032541163374
0478,10061.14937976482
0479,9303.264751745779
0480,301.6077297468565
0481,44.55739929271268
0482,276.51607428965264
0483,3388.0957326107878
0484,285.63264770975394
0485,239.23837558803052
0486,18.277536466648947
0487,1718.6847207067522
0488,215.67430280069718
0489,124.13864756941858
0490,2167.3092315321974
0491,189.0323834812489
0492,83.28121964670441
0493,1139.1195455496297
0494,355.64005345810955
0495,178.6816445323819
0496,106.21093982059863
0497,302.1812702504188
0498,257.64096624907563
0499,26.983442460000237
0500,163.1747154649506
0501,167.92892838445664
0502,2537.97942206723
0503,2038.7491968710594
0504,335.81370728000087
0505,244.94658269548128
0506,275.2030493643062
0507,230.67982293666606
0508,169.2016297700196
0509,280.99516403431625
0510,2300.4066263637355
0511,131.5228031696048
0512,160.29027649390449
0513,923.6530094596188
0514,116.8146116586206
0515,554.9473946050549
0516,1024.6264944708375
0517,92.68166857914191
0518,175.74806015544058
0519,1220.5248357663265
0520,382.7604924482446
0521,163.49726531549723
0522,118.80461540320539
0523,75.89371784159405
0524,266.73126959739176
0525,60220.556686119446
0526,496.2487445702098
0527,3462.9157913468493
0528,356.39694193780014
0529,311.50229332449203
0530,9410.19571145582
0531,373.5883193294264
0532,144.789390776058
0533,420.36571291473933
0534,20357.12576531678
0535,196.49188519894835
0536,162.24396880096222
0537,64162.23485349434
0538,40467.54211770364
0539,325.81815987143324
0540,3588.2681705964146
0541,2867.2060628079435
0542,39268.70163063217
0543,5363.94804592837
0544,7115.842470468656
0545,37939.72221509516
0546,10174.004632995471
0547,4059.9265522672254
0548,4246.69795979408
0549,2336.460204328795
0550,2321.8251828489297
0551,2407.900648406457
0552,3231.9153140406775
0553,251.6043118320072
0554,1464.3863289006902
0555,3480.3193182425907
0556,995.8414894272128
0557,703.7293528121991
0558,4538.3923778573735
0559,50.57229390208706
0560,776.0832912277243
0561,719.7280471750079
0562,1028.6403179467563
0563,6188.565803073837
0564,940.9024019933082
0565,18356.508420990136
0566,18495.870563476674
0567,450.52554607714865
0568,1989.3104574137321
0569,1634.7628069389455
0570,4305.139683766204
0571,1763.3176269634926
0572,1828.2839347569545
0573,786.7745244970902
0574,32231.03252514738
0575,1333.8182588886955
0576,1284.1538623290298
0577,433.39135297961207
0578,1280.5740023090348
0579,847.6472375176078
0580,894.0520696290974
0581,1348.7214935092297
0582,1285.154956299908
0583,825.1555291047426
0584,798.9885547034979
0585,2962.4493057962536
0586,77.89962571341938
0587,163.67220563239982
0588,112.76963902414998
0589,25.21990534504602
0590,135.73681813174815
0591,94.22988205934534
0592,220.9358391893076
0593,48.43758641194021
0594,248.09287793974534
0595,361.0558224345559
0596,146.72375181552678
0597,142.77213522889514
0598,49.37759549927781
0599,1224.962955778123
0600,271.81165697184355
0601,161.6035282520271
0602,142.45239935101765
0603,357.67380354631814
0604,169.10477977119945
0605,112.97620605301347
0606,314.2396121562571
0607,309.59327261625356
0608,156.54817719337163
0609,538.2048491738
0610,178.09055012742178
0611,3592.554469433125
0612,1140.018557367024
0613,410.7167143705189
0614,153.130796561297
0615,590.0636336120155
0616,415.77507057729053
0617,211.34621682661646
0618,263.33465222062614
0619,153.3034809543519
0620,94.00892324721933
0621,128.73151500802527
0622,175.53071331114117
0623,114.17481685377884
0624,42.08993385549288
0625,261.3360311798561
0626,207.01120572201998
0627,306.0402821061435
0628,3596.7638899734015
0629,103.27098089835017
0630,276.6455327736954
0631,1427.2100695872402
0632,5282.77043623175
0633,223.86227819322434
0634,185.1583455667848
0635,391.74705754448456
0636,6365.357563986778
0637,880.707339251882
0638,8772.274001947722
0639,1126.1455375615005
0640,993.7520652628523
0641,208.8227665051351
0642,1519.448055513062
0643,556.0340276840861
0644,806.1912514392034
0645,1229.2157855858657
0646,103.68253375856882
0647,710.6951371062478
0648,721.8383598695126
0649,5929.912300769738
0650,4485.743761424433
0651,442.9621658423229
0652,534.0739192558823
0653,397.9461930575837
0654,5069.513581813156
0655,619.4013850266182
0656,337.3947343934997
0657,128.81750845768104
0658,1347.4252262374953
0659,2011.1327135429804
0660,240.22407683994894
0661,2468.857249203584
0662,1885.8984871238106
0663,1450.0274784283035
0664,2224.0282160338033
0665,1421.9210894963164
0666,1332.1097571827513
0667,790.4928628550675
0668,1061.8652621820972
0669,2109.963940983887
0670,1425.9526115836036
0671,1463.0002926722225
0672,6543.602162293435
0673,2601.4958856180797
0674,637.0308037794628
0675,4904.34598907068
0676,1038.9580098857589
0677,1689.9806913399898
0678,1329.8990231924934
0679,379.43253439602086
0680,405.2567073469577
0681,827.021105746962
0682,7786.579784072134
0683,7684.088495649373
0684,11047.553813794255
0685,8465.522458609283
0686,15067.465545870999
0687,15121.37816073985
0688,17620.807367472513
0689,6680.265021973158
0690,12307.136097636438
0691,16653.325987728796
0692,11557.76474002738
0693,8701.591191697009
0694,1120.6874863836895
0695,35417.09845366936
0696,3628.078192041648
0697,31025.456552692285
0698,20402.337329630085
0699,12232.081493649495
0700,27267.746318487643
0701,38678.827485707916
0702,140286.7576516285
0703,1512.2990560058781
0704,27654.386181743477
0705,1506.4735235158905
0706,21545.072307362174
0707,37581.426001457316
0708,15719.272649846664
0709,12223.348331473991
0710,4642.900226424362
0711,66538.90402759516
0712,899.0073018194662
0713,10154.247274125331
0714,29853.17029492393
0715,24819.784491113533
0716,17720.75230304062
0717,18394.699998026732
0718,7055.0845977560575
0719,7754.6236544568455
0720,35158.91567265748
0721,12752.258679589182
0722,11060.091863944845
0723,19090.061064434238
0724,267.00756635967764
0725,21394.915017147887
0726,14339.15380462503
0727,12730.943794613335
0728,7249.834286847588
0729,7045.925661189543
0730,21186.839878992356
0731,10612.648723369637
0732,5716.620233891222
0733,5784.923646639244
0734,13387.166797570948
0735,6125.419183494425
0736,5510.803869445171
0737,8974.352630571744
0738,1335.608893946637
0739,816.0075888629848
0740,232.89782256091428
0741,12752.511801591847
0742,16077.636258217068
0743,13949.743951680583
0744,6264.3723887534225
0745,5001.3265489459
0746,6396.864892390488
0747,43038.012150162744
0748,12973.27048891841
0749,17268.421661201137
0750,1715.4761866954989
0751,4454.480988036731
0752,2282.581532319862
0753,12221.959237176716
0754,9929.55813526964
0755,5549.642185477246
0756,25324.30524580534
0757,99197.95027683907
0758,5897.263807615371
0759,19605.34990067426
0760,1486.7929568208285
0761,12095.229083261549
0762,1963.9579221144077
0763,23190.523009448847
0764,44422.983981598285
0765,5173.467634744398
0766,4531.558405596067
0767,10857.635603901095
0768,5795.006519666601
0769,7019.06748192717
0770,10976.593952160836
0771,9241.27027010391
0772,5422.181091714588
0773,7002.938685847587
0774,23896.99126249582
0775,8953.945908206699
0776,15999.514185191874
0777,12955.283254445212
0778,10403.817553116176
0779,9871.060759654856
0780,8803.549388712063
0781,12345.295082536244
0782,827.0825552266351
0783,129.83834855836645
0784,140.23913902964975
0785,539.3463723309138
0786,290.99335670247945
0787,1284.8627883602712
0788,112.12935913213353
0789,854.0502650208595
0790,2252.929353698302
0791,5290.542644750512
0792,3313.466491944504
0793,3516.1060073922877
0794,2850.2049575998367
0795,24797.20091846882
0796,13969.44120735414
0797,369.2239229928601
0798,4358.823455145732
0799,3791.105342171302
0800,4317.6890632896475
0801,34464.8318937136
0802,60990.916095462104
0803,26387.761353028196
0804,60393.40762091521
0805,437.34887394984344
0806,7976.310604792693
0807,9070.687699945944
0808,3743.7050975504317
0809,4956.401608687452
0810,2066.551204010136
0811,2835.6379476110524
0812,1906.9985737916913
0813,6408.023278217218
0814,11145.495947386584
0815,21002.973020392892
0816,246.32766229184668
0817,4059.0558236721104
0818,2601.83256076571
0819,3219.7649977294764
0820,44733.89840275661
0821,19146.525961836607
0822,15222.614335695062
0823,1337.209126190652
0824,7305.099789114861
0825,4870.068957763429
0826,9807.807782261189
0827,762.6287027788907
0828,30381.60678474538
0829,54679.00886704747
0830,16203.237171634528
0831,46529.91770980068
0832,12956.963468890242
0833,24818.055899800394
0834,8224.408277326384
0835,1285.4015410559641
0836,105.69293800794601
0837,92983.83181901742
0838,52994.53057347323
0839,18945.625967391825
0840,25700.55113959868
0841,8673.278909472892
0842,7273.651029242285
0843,9262.52673908419
0844,14869.186929390058
0845,104.6695918250537
0846,52796.16290932713
0847,5292.446056471609
0848,1318.591447366524
0849,53868.81760146173
0850,51139.53981484307
0851,51187.993704799854
0852,60781.636205682684
0853,14872.103920440817
0854,21737.738246701116
0855,2482.2508411161075
0856,26424.598199008175
0857,26247.64905284994
0858,10816.116582552031
0859,45375.691110363114
0860,11658.447641279627
0861,9293.96655807117
0862,7437.667398536836
0863,40025.392256972176
0864,31286.50872874111
0865,8979.313786538098
0866,19620.5626210078
0867,1755.4921098835657
0868,9235.083416850444
0869,8525.653873546247
0870,579.389218389746
0871,12016.187103276852
0872,10369.979679805081
0873,12590.068000292187
0874,32822.22225327245
0875,15308.132608166621
0876,17121.670998054466
0877,3223.8251804684664
0878,86611.21989226813
0879,51389.16648427146
0880,56460.87005220464
0881,22614.079602949078
0882,16510.777159267316
0883,4069.649434769149
0884,9593.205181005835
0885,6870.892142693875
0886,1008.8580936873997
0887,18863.946549915225
0888,26269.34034242449
0889,4491.370799986334
0890,40925.29679015253
0891,9627.198064121347
0892,18130.26657452434
0893,14841.119850600857
0894,19654.66993966016
0895,13815.212524972203
0896,9851.839775855535
0897,13794.864596620027
0898,16586.692181704406
0899,6304.838934710976
0900,1991.9778841942214
0901,628.6706224743566
0902,1277.0454674098175
0903,1398.9507469350904
0904,17671.615824762586
0905,8149.539217008271
0906,22230.451793239143
0907,9136.684109561857
0908,6466.220044232211
0909,5575.97874436411
0910,4535.998501832695
0911,1884.825221275413
0912,3520.7863345786914
0913,3644.0976760869125
0914,1530.9674091731165
0915,1460.5840716166902
0916,3693.0401247848245
0917,30179.645622986358
0918,4524.680944334986
0919,15128.183742519068
0920,1019.314559188802
0921,10131.178426486907
0922,11960.47832037558
0923,4283.621660322492
0924,1321.8267588898768
0925,20528.792153027985
0926,8112.7749661920525
0927,11187.159547652687
0928,2274.052849252695
0929,7250.569080180806
0930,1028.9701730408547
0931,3205.113389832323
0932,10053.880269915688
0933,475.87193726496986
0934,564.7014593915247
0935,1153.0170441647385
0936,361.48038963362
0937,826.0077617585135
0938,26.551757145910347
0939,16603.533771264905
0940,19552.294482068326
0941,12874.299669239428
0942,512.58672637818
0943,1308.9015868458002
0944,23107.22463939787
0945,14150.649975019232
0946,4581.740555694009
0947,11312.866009441032
0948,8580.95148064412
0949,3443.8191786148855
0950,14995.967385452162
0951,22437.8922792182
0952,17193.518701984736
0953,6359.63170358144
0954,20192.42934740274
0955,5250.384139761673
0956,3434.4891447261666
0957,30853.78153200376
0958,11129.547346637935
0959,11883.14768431333
0960,6429.26364106625
0961,7094.635307537749
0962,6052.443142081679
0963,14362.792595473331
0964,11437.986936862015
0965,3927.946666966814
0966,19461.041315054874
0967,8811.74270999514
0968,10699.159528871136
0969,3985.4223485578264
0970,7042.081259391361
0971,6074.915323580237
0972,14771.463475521456
0973,19799.76033373698
0974,11696.943250834089
0975,14029.398947050233
0976,10164.864744399143
0977,19927.85503831325
0978,6636.896999197211
0979,7989.147697951373
0980,11332.735263470773
0981,9388.756032210013
0982,18292.70479682557
0983,5478.165080685104
0984,18460.747954409468
0985,4321.008748289513
0986,2388.6207290017105
0987,7508.400199638111
0988,722.4918918211064
0989,1995.2230679429388
0990,6012.362629051473
0991,8328.136527972774
0992,9881.43472032076
0993,7192.027488620322
0994,7475.324860340349
0995,6597.162016354021
0996,14550.487145766543
0997,25268.11715581098
0998,19629.539107402317
0999,32377.03617152969
1000,5691.8512850431225
1001,5923.997538289638
1002,1844.7365082244496
1003,14358.511185721762
1004,11792.838849207736
1005,15321.910851740075
1006,3932.2689074414307
1007,27133.91647513446
1008,7180.747256938608
1009,9896.726661387222
1010,5382.858091058358
1011,1237.820403525955
1012,52563.45835304596
1013,29653.686046545783
1014,29101.41155456117
1015,9772.534278388226
1016,27865.863690313974
1017,55918.811695134405
1018,69142.11769028824
1019,30391.586406050035
1020,16805.293557101162
1021,60743.71766030704
1022,40181.08139112908
1023,45213.952146853895
1024,16312.847432729
1025,23484.876793995198
1026,71223.60932034759
1027,69256.08702920735
1028,18804.361107498244
1029,23307.21157382049
1030,47211.22432019485
1031,18607.584178179008
1032,12350.534663834029
1033,12625.653115114132
1034,9424.363268603463
1035,34055.18143488169
1036,7129.891843977683
1037,43692.080810119696
1038,43463.802918165275
1039,20714.448593365767
1040,30485.110121425136
1041,10839.51374088491
1042,10119.509233072708
1043,26175.07739004226
1044,6982.413430768159
1045,9033.315076926223
1046,11430.099261893052
1047,11861.999917272924
1048,15877.525383447117
1049,79782.05005034186
1050,25835.207172010752
1051,12402.51685268469
1052,28296.40942733389
1053,34887.036124960905
1054,87.77852966355603
1055,260.2771952601442
1056,177.94816985913414
1057,4604.556204163099
1058,6572.98134361774
1059,8397.057353060396
1060,11987.104643825043
1061,21010.56413703672
1062,35196.575659398666
1063,21212.889355076724
1064,19491.40140159726
1065,13617.77739837804
1066,35282.69300754648
1067,17215.02901218928
1068,24365.248867045386
1069,28559.1691000094
1070,29994.757205938764
1071,54399.78287692264
1072,72870.95955797505
1073,22066.601046819298
1074,27802.86964979109
1075,17090.582417414043
1076,13817.25424678995
1077,6326.690965990748
1078,35337.58870280475
1079,20143.926363171344
1080,3660.726444707316
1081,31030.622999804735
1082,20908.44374973024
1083,26752.839120010012
1084,29479.849369499676
1085,20428.998385129406
1086,24760.155470190482
1087,27318.185407860718
1088,2054.8795031459567
1089,32755.57291020686
1090,15596.483295674343
1091,44656.55029803069
1092,19598.116335147683
1093,11433.64685591105
1094,20482.572041122567
1095,18195.33890942964
1096,20903.01755854827
1097,30880.30485105107
1098,39590.28343692712
1099,40953.71483599947
1100,14149.286289354342
1101,29291.67588474487
1102,19794.945922007082
1103,6389.778870851461
1104,7975.7041863581835
1105,13112.65566104523
1106,7987.738831300217
1107,18438.607063229047
1108,27047.47299153052
1109,33358.675429765935
1110,38039.17632532729
1111,36905.87316945853
1112,25947.20836080285
1113,13480.50468221414
1114,20331.11460735457
1115,9821.403940048693
1116,54684.5233075324
1117,38137.72923504894
1118,61062.23937238208
1119,15644.701954636832
1120,30572.166411973274
1121,13553.389254507381
1122,20437.319969091506
1123,8174.409465066819
1124,734.6912927044194
1125,1530.3146848284096
1126,5505.983600517601
1127,8758.588619674932
1128,11540.895701027463
1129,26104.359211634892
1130,20507.56822072926
1131,16749.01111601528
1132,19155.215339874132
1133,16553.43366747037
1134,4655.756445956121
1135,35072.18553180381
1136,12415.776868503586
1137,51010.28678517203
1138,28025.58090190178
1139,40543.798389613105
1140,15604.25980538938
1141,47387.0271549665
1142,16663.4110400766
1143,20932.14095039453
1144,43641.15677050237
1145,50079.46578811903
1146,34429.76915909095
1147,17561.0308611569
1148,34342.00267502278
1149,12303.957953433215
1150,18006.987414923493
1151,6803.730158830635
1152,4943.361844383509
1153,12523.153738840354
1154,15577.034765665454
1155,17841.609916900736
1156,9591.732304803278
1157,18689.15943518384
1158,62294.97181372686
1159,40532.41160657582
1160,19165.138464285323
1161,5709.639961349726
1162,879.7796994846188
1163,1154.2937294977826
1164,6102.9242639553095
1165,4733.531240675834
1166,10378.830378661345
1167,9414.241201104329
1168,151.45474584924372
1169,27807.453617892086
1170,18683.5415982761
1171,8724.195289500474
1172,4370.008617024677
1173,45059.757104028016
1174,76803.69130168286
1175,56305.67814689731
1176,28.61989881804082
1177,2997.577488304767
1178,2.9260666258052814
1179,128248.95221955217
1180,184428.86937701306
1181,30972.547763671577
1182,55096.74674411104
1183,2866.8401487696096
1184,3237.6779349410685
1185,72777.47267415134
1186,111253.26671070249
1187,142947.32647806534
1188,984.3551667566843
1189,11165.36133558908
1190,3662.901734143095
1191,22428.32863684441
1192,22852.03473846747
1193,22980.227230234013
1194,5021.017996093632
1195,47.596838106167716
1196,1543.333012953959
1197,194.2929325322966
1198,21.264417153702432
1199,27.646054904850633
1200,272.1584005236104
1201,19.766684387532667
1202,201.73458506139386
1203,1696.8061102266818
1204,327028.44122144213
1205,2173.268548556873
1206,342.1825457388282
1207,48855.253084120784
1208,108012.3114276325
1209,44748.85521589958
1210,48100.389942609625
1211,54355.68740112899
1212,39434.96842343882
1213,1720.8561482049342
1214,707.4414620767812
1215,641.5649349147797
1216,3134.0141053443317
1217,349.7908201375573
1218,10543.307119760093
1219,987.9403074198948
1220,750.7806743367137
1221,695.8198278094457
1222,423.69735782641754
1223,906.041195674708
1224,100540.27558356686
1225,58898.10195765594
1226,80440.46084776743
1227,15515.879849837458
1228,39268.572749377374
1229,108118.41431704276
1230,22445.390274754896
1231,731.5878979169092
1232,1280.1142618267513
1233,1395.088717329245
1234,1727.5900922296178
1235,53360.36614024829
1236,1386.0189919816555
1237,1300.024936239265
1238,599.5631590349046
1239,2043.5543546714514
1240,17481.73600921183
1241,7542.367803242269
1242,22958.039303502985
1243,408.2007513067313
1244,1339.238394385412
1245,2021.8913082804102
1246,2135.4252551921886
1247,767.5122846836442
1248,480.3146765704601
1249,651.039770851396
1250,821.6017376612521
1251,1224.1072724355743
1252,32655.12094906029
1253,16296.892846445238
1254,51306.248528621334
1255,7410.838712999957
1256,619.5472370275414
1257,3604.8700230177724
1258,43801.906400280095
1259,1085.437915516266
1260,733.8407294649622
1261,1881.2157985617432
1262,1886.9541437854339
1263,44134.232995083694
1264,43523.64147090901
1265,36017.54735842297
1266,132810.41191602233
1267,109501.92335676937
1268,46765.38947220619
1269,56363.91567445451
1270,20437.757326879917
1271,12730.245356191468
1272,21837.51516261644
1273,11978.594111589962
1274,6715.505494534417
1275,139401.47184610151
1276,61466.865210438285
1277,18574.440518118998
1278,4479.153742217778
1279,27571.348746066924
1280,14412.086610443648
1281,23860.693877664842
1282,7157.843004167862
1283,13739.435299204168
1284,11588.453905804257
1285,25494.09997964717
1286,7422.538888412343
1287,30685.309707109293
1288,57305.67215004154
1289,11011.42459222569
1290,14535.953520284716
1291,7499.016204480561
1292,8501.319219731033
1293,70417.43179362401
1294,19439.83361103394
1295,35022.42992806341
1296,72762.84356928388
1297,6854.552833142145
1298,7074.155227884371
1299,11314.473349110462
1300,11742.71285074601
1301,8706.457044474011
1302,13551.653506010205
1303,9585.368161061548
1304,5841.02475550691
1305,5423.98099166948
1306,11526.861796405481
1307,9254.208216668805
1308,62747.93649960962
1309,89683.42685522836
1310,43761.29914439415
1311,18443.271114599356
1312,51634.47897753399
1313,18471.17549727113
1314,14720.805928668151
1315,9383.667769927839
1316,17494.45187902815
1317,17220.135812992623
1318,18147.971035555118
1319,16611.083606498247
1320,26113.18106385531
1321,12488.76813685075
1322,27296.9619723213
1323,28880.790987817134
1324,7576.099961167039
1325,13512.936771582403
1326,5096.524021694963
1327,8335.90419680077
1328,6507.735845423351
1329,10656.844830718002
1330,10002.486676496143
1331,7800.615202844325
1332,10120.983847941314
1333,5196.30056207576
1334,5999.611997475488
1335,3791.5374330349546
1336,4540.552309307578
1337,14421.662307251876
1338,12532.057998316532
1339,12999.574282148407
1340,10390.581394994657
1341,4470.978556348059
1342,4195.2181771200085
1343,6735.099872589672
1344,18108.575365121895
1345,20777.227966638155
1346,16718.377459450752
1347,6611.25919382176
1348,9452.071675776899
1349,14206.183346321246
1350,21139.09308519099
1351,6407.0295166325595
1352,13334.440011706212
1353,6190.3781948409005
1354,9879.774075530366
1355,23674.001542952017
1356,25574.494150439496
1357,12929.420695706884
1358,23411.454943469333
1359,55754.66737898933
1360,30835.018621803738
1361,3915.868603950652
1362,12078.667042968898
1363,6677.35714567223
1364,9269.352073880864
1365,18417.854767492405
1366,12183.975683421757
1367,13568.776729209438
1368,3176.1977798815533
1369,1404.6130693627256
1370,4700.855453455508
1371,5171.216912618855
1372,9056.366156902297
1373,9570.591318886185
1374,11528.686322172949
1375,16609.968783641452
1376,23857.21264999079
1377,15921.407149719715
1378,26292.102454811687
1379,45613.65230409892
1380,27908.035752280484
1381,107443.3827050849
1382,27845.66983967445
1383,78942.41811233245
1384,34782.28043164886
1385,71099.98256365165
1386,24769.720885049155
1387,31540.680423473746
1388,25842.29324874902
1389,148572.0561369859
1390,134058.89934481017
1391,34951.16367334643
1392,53957.861369207014
1393,102967.97817274276
1394,17214.87846594913
1395,39177.84483474743
1396,15852.080781377814
1397,64573.540337140665
1398,36334.808414407045
1399,38016.76067757865
1400,28904.74003014287
1401,30428.133750586207
1402,17221.721790299463
1403,15008.17855775108
1404,9827.551252391502
1405,11412.783308052472
1406,9053.444253409036
1407,17108.281951755318
1408,29207.931242510702
1409,39107.606040329054
1410,22862.413157911873
1411,13401.078113516392
1412,81849.80915994551
1413,41030.178256584644
1414,80889.43292835247
1415,84917.0068116924
1416,14225.979283196946
1417,47956.33785099451
1418,42429.18700537491
1419,134994.51182028817
1420,71571.21897301947
1421,49619.51576834061
1422,66145.56281452808
1423,34107.05096323481
1424,56845.85770837165
1425,68633.8672198119
1426,29254.299690643722
1427,43933.153390886284
1428,71477.21391515333
1429,100800.71245636589
1430,94912.8563625451
1431,52418.73651324804
1432,112577.36255994487
1433,11261.16064289809
1434,172890.65456960668
1435,20777.3990574
1436,41209.20792220793
1437,9421.446438300336
1438,4337.781989064653
1439,107648.482520723
1440,26173.15602037946
1441,18931.05322121287
1442,3580.5131472834587
1443,14220.7450944694
1444,42423.30665735089
1445,38369.99438134848
1446,41741.03234310568
1447,71821.42855035579
1448,12393.257171737738
1449,14417.604341835917
1450,19124.24719021135
1451,37816.125497216504
1452,70329.03614392097
1453,21004.358618940605
1454,10892.581984527815
1455,27552.651178780714
1456,13530.052927031249
1457,95679.4240293589
1458,12540.533568429428
1459,10651.061319865812
1460,38360.85822688639
1461,56310.240431632155
1462,39215.94095074446
1463,33859.489928097726
1464,14784.363522008252
1465,906.7273811588498
1466,12103.264654846216
1467,39183.67221276267
1468,6202.190079554378
1469,2136.1879374405057
1470,13124.78176562604
1471,15889.411269601793
1472,7744.109723691134
1473,1123.5246849295036
1474,8592.17560966958
1475,13289.384683469276
1476,20824.312776666182
1477,22953.71128233083
1478,8279.981923351459
1479,37371.73093638618
1480,22553.60599950972
1481,6542.332674775207
1482,6551.584390206789
1483,22510.557418599707
1484,26849.207131704698
1485,64576.80669536715
1486,1293.2795468258398
1487,3251.5283090461867
1488,2126.677071230818
1489,2208.909505891273
1490,2822.9421252436077
1491,2707.552621003255
1492,5552.65639448696
1493,4740.986641272335
1494,4533.813289709695
1495,2634.1275405992114
1496,326.14087319603544
1497,349.2585647832613
1498,1410.384561549444
1499,780.4740655364262
1500,4073.5609534152572
1501,1134.0769566460283
1502,1339.821893145206
1503,1772.6753573807048
1504,337.4209840515551
1505,74.37216309358014
1506,191.06566210764186
1507,1241.7281301610562
1508,1144.8397478593104
1509,1862.0967971965665
1510,1525.9729710364993
1511,726.6891744206783
1512,3183.9972876980064
1513,2992.880560796044
1514,4033.844459712605
1515,3084.4218627089517
1516,1474.491791311517
1517,1703.4389689251523
1518,1637.8787481961551
1519,3526.3789236170887
1520,1927.2649415535932
1521,1350.662884992986
1522,1145.0699863771476
1523,876.0240237876378
1524,1349.3053448233027
1525,1521.8861898250436
1526,2008.2457341418383
1527,1714.699315281802
1528,3597.425612869944
1529,2801.3109950491194
1530,4230.779329584358
1531,5384.23075166656
1532,5490.680373535967
1533,4403.7283801308295
1534,4901.358839978494
1535,3571.5195302342004
1536,4169.2249142439205
1537,4165.194886500514
1538,3658.9768423295645
1539,6028.26057480685
1540,2459.8401571866602
1541,30554.982796398534
1542,9235.109844005416
1543,40803.555387378576
1544,7474.45653419671
1545,2121.0757452126195
1546,140801.45903155344
1547,68720.65562130853
1548,70780.1858039492
1549,137264.84845637894
1550,9408.46621633705
1551,21968.45091755612
1552,51257.3059261374
1553,94211.76765329127
1554,42939.148766036546
1555,12306.423350602665
1556,16520.988130807553
1557,3632.04987405775
1558,10628.65638097585
1559,1091.9895986515342
1560,2000.684189447218
1561,1245.7463622806465
1562,966.5120722204548
1563,2262.961041007616
1564,4642.724276307999
1565,4775.156428287024
1566,138816.41442389655
1567,16065.10181743046
1568,17878.42169000498
1569,94442.89426589517
1570,5021.612960860347
1571,3241.833478163079
1572,7245.142487627208
1573,4511.310868315243
1574,1125.5526213429678
1575,134.04412468174928
1576,6221.082419413731
1577,6224.901227034959
1578,9671.66276645725
1579,16301.39643626899
1580,3660.9382741120685
1581,11442.948199228966
1582,7135.4264673083735
1583,6210.58081252523
1584,9545.098230663825
1585,7831.386734344344
1586,15672.860608616165
1587,56742.04973796141
1588,8448.530599780395
1589,38946.659462159296
1590,80770.73984207644
1591,13222.551003237479
1592,9189.382053911808
1593,30546.72078743955
1594,32991.838117362204
1595,33642.75722630656
1596,13664.172625832778
1597,62313.979614821605
1598,47316.06591079399
1599,49774.18025465748
1600,63161.10396949379
1601,49803.62519426428
1602,12907.888952781263
1603,10112.440569979086
1604,44732.859310938766
1605,27578.16797208793
1606,23492.99119704378
1607,24298.207739788366
1608,16306.529921712327
1609,83463.64826726606
1610,7662.200368643062
1611,30993.446984147584
1612,31670.802200137903
1613,221.0356300736179
1614,212.2107565572435
1615,447.20407079327083
1616,582.1438529685006
1617,270.3060786787861
1618,209.37295539471947
1619,259.96650283132254
1620,74924.88239917629
1621,40065.00909429959
1622,41662.1957806632
1623,75992.83433095568
1624,28251.850764440936
1625,28550.925321746385
1626,121625.31482211592
1627,130855.2268195272
1628,57601.04711069734
1629,23716.000016194186
1630,32982.34679273457
1631,34690.60788548508
1632,113385.11540461225
1633,95818.16108005091
1634,256975.98834644348
1635,228981.78947997652
1636,276030.11848567496
1637,42643.98406541277
1638,135192.68131878992
1639,230238.006845245
1640,80651.53609701637
1641,39977.814114748566
1642,31612.227196914453
1643,66182.00673867732
1644,54697.33885458949
1645,24763.694844689384
1646,62696.11670805302
1647,39655.82716342003
1648,47366.38400805107
1649,22596.546772553935
1650,33010.719999849476
1651,68504.6486034104
1652,47882.61202504262
1653,102513.29628517428
1654,63062.81111469646
1655,20228.40139888764
1656,7043.919236082073
1657,11922.571077278291
1658,21299.359939833856
1659,103562.77617620271
1660,17494.065565415203
1661,25865.446681263056
1662,34066.471628940555
1663,106935.18370143084
1664,4179.1535628519405
1665,15593.795997303308
1666,12849.214810277126
1667,9544.653196381842
1668,10363.92313286608
1669,9775.736541658944
1670,4609.240159997773
1671,26486.798263316585
1672,22338.57203370812
1673,30585.149717227756
1674,13781.930283686612
1675,32147.60921231841
1676,46921.37863412686
1677,70927.94010029161
1678,85640.8063913897
1679,59690.30481669393
1680,95319.6895587186
1681,36579.31321767481
1682,22449.280659558804
1683,6339.110584914507
1684,28855.430853577465
1685,24244.945384347422
1686,68351.67758363862
1687,90457.84293596451
1688,29527.88839145516
1689,73990.437013984425
1690,84597.7448251054
1691,3833.241114649938
1692,175.73552535178396
1693,126.73810948149138
1694,713.5701141491014
1695,3049.6937873528805
1696,15564.733592817147
1697,27770.244620600715
1698,38150.254286190815
1699,206.89593272417537
1700,35278.32830481063
1701,26823.202268194927
1702,874.2841512639006
1703,17253.251207920337
1704,42148.622189548216
1705,59.86998898410706
1706,12562.458177428614
1707,116.06186221092008
1708,23312.204347651055
1709,21293.613300232817
1710,25198.779292208565
1711,27750.914015033148
1712,25222.316953914706
1713,17.82917002795648
1714,14354.88819576025
1715,13752.983400595302
1716,22541.55031195214
1717,11032.561148663852
1718,7812.478445738369
1719,12485.014013115673
1720,220.60461212256791
1721,23469.35777461552
1722,14171.381656927484
1723,16956.161205813623
1724,149.71771471001605
1725,10346.960456762523
1726,13543.450849829756
1727,29316.18770440583
1728,311.58416836474106
1729,1082.1431691188616
1730,130753.34009762846
1731,1915.281483150551
1732,47683.57600639318
1733,150.11850451649943
1734,124.2383210308205
1735,60561.06443291646
1736,27310.306601759654
1737,269.13963719470644
1738,35436.66097311892
1739,35367.38772495061
1740,23460.362686518525
1741,121434.55093630939
1742,144.65414358212158
1743,16748.595682149284
1744,20732.74561944255
1745,251.47990232038137
1746,29359.605237660406
1747,87137.36287806155
1748,15165.243077809033
1749,85016.85025487989
1750,45293.72775476583
1751,208907.18857591052
1752,2253.9054837426193
1753,70646.6744194006
1754,27448.070234971416
1755,58056.36658071019
1756,47199.82098039575
1757,177.11153724963398
1758,130866.37117893466
1759,992.7435941124833
1760,38233.71690688338
1761,66791.06551354604
1762,115.11956199459945
1763,41687.52543287629
1764,38675.4906508279
1765,980.9842432064833
1766,16115.743800720304
1767,20890.15115429981
1768,39104.169523071956
1769,58773.97233236223
1770,94.32054705908877
1771,874.6589343416389
1772,33894.767741621814
1773,592.314791875579
1774,56909.305344314
1775,24107.528559176495
1776,772.2630028287808
1777,685.7195118853132
1778,15339.438558047608
1779,10783.113142989334
1780,276.36430435445493
1781,28271.425542594294
