census_id,emis,poll
0001,156.1089854930995,BC
0002,120.92351202418851,BC
0003,390.0233827414567,BC
0004,105.72407922717188,BC
0005,431.2661689069905,BC
0006,38.22528258157669,BC
0007,0.23885160879129366,BC
0008,349.29832453960046,BC
0009,3.350146030942036,BC
0010,549.5444048944967,BC
0011,54.497181997596805,BC
0012,1.742793041129507,BC
0013,152.02726558919304,BC
0014,218.7634005933467,BC
0015,516.4534050363071,BC
0016,66.71546018200316,BC
0017,1300.0955833216822,BC
0018,942.1411318382839,BC
0019,247.7679482340281,BC
0020,341.09185778454423,BC
0021,1961.128301727948,BC
0022,1273.7421081515135,BC
0023,509.5738507306139,BC
0024,216.58321732281826,BC
0025,773.8783752091597,BC
0026,22.39730404321606,BC
0027,1.8078110295054897,BC
0028,47.500826109057144,BC
0029,7.382620561726514,BC
0030,444.871710773254,BC
0031,965.2572802141455,BC
0032,1077.654813047018,BC
0033,2183.092131056313,BC
0034,1299.6498524536778,BC
0035,3617.6568566633123,BC
0036,1867.4902688574348,BC
0037,728.3194528751399,BC
0038,2104.268702487766,BC
0039,368.88181033874434,BC
0040,135.66103460161855,BC
0041,139.93804613503184,BC
0042,402.8687616374312,BC
0043,217.8345229938878,BC
0044,146.9464511604501,BC
0045,201.06128384712252,BC
0046,139.59650523367299,BC
0047,32.48241068206137,BC
0048,419.96155259486824,BC
0049,86.22762593837673,BC
0050,531.0189258838552,BC
0051,632.3219476290859,BC
0052,244.59494959047223,BC
0053,227.63885937308106,BC
0054,793.7829578766688,BC
0055,2151.9125450645665,BC
0056,151.22500459334432,BC
0057,1536.6569622962174,BC
0058,251.86073433891545,BC
0059,366.18861230438785,BC
0060,176.5730378670704,BC
0061,95.19474358725236,BC
0062,342.8820730228981,BC
0063,0.44397789217874295,BC
0064,745.7238028125515,BC
0065,84.07089095988101,BC
0066,31.86270024275474,BC
0067,604.6491747194955,BC
0068,187.44349503911707,BC
0069,217.3459354501461,BC
0070,97.46314693597398,BC
0071,197.7771859914147,BC
0072,194.33912853064663,BC
0073,102.3370745477626,BC
0074,276.9545542489838,BC
0075,301.1849266709559,BC
0076,152.80460533469696,BC
0077,127.62178412977583,BC
0078,94.07720061306209,BC
0079,14.504611928427261,BC
0080,28.834667771813596,BC
0081,3.1937707680625445,BC
0082,45.53712170584112,BC
0083,282.8825307924667,BC
0084,772.4142953848568,BC
0085,75.85147323940765,BC
0086,0.5426879625410606,BC
0087,804.0365978736443,BC
0088,4.151292604196004,BC
0089,576.2571080366881,BC
0090,54.437909284597076,BC
0091,356.0437146064215,BC
0092,1.2264456531721226,BC
0093,0.7210080181041659,BC
0094,0.05141514028292282,BC
0095,105.47167037933173,BC
0096,0.08609334816205334,BC
0097,532.9441907595464,BC
0098,3.1822534146453143,BC
0099,1631.3463048711562,BC
0100,1138.9607187586662,BC
0101,1699.330873410462,BC
0102,967.4191883081261,BC
0103,1124.9508980536839,BC
0104,2871.8134180262964,BC
0105,2133.9556953241836,BC
0106,1952.6514795811474,BC
0107,3875.7984678307043,BC
0108,2039.4590783290428,BC
0109,1774.6507258267134,BC
0110,2071.5642489488673,BC
0111,5247.65329914493,BC
0112,3965.400561290251,BC
0113,1099.0063155152288,BC
0114,682.5494849345346,BC
0115,887.786183259374,BC
0116,1990.603059486222,BC
0117,938.0388862003533,BC
0118,565.8072027097865,BC
0119,334.5679708684857,BC
0120,1809.8218129568024,BC
0121,283.12663029765184,BC
0122,789.241533439633,BC
0123,1107.3096079489394,BC
0124,241.43296969120868,BC
0125,821.2303812838699,BC
0126,1335.2219696035281,BC
0127,6840.038991721131,BC
0128,3577.1300055511647,BC
0129,229.36083772379354,BC
0130,842.4038111968027,BC
0131,212.10427841548457,BC
0132,1633.169426338769,BC
0133,626.0583515984639,BC
0134,4213.16587836313,BC
0135,3505.1426804241823,BC
0136,8.77324586405526,BC
0137,2.403581735097816,BC
0138,0,BC
0139,0.015567568201555058,BC
0140,0.10334097947551836,BC
0141,328.27574022555564,BC
0142,392.0171675992711,BC
0143,279.7113789945324,BC
0144,241.82935607984496,BC
0145,390.9733416301284,BC
0146,750.0882847732641,BC
0147,745.3465185202241,BC
0148,745.7348233606643,BC
0149,106.05638224700279,BC
0150,163.5522487745735,BC
0151,164.525073843786,BC
0152,968.0393600379016,BC
0153,329.0671398453182,BC
0154,677.9768812844751,BC
0155,210.98900768362248,BC
0156,111.55507966444884,BC
0157,303.61244631528206,BC
0158,410.35164289413893,BC
0159,413.47708269918866,BC
0160,286.02892130244624,BC
0161,154.61570439520077,BC
0162,471.8515081117179,BC
0163,0.06186619417654059,BC
0164,0.008077648024722522,BC
0165,0,BC
0166,0.0012831856018917518,BC
0167,0,BC
0168,0,BC
0169,0.004838502527836183,BC
0170,4.09111996833803,BC
0171,0.03530951657605668,BC
0172,0.004119242571559555,BC
0173,1.8584884938377812e-4,BC
0174,0,BC
0175,0.032595913012839386,BC
0176,0,BC
0177,0,BC
0178,0.021871784376986135,BC
0179,0,BC
0180,0.14506642590435323,BC
0181,1.8280223576905206,BC
0182,0,BC
0183,23.166375982940064,BC
0184,0.9726120481837351,BC
0185,0.0023176238071421144,BC
0186,0.3173008013431833,BC
0187,0,BC
0188,0.4109306847269361,BC
0189,0.360082604193696,BC
0190,0.5933279238612247,BC
0191,0.5608754741965083,BC
0192,0,BC
0193,1.1393837268304465,BC
0194,2.468324270423237,BC
0195,0.004989292387134819,BC
0196,7.732023549625784,BC
0197,0,BC
0198,0,BC
0199,0,BC
0200,0.014146694462044168,BC
0201,0,BC
0202,1.4391659753784704e-4,BC
0203,0,BC
0204,0.13078616527926074,BC
0205,0.0027841557795254012,BC
0206,0.005815344152350138,BC
0207,0.004287848198686933,BC
0208,0,BC
0209,0.03198764309513641,BC
0210,0,BC
0211,0.00837941762667567,BC
0212,0,BC
0213,0,BC
0214,0,BC
0215,0,BC
0216,0,BC
0217,0,BC
0218,0.03162579700292612,BC
0219,0,BC
0220,0.027221308262723832,BC
0221,0.006065738394110104,BC
0222,0.08342788247990506,BC
0223,0,BC
0224,0.007215348394025068,BC
0225,0,BC
0226,2.209128399593086e-4,BC
0227,0,BC
0228,0,BC
0229,0,BC
0230,0.3094021727589236,BC
0231,0,BC
0232,0,BC
0233,0.653244933440654,BC
0234,6.886173689290334e-4,BC
0235,0.6631658957951263,BC
0236,8.618183642643894e-4,BC
0237,0,BC
0238,0.0865334353023981,BC
0239,0.023678632030150477,BC
0240,0.005194975497429778,BC
0241,0.6085531228553276,BC
0242,0.041119089937597345,BC
0243,0.012899091069782865,BC
0244,0.04225435443661024,BC
0245,0.02828155766125929,BC
0246,0.03360643762511343,BC
0247,0,BC
0248,0.015567902303034908,BC
0249,12.8428687167494,BC
0250,0.004634631312985707,BC
0251,0.001875842354495325,BC
0252,0.1830685111934225,BC
0253,5.09003584657468,BC
0254,0,BC
0255,0.19996510398157633,BC
0256,0.6280870375305059,BC
0257,0,BC
0258,0,BC
0259,0.9256418631230819,BC
0260,0,BC
0261,0.019391856792866636,BC
0262,0,BC
0263,0.08661608119959753,BC
0264,0.09587653811872364,BC
0265,0,BC
0266,0,BC
0267,0,BC
0268,0.17296946716751516,BC
0269,0,BC
0270,0.02411738225726419,BC
0271,0,BC
0272,0,BC
0273,21.46799124880687,BC
0274,0.0778062740807713,BC
0275,0.013210757845368015,BC
0276,0,BC
0277,0.4120689320677734,BC
0278,0.05754777532186469,BC
0279,0.22066731552964092,BC
0280,0.0029727703644726574,BC
0281,0.00921301105433406,BC
0282,0.0034483224418098046,BC
0283,0.0020423502457218947,BC
0284,0.006582896958450433,BC
0285,0.5690186176348807,BC
0286,0.0482507434569403,BC
0287,23.8457700560658,BC
0288,0,BC
0289,0.001630220098027362,BC
0290,0.0047850581301587605,BC
0291,0,BC
0292,0.002730291789855694,BC
0293,0.21041734095379028,BC
0294,1.406960531176458e-4,BC
0295,0.06274557596802499,BC
0296,0.0011436037281646765,BC
0297,1.3243140596508556,BC
0298,0.003911801879409058,BC
0299,5.494911968982232e-4,BC
0300,0.005095526536463768,BC
0301,0.1277311331523228,BC
0302,0.02045984540457491,BC
0303,0.2621997975512632,BC
0304,0.024695511302492024,BC
0305,2.508209878776859e-4,BC
0306,0.0030526262536223173,BC
0307,1.461180038540237,BC
0308,0.004597196336631627,BC
0309,0,BC
0310,0.0010777426488645134,BC
0311,0.5750508001903315,BC
0312,5.732644653831668e-4,BC
0313,0.011781043351436093,BC
0314,0,BC
0315,8.410088341479145,BC
0316,0.0354138496588054,BC
0317,0,BC
0318,0,BC
0319,0.27236435599279957,BC
0320,0.2097396588591334,BC
0321,3.419629890679935,BC
0322,4.84060481228512,BC
0323,59.60748991700702,BC
0324,68.90777541614072,BC
0325,27.019760439953473,BC
0326,0.7262116772941782,BC
0327,2.6653515121276437,BC
0328,38.98309830161986,BC
0329,527.226932937819,BC
0330,1.6766636598440992,BC
0331,12.808970487854037,BC
0332,5.744153034387745,BC
0333,0.0115885607694367,BC
0334,115.77476117206002,BC
0335,0.11278862218609359,BC
0336,9.607857255405227,BC
0337,3.9439278216450805e-6,BC
0338,0.009224493996134578,BC
0339,0.001785712239269284,BC
0340,0.052310915110740625,BC
0341,0.010211573825805344,BC
0342,0.28715594169127323,BC
0343,0.013987738527768198,BC
0344,8.983885631698067,BC
0345,0.03249520383551702,BC
0346,0.07169802100564682,BC
0347,6.08944808218543,BC
0348,0.003575699053995845,BC
0349,0,BC
0350,18.83565221282561,BC
0351,0.17418411162585568,BC
0352,0.08795077720575727,BC
0353,2.365870681032326,BC
0354,0.3128517900866559,BC
0355,0.325400869984559,BC
0356,2.6747699127225744,BC
0357,0,BC
0358,4.226091582012781,BC
0359,0.02485128094255406,BC
0360,0.13972091052737085,BC
0361,0.018811064788617875,BC
0362,0.011381427398798265,BC
0363,0.5840255264852386,BC
0364,7.670703608932707,BC
0365,29.083883464380435,BC
0366,8.33204814870477,BC
0367,0.02327559701888479,BC
0368,0.021497738222287583,BC
0369,3.9275595212446857,BC
0370,17.508488692805113,BC
0371,18.01586685933762,BC
0372,25.616344119074228,BC
0373,0.6384709414699372,BC
0374,0,BC
0375,34.008098955822184,BC
0376,23.018552812812068,BC
0377,0,BC
0378,7.851459694620501,BC
0379,0,BC
0380,0,BC
0381,0,BC
0382,0,BC
0383,0.21084741769984736,BC
0384,0.02109276477670202,BC
0385,0.007929209138691634,BC
0386,0.6341042119251391,BC
0387,6.094369160212422e-4,BC
0388,3.1658327480076645e-4,BC
0389,0.49159800658708797,BC
0390,0,BC
0391,2.9934055891340714,BC
0392,0,BC
0393,11.418441343500854,BC
0394,0,BC
0395,0,BC
0396,0,BC
0397,0,BC
0398,3.123904267907311,BC
0399,0,BC
0400,3.016718031925791e-4,BC
0401,5.389527540455598e-4,BC
0402,0,BC
0403,0.0070530701946581835,BC
0404,0,BC
0405,8.81483824703432e-5,BC
0406,0.007008077225096658,BC
0407,0.0728970096631611,BC
0408,0,BC
0409,0,BC
0410,0.0027361824707994586,BC
0411,0.4014148120325377,BC
0412,0,BC
0413,0,BC
0414,0,BC
0415,0,BC
0416,0,BC
0417,0.002591228022408776,BC
0418,5.9446436543833003e-005,BC
0419,2.773964437331916e-4,BC
0420,3.0570825822342064e-4,BC
0421,1.1505259694516552e-4,BC
0422,0,BC
0423,7.808628380031266e-4,BC
0424,0.0014519756547410252,BC
0425,0.002505774154238253,BC
0426,0,BC
0427,4.884526606438443e-4,BC
0428,1.4707946347123006e-4,BC
0429,0.002502842403746659,BC
0430,3.448561194212139e-4,BC
0431,4.907894195182691e-4,BC
0432,0,BC
0433,0,BC
0434,0,BC
0435,0.03287134001321968,BC
0436,0,BC
0437,0,BC
0438,0,BC
0439,0.00966688053461429,BC
0440,0.013906215502338065,BC
0441,9.782699105111566e-4,BC
0442,0,BC
0443,0.0036521719840382286,BC
0444,1.2111252336186778e-4,BC
0445,0.0032574948530522023,BC
0446,0.0012149934408237936,BC
0447,0.0011734881066702205,BC
0448,1.501936406728447e-4,BC
0449,0.15709536856386636,BC
0450,0,BC
0451,0,BC
0452,0,BC
0453,0,BC
0454,8.185187212322445e-5,BC
0455,0,BC
0456,0.10701201668941696,BC
0457,0.10890535397145049,BC
0458,6.686234854104935,BC
0459,0.01721627732879673,BC
0460,0.031188292158056234,BC
0461,0.2180787962283737,BC
0462,0.1993134236870764,BC
0463,9.611707002927858,BC
0464,0.0018356868147000453,BC
0465,0,BC
0466,0,BC
0467,0,BC
0468,0,BC
0469,0.05484963675695578,BC
0470,16.754802368248804,BC
0471,4.642674596597862,BC
0472,11.255142088841678,BC
0473,0,BC
0474,0,BC
0475,1.332662941007053,BC
0476,163.9623535866201,BC
0477,0.005470456030153373,BC
0478,186.4167296120811,BC
0479,159.84056822062433,BC
0480,0.007717722968562995,BC
0481,0.011121090830252452,BC
0482,0,BC
0483,0.07604726254002125,BC
0484,0,BC
0485,0,BC
0486,0,BC
0487,0.29600044942660875,BC
0488,0,BC
0489,0.0332320935919085,BC
0490,0.05080127151935685,BC
0491,0,BC
0492,0,BC
0493,4.856679869950793e-4,BC
0494,0.09520535121781651,BC
0495,0,BC
0496,0,BC
0497,0,BC
0498,0,BC
0499,0,BC
0500,0,BC
0501,0.001153067194329396,BC
0502,0.14619647381287093,BC
0503,1.4010373699206873,BC
0504,0,BC
0505,0,BC
0506,0,BC
0507,0.06123525494556247,BC
0508,0,BC
0509,0,BC
0510,0.6415638249440426,BC
0511,0,BC
0512,0,BC
0513,0,BC
0514,0,BC
0515,0.046133969866991004,BC
0516,0.016882175470174402,BC
0517,0.024811015302498317,BC
0518,0.001559864122779817,BC
0519,0.1252485943646891,BC
0520,0.008111246555805375,BC
0521,0.04376845188318454,BC
0522,6.201710118875721e-4,BC
0523,0,BC
0524,0,BC
0525,226.1211897840041,BC
0526,0.6798771242025711,BC
0527,1.6680572106149216,BC
0528,0,BC
0529,0,BC
0530,0.9285759913605861,BC
0531,0.39152830021225254,BC
0532,0.10525680178882804,BC
0533,0.07988681738484356,BC
0534,0.008364430874534834,BC
0535,0.14409810393259948,BC
0536,0.07299970346164257,BC
0537,12.667418162050927,BC
0538,31.150257049537547,BC
0539,0,BC
0540,0.030064445870638317,BC
0541,2.3049502482318753,BC
0542,53.64145536539579,BC
0543,1.345210769834316,BC
0544,0.07914589232194205,BC
0545,154.58455232899337,BC
0546,48.4797181886375,BC
0547,5.509681249735333,BC
0548,63.4350637644446,BC
0549,48.65111301425446,BC
0550,62.533810004283545,BC
0551,36.14607247779394,BC
0552,11.875382538890051,BC
0553,0.38949826276497396,BC
0554,0.08205812887441172,BC
0555,16.904003736928946,BC
0556,2.970034024854173,BC
0557,1.613447620167645,BC
0558,9.534668594423852,BC
0559,0.07520176948815348,BC
0560,5.329504289301171,BC
0561,1.1693405515799573,BC
0562,3.3507129177524666,BC
0563,0.11030348345329034,BC
0564,1.759979444455146,BC
0565,131.2357592409279,BC
0566,81.44642171461899,BC
0567,0.6234192438519326,BC
0568,5.518783650701456,BC
0569,4.701846931125087,BC
0570,14.865764394852055,BC
0571,8.5426752888306,BC
0572,1.4819492541261579,BC
0573,1.261490815854911,BC
0574,125.00493532675425,BC
0575,1.3288753670677684,BC
0576,0,BC
0577,0,BC
0578,0.014391587682418449,BC
0579,0.005707364683185812,BC
0580,0.02121930379699485,BC
0581,0.01118171232662996,BC
0582,0.019482957883069314,BC
0583,0.026791494973955894,BC
0584,0.018891341131523992,BC
0585,0.003037079512731585,BC
0586,5.424199221517832e-4,BC
0587,0.09335435462431993,BC
0588,6.874047119015168e-4,BC
0589,0,BC
0590,9.451438777769423e-4,BC
0591,0.06917315585931981,BC
0592,0.005233696478370665,BC
0593,5.275150234044089e-4,BC
0594,0.02721380119054519,BC
0595,0.20593681838951589,BC
0596,0.016634140022564105,BC
0597,0.00300834929882341,BC
0598,3.4381925794216837e-4,BC
0599,0.054758012397754546,BC
0600,0.1550342754771944,BC
0601,0.00216859247684039,BC
0602,0.005669688150318379,BC
0603,0.17381110261482663,BC
0604,0.008307636792012149,BC
0605,0.0643346563303978,BC
0606,0.08458888308574024,BC
0607,0.14904355524187643,BC
0608,0.016640994713072805,BC
0609,0.31195471730046126,BC
0610,0,BC
0611,0.19385401121842716,BC
0612,0.021213635264003133,BC
0613,0.06922809621658373,BC
0614,0.03352891012106243,BC
0615,0.15461544250715908,BC
0616,0.325949784471363,BC
0617,0.004937392914421334,BC
0618,0.017756258018092042,BC
0619,0.04598371169386512,BC
0620,0.039477493021295954,BC
0621,0.07342509656389815,BC
0622,0.03484632866562577,BC
0623,7.950063264405689e-4,BC
0624,0.010737756232969409,BC
0625,0.07838830950336821,BC
0626,0.06209346025322946,BC
0627,0.023986036362237954,BC
0628,0.2325985415402244,BC
0629,0.04966439034261138,BC
0630,0.05533857715677717,BC
0631,0.0420509580490996,BC
0632,0.10153294432539574,BC
0633,0.15542469902248862,BC
0634,0.13043505123950697,BC
0635,0,BC
0636,0.05330375602124343,BC
0637,0,BC
0638,26.52103852371876,BC
0639,0,BC
0640,0.6020354305406049,BC
0641,0,BC
0642,0,BC
0643,0,BC
0644,0.07094135764538076,BC
0645,0.9016337493904004,BC
0646,0.021278272509770282,BC
0647,0.003608261218280833,BC
0648,0.003301903209633555,BC
0649,0.0024299233784697096,BC
0650,0.06791800075391945,BC
0651,0.011553613535767561,BC
0652,0,BC
0653,0,BC
0654,0.00868848702758778,BC
0655,0,BC
0656,0,BC
0657,0.0013460185543472808,BC
0658,0,BC
0659,0,BC
0660,0,BC
0661,0.018244425103651755,BC
0662,0.034369347858656085,BC
0663,0,BC
0664,0,BC
0665,0.020764833894721224,BC
0666,0.0834168889996737,BC
0667,0,BC
0668,4.673263713333636e-4,BC
0669,0.12919404996305905,BC
0670,0.0021414715420838334,BC
0671,0.04609219071230466,BC
0672,3.123787292838875,BC
0673,0.4450030915222734,BC
0674,0,BC
0675,0,BC
0676,0,BC
0677,0.013300242856709285,BC
0678,0.3954887242058216,BC
0679,1.489088691708886,BC
0680,0.016644556262029726,BC
0681,0.6321932735466917,BC
0682,0.2664443533515922,BC
0683,6.014080616885291,BC
0684,1.314132260059965,BC
0685,0.17333954211316538,BC
0686,1.5762083691260145,BC
0687,2.049440491959433,BC
0688,22.320777518532463,BC
0689,16.29880151078193,BC
0690,8.211465371600507,BC
0691,9.43516733364908,BC
0692,29.799398023367456,BC
0693,18.22006060688696,BC
0694,1.1262091991836891,BC
0695,107.48602789700475,BC
0696,1.2716752025770757,BC
0697,131.45888627075442,BC
0698,43.51014994029391,BC
0699,20.706185108197637,BC
0700,82.38537941900572,BC
0701,203.94880591777297,BC
0702,69.76343601095954,BC
0703,2.307425679366361,BC
0704,59.153872211800255,BC
0705,0.4284796262464969,BC
0706,113.74171400232122,BC
0707,179.03843675608755,BC
0708,29.924720440089434,BC
0709,14.400159869490729,BC
0710,26.959984951114425,BC
0711,199.9984410637633,BC
0712,2.7385304747242425,BC
0713,40.08083686802125,BC
0714,239.75130820136187,BC
0715,192.4190167794883,BC
0716,78.76453865644983,BC
0717,28.495941096562888,BC
0718,18.138187863816945,BC
0719,13.171331909148448,BC
0720,253.63755289766561,BC
0721,45.27774207582059,BC
0722,20.00220048956623,BC
0723,26.584045196436364,BC
0724,0.49319530112542714,BC
0725,181.01568621043324,BC
0726,131.9378948909936,BC
0727,125.53438488685865,BC
0728,105.83146782000722,BC
0729,93.19198425555685,BC
0730,222.13207410686005,BC
0731,108.71189858302648,BC
0732,31.650840839800303,BC
0733,19.71424837253359,BC
0734,192.1747841769214,BC
0735,37.4505560731586,BC
0736,75.9366264896013,BC
0737,64.7402682103095,BC
0738,1.76508310211505,BC
0739,0,BC
0740,0,BC
0741,87.09386048996465,BC
0742,123.27242710963357,BC
0743,98.2326097181303,BC
0744,15.804494325258437,BC
0745,33.077740284066046,BC
0746,41.19629490861257,BC
0747,323.0611711076087,BC
0748,113.64311169187893,BC
0749,103.59523676177108,BC
0750,9.176195246082589,BC
0751,113.86712159836134,BC
0752,37.200909837862376,BC
0753,114.95925039113595,BC
0754,95.03014523372582,BC
0755,53.49355098962078,BC
0756,221.83882543030384,BC
0757,1398.5363246678633,BC
0758,54.54385773356485,BC
0759,159.94430162477303,BC
0760,21.442645061229825,BC
0761,128.8692915906853,BC
0762,28.660355519998124,BC
0763,358.09302496582376,BC
0764,412.71366149667415,BC
0765,41.47546003994602,BC
0766,41.04006443876702,BC
0767,98.84208209476638,BC
0768,71.94748964853838,BC
0769,76.81144844619584,BC
0770,172.71859042154935,BC
0771,78.96906432740863,BC
0772,38.43662114002494,BC
0773,89.98437093714928,BC
0774,141.30154301198536,BC
0775,116.3905096769842,BC
0776,50.85549207961681,BC
0777,38.60724596613999,BC
0778,92.27933235681171,BC
0779,20.706476003286255,BC
0780,79.68518614424448,BC
0781,70.99602564303287,BC
0782,0.16527756536648336,BC
0783,0.02559293416891904,BC
0784,0.027643073814037945,BC
0785,0.11472503895211512,BC
0786,0,BC
0787,3.4269498424061093,BC
0788,0.02210224743717951,BC
0789,8.999515472423532,BC
0790,12.125625850432968,BC
0791,51.900252727979485,BC
0792,13.772206793986483,BC
0793,16.782000739226714,BC
0794,10.692143344906023,BC
0795,16.618166550380145,BC
0796,5.433535902532808,BC
0797,0.44768962771950915,BC
0798,4.529228808489773,BC
0799,4.418330026908934,BC
0800,5.615200624215443,BC
0801,115.43701467488921,BC
0802,39.98151012414116,BC
0803,155.50524677212795,BC
0804,215.9627220099122,BC
0805,0.6637466968391147,BC
0806,17.998600117655123,BC
0807,5.196655816492337,BC
0808,8.825888009698376,BC
0809,4.776728059850121,BC
0810,1.6685836640103804,BC
0811,4.1153206907175575,BC
0812,0.34916552303838977,BC
0813,1.7498272410070228,BC
0814,0.6834374655408787,BC
0815,1.7854010882802107,BC
0816,0.03729210836766265,BC
0817,12.212453319919101,BC
0818,10.597633125794664,BC
0819,15.656431540324467,BC
0820,18.34683709471126,BC
0821,0.7845411194667503,BC
0822,0.16154570709720856,BC
0823,0.6848452118895803,BC
0824,3.8945596205689053,BC
0825,5.816601599411867,BC
0826,13.998461925357153,BC
0827,0.4453991404247506,BC
0828,68.58581217934615,BC
0829,86.004304621553,BC
0830,94.97546469017084,BC
0831,269.0723082677893,BC
0832,0.5613868482287427,BC
0833,2.0924346055575844,BC
0834,0.590133291299563,BC
0835,0.2026318822255407,BC
0836,0.036598126666938194,BC
0837,719.7250400098598,BC
0838,142.64213665758248,BC
0839,146.35342982097228,BC
0840,151.32561397908677,BC
0841,6.633511268019477,BC
0842,22.369772390098905,BC
0843,10.50774302207177,BC
0844,35.547309411343505,BC
0845,0.058608218994321636,BC
0846,225.9507257275904,BC
0847,3.380588507646729,BC
0848,1.3124569297694757,BC
0849,137.3689818471397,BC
0850,256.4029643303273,BC
0851,147.06137902386564,BC
0852,270.2578566869736,BC
0853,65.12532396205303,BC
0854,178.04079584301374,BC
0855,3.813465023702593,BC
0856,73.86470352665143,BC
0857,69.07430025091256,BC
0858,38.45039010163905,BC
0859,202.28613149979026,BC
0860,73.89307574728385,BC
0861,2.2220177282513403,BC
0862,1.4921108065424664,BC
0863,29.790152899225053,BC
0864,443.4346559985595,BC
0865,63.4158306914839,BC
0866,212.58534379790981,BC
0867,8.074601804741649,BC
0868,98.49822562014948,BC
0869,111.56681691367186,BC
0870,3.4256244092859887,BC
0871,135.16364670511064,BC
0872,73.6106963695192,BC
0873,15.519758422070812,BC
0874,148.25547404834148,BC
0875,34.04646502328063,BC
0876,216.76061456592282,BC
0877,19.446580621948904,BC
0878,566.4212687850269,BC
0879,190.98557496643852,BC
0880,554.7075702594038,BC
0881,401.2666574709259,BC
0882,268.554279211651,BC
0883,21.12088423888665,BC
0884,112.52689519086765,BC
0885,44.36348896846438,BC
0886,3.432611066148214,BC
0887,149.07848611116614,BC
0888,330.1601028317994,BC
0889,41.53689004209104,BC
0890,521.664890904909,BC
0891,97.13985212941694,BC
0892,177.73412960548123,BC
0893,170.6725732907444,BC
0894,67.10140488500073,BC
0895,28.5204630999594,BC
0896,22.17024502812763,BC
0897,139.34936119774417,BC
0898,186.80891743633646,BC
0899,19.057534428077545,BC
0900,2.9457063710982774,BC
0901,0.6824084409315577,BC
0902,1.8223968470816474,BC
0903,1.5738986587966743,BC
0904,56.6450859295,BC
0905,2.4722663768815925,BC
0906,22.121444020419418,BC
0907,11.412041676525748,BC
0908,13.759278868308451,BC
0909,22.68317297346771,BC
0910,18.7856850027208,BC
0911,7.776894987188942,BC
0912,24.90538198726379,BC
0913,25.08975012466298,BC
0914,6.121684562996173,BC
0915,3.231228552905527,BC
0916,10.677364332788198,BC
0917,70.37433110696584,BC
0918,14.30721685878796,BC
0919,25.021689022560444,BC
0920,1.5081589111091114,BC
0921,24.789917723642137,BC
0922,95.12747396641328,BC
0923,18.779521484343555,BC
0924,13.20812625260138,BC
0925,135.54281473266593,BC
0926,18.78712016304342,BC
0927,81.15109129508889,BC
0928,28.9735237122118,BC
0929,38.14831641456632,BC
0930,8.183109480716572,BC
0931,63.57964635114746,BC
0932,63.549744280718095,BC
0933,1.5305235837220257,BC
0934,0.9739393780460094,BC
0935,1.9074439310680706,BC
0936,0.8279671933163016,BC
0937,2.6835891405675207,BC
0938,0.0479411820089588,BC
0939,81.2029347595058,BC
0940,116.23130572131014,BC
0941,149.6467140140817,BC
0942,0.4250317852011911,BC
0943,1.186785491226573,BC
0944,386.71593144441493,BC
0945,210.8343868499033,BC
0946,57.01448058843218,BC
0947,135.57990978415847,BC
0948,216.61593456831818,BC
0949,55.81512456759751,BC
0950,187.83994660126962,BC
0951,193.43374400110406,BC
0952,205.631560817965,BC
0953,40.45726631004782,BC
0954,227.92946474866713,BC
0955,29.15103354478805,BC
0956,6.560166420321133,BC
0957,290.88263611872685,BC
0958,119.68474914923792,BC
0959,152.30450832534834,BC
0960,69.29461788685444,BC
0961,43.85353903021681,BC
0962,36.62192594643435,BC
0963,56.8008952064749,BC
0964,19.97073592095915,BC
0965,44.545411656228865,BC
0966,86.77710845927554,BC
0967,42.52122746457732,BC
0968,84.15599738308445,BC
0969,44.09373737363754,BC
0970,68.84714439584589,BC
0971,34.546516990873364,BC
0972,136.64611243896772,BC
0973,210.71354089039144,BC
0974,24.818674118905957,BC
0975,33.15693554371686,BC
0976,15.421658667723989,BC
0977,52.62793953683762,BC
0978,6.381938079850655,BC
0979,16.247681916516374,BC
0980,138.9555446684612,BC
0981,104.2517712100749,BC
0982,95.85703124964024,BC
0983,96.97153031913753,BC
0984,229.1393065978408,BC
0985,22.265817267740204,BC
0986,4.203604132935706,BC
0987,13.093549756411496,BC
0988,0.877937185677903,BC
0989,1.4366540029620978,BC
0990,13.650010753978798,BC
0991,35.49003408173894,BC
0992,74.41455590640024,BC
0993,96.93318974100927,BC
0994,68.59831717931671,BC
0995,41.42651995972856,BC
0996,205.86061810498768,BC
0997,297.4922352007695,BC
0998,217.27067088939643,BC
0999,185.3447827110375,BC
1000,57.505921183981755,BC
1001,22.73490710913863,BC
1002,9.319553161821462,BC
1003,160.84303381632324,BC
1004,146.31376032108022,BC
1005,151.89261515248185,BC
1006,41.79842234062576,BC
1007,261.6798692950349,BC
1008,72.2020940466419,BC
1009,82.9719274129218,BC
1010,33.72172486384883,BC
1011,3.799659623114067,BC
1012,556.9055999493634,BC
1013,377.4764013460806,BC
1014,366.45554706226284,BC
1015,84.1857510464576,BC
1016,307.3235773008439,BC
1017,827.2426309879658,BC
1018,795.9204640071047,BC
1019,247.8858231671513,BC
1020,118.75400703816834,BC
1021,531.7667906441714,BC
1022,451.39146717261804,BC
1023,538.2458168473547,BC
1024,188.79482415604676,BC
1025,262.09514736577677,BC
1026,1158.5690000305892,BC
1027,1137.1563893182445,BC
1028,185.73227662134425,BC
1029,295.0430915978737,BC
1030,215.07046271102325,BC
1031,122.33932974755612,BC
1032,142.84725015562057,BC
1033,69.61168424370963,BC
1034,78.41069484089942,BC
1035,319.23253603256495,BC
1036,31.67609969685016,BC
1037,464.79878412361796,BC
1038,678.9799329457662,BC
1039,102.73487642256369,BC
1040,321.0233992873308,BC
1041,130.8303520017775,BC
1042,215.18696900752013,BC
1043,194.7841087980439,BC
1044,48.40093028536254,BC
1045,56.72110097227553,BC
1046,40.33976126462412,BC
1047,28.092904905729892,BC
1048,60.02682453005281,BC
1049,597.7338186993344,BC
1050,184.30587445234332,BC
1051,96.8869653486235,BC
1052,261.85747840205414,BC
1053,315.23329521283523,BC
1054,0.19494594460711537,BC
1055,0.6048147538383893,BC
1056,0.39520226867845404,BC
1057,11.97976858888631,BC
1058,26.271496624813953,BC
1059,60.21233031367126,BC
1060,74.93705177864175,BC
1061,323.24674809448715,BC
1062,374.98091623122775,BC
1063,200.31354894804818,BC
1064,0.3038120059063283,BC
1065,140.93029270739805,BC
1066,286.36115122866556,BC
1067,98.7215526948352,BC
1068,183.32000280764538,BC
1069,180.12486110134077,BC
1070,201.42998385162036,BC
1071,316.1539824588,BC
1072,832.4769337854939,BC
1073,124.0797099302647,BC
1074,293.05468202535013,BC
1075,135.8924000801132,BC
1076,93.30735318559411,BC
1077,11.971301494314725,BC
1078,89.95672343516289,BC
1079,32.83668158419457,BC
1080,4.42050164864108,BC
1081,59.950564177607426,BC
1082,40.053107198698534,BC
1083,224.14031409770502,BC
1084,240.49746481318482,BC
1085,188.50436343136246,BC
1086,417.99663124822933,BC
1087,226.3273987081282,BC
1088,0.23788900360851767,BC
1089,87.43420392417086,BC
1090,246.9811556128468,BC
1091,554.3340871041744,BC
1092,100.47934146950281,BC
1093,39.64204328064021,BC
1094,67.73426032657292,BC
1095,9.144768183876725,BC
1096,92.94272544300742,BC
1097,297.12125605191454,BC
1098,301.49038809415197,BC
1099,337.1837677139671,BC
1100,87.15136913174409,BC
1101,84.64517104187662,BC
1102,291.75042086186846,BC
1103,53.20477373088637,BC
1104,75.72334024715107,BC
1105,53.83287116494885,BC
1106,29.39065953749813,BC
1107,197.40221173503437,BC
1108,253.99314808987378,BC
1109,286.53740903734473,BC
1110,227.67626658713957,BC
1111,512.9019826191648,BC
1112,327.31910999482847,BC
1113,58.377321194176616,BC
1114,249.03518024050692,BC
1115,107.09471336184123,BC
1116,826.4088401520472,BC
1117,678.3582661170553,BC
1118,860.395563083848,BC
1119,150.63589219101493,BC
1120,328.22271197021223,BC
1121,115.87210240430097,BC
1122,145.08791084463763,BC
1123,97.70434730756422,BC
1124,9.018458258647035,BC
1125,28.619084876445477,BC
1126,54.53725333974464,BC
1127,75.95110714611269,BC
1128,206.64063244001932,BC
1129,636.3872740605484,BC
1130,244.8442818718144,BC
1131,422.74468241805874,BC
1132,151.90529606103243,BC
1133,167.5462701040554,BC
1134,18.635907457962006,BC
1135,643.5100293916845,BC
1136,203.74353048776655,BC
1137,679.5256983744362,BC
1138,310.1348444931383,BC
1139,971.4344157630076,BC
1140,66.93647866729455,BC
1141,631.4405586311038,BC
1142,177.99570789926773,BC
1143,202.66034003488465,BC
1144,628.8734067298578,BC
1145,585.5392117711925,BC
1146,573.8529509734873,BC
1147,249.65617779210328,BC
1148,400.94810015315096,BC
1149,121.33913313615892,BC
1150,170.96147408331288,BC
1151,27.171280444787207,BC
1152,57.82232732875708,BC
1153,129.09070022320572,BC
1154,238.9616508027658,BC
1155,500.5662990843994,BC
1156,75.9767396674905,BC
1157,291.85947055003487,BC
1158,890.9396400850616,BC
1159,543.6960402064606,BC
1160,198.03654261232032,BC
1161,17.202643697665692,BC
1162,4.54513780760322,BC
1163,3.712499430999016,BC
1164,34.35110770513285,BC
1165,19.021010340647702,BC
1166,69.72802687781366,BC
1167,19.52538243123712,BC
1168,0.9304556137639208,BC
1169,191.7950532956001,BC
1170,85.34161746118683,BC
1171,39.28797131007138,BC
1172,6.457841650369647e-4,BC
1173,0.03828462691464559,BC
1174,0.9044793892653819,BC
1175,0.4327024268891398,BC
1176,0,BC
1177,0,BC
1178,0,BC
1179,0,BC
1180,0.07387084325944,BC
1181,0.0904238739001143,BC
1182,0,BC
1183,0,BC
1184,0,BC
1185,0,BC
1186,0.059425464670459546,BC
1187,0.005457292904889547,BC
1188,0,BC
1189,0.001340055541717492,BC
1190,0.7201665900194287,BC
1191,348.7082715511946,BC
1192,149.75283048727354,BC
1193,120.10609775232227,BC
1194,37.44711736155966,BC
1195,0.15825891708812684,BC
1196,4.7289518810719144,BC
1197,0.00214153827986537,BC
1198,3.881907340426389e-4,BC
1199,5.046901718173115e-4,BC
1200,0.004533549327814012,BC
1201,3.608490026565087e-4,BC
1202,0.003495568677039525,BC
1203,0.03202280843576771,BC
1204,1.219441735679095,BC
1205,0.031223278862811107,BC
1206,0.0031885705410657677,BC
1207,0.5959603976624306,BC
1208,2.177350196146188,BC
1209,0.018152594262468368,BC
1210,0,BC
1211,12.899595812419877,BC
1212,0,BC
1213,0.0535498849692739,BC
1214,0,BC
1215,0.002959356555864902,BC
1216,0.14712691180154597,BC
1217,0.0010645760415210557,BC
1218,7.551683229764495,BC
1219,0.07403606022348637,BC
1220,0.025217661291598498,BC
1221,0.0013058566008556547,BC
1222,0.006864513654623412,BC
1223,1.2316903794491125e-4,BC
1224,0.003066637963794963,BC
1225,0.8990488719412122,BC
1226,4.7939882139509695,BC
1227,13.696196573739757,BC
1228,42.15620655534716,BC
1229,10.114347237115785,BC
1230,22.876488104409084,BC
1231,0,BC
1232,0,BC
1233,0,BC
1234,0,BC
1235,0.9613937813070464,BC
1236,0,BC
1237,0.002296969657248141,BC
1238,0,BC
1239,0.00193444192848114,BC
1240,9.014710302000828e-4,BC
1241,0,BC
1242,0.1878421813078564,BC
1243,0,BC
1244,0,BC
1245,0.11186454054230385,BC
1246,0,BC
1247,0,BC
1248,0,BC
1249,0,BC
1250,0,BC
1251,0,BC
1252,2.090216664740568,BC
1253,1.5599646098899507,BC
1254,18.92582611870487,BC
1255,0.40958474041663345,BC
1256,0,BC
1257,0.6813102796304676,BC
1258,12.01826083622144,BC
1259,0.004770225877446914,BC
1260,0,BC
1261,0.028917260267114983,BC
1262,0.5864533708487873,BC
1263,14.823748148996229,BC
1264,0.42522833895085715,BC
1265,0.9201372500841848,BC
1266,7.65551503067054,BC
1267,57.87323616349974,BC
1268,0.6728672282268342,BC
1269,397.7285139188688,BC
1270,24.53971392489784,BC
1271,80.46218045154728,BC
1272,65.31227898589574,BC
1273,13.175052153949157,BC
1274,31.690827990532632,BC
1275,103.2760177442632,BC
1276,4.404982102532609,BC
1277,15.794647011492689,BC
1278,1.7103728289692768,BC
1279,37.846206668161855,BC
1280,55.86715292294075,BC
1281,143.24801615516824,BC
1282,3.1511702278889895,BC
1283,4.4543403376546555,BC
1284,11.780714656625326,BC
1285,20.444072149955012,BC
1286,0.7004157019546201,BC
1287,25.644487567822072,BC
1288,25.5983847957024,BC
1289,1.6430451847853176,BC
1290,5.382698101883894,BC
1291,7.659082921537098,BC
1292,17.287219628623138,BC
1293,12.730786278685535,BC
1294,64.13900349323909,BC
1295,34.8860299244109,BC
1296,14.252353703779105,BC
1297,27.466888898325234,BC
1298,5.557365819900765,BC
1299,6.496308440147285,BC
1300,13.20717459515494,BC
1301,3.8218835343152855,BC
1302,16.29588701155321,BC
1303,9.328629436187226,BC
1304,23.07448076872075,BC
1305,3.655519784782562,BC
1306,23.11713540303745,BC
1307,11.194128474118491,BC
1308,7.555049883818544,BC
1309,4.716959581644864,BC
1310,2.5151845323197493,BC
1311,1.7743922640085605,BC
1312,15.585860129866413,BC
1313,5.137825008909142,BC
1314,23.844981524399437,BC
1315,16.68742940941359,BC
1316,1.7469671895949401,BC
1317,13.218351565039061,BC
1318,26.367223097356653,BC
1319,43.700871610265224,BC
1320,52.54394276765451,BC
1321,0.4838169636008282,BC
1322,50.84913833402995,BC
1323,40.17978162083458,BC
1324,5.2609245089558625,BC
1325,5.7998975004955815,BC
1326,8.550143972987852,BC
1327,7.456941943189014,BC
1328,13.583542237135479,BC
1329,25.41364505909143,BC
1330,15.158079102464628,BC
1331,15.915861872448389,BC
1332,21.122419598911144,BC
1333,11.617523343174016,BC
1334,17.770562565201086,BC
1335,18.580840288160935,BC
1336,13.983431189585396,BC
1337,73.90912140194797,BC
1338,61.42248252654385,BC
1339,39.721342517544194,BC
1340,56.5102878435908,BC
1341,23.330201452286623,BC
1342,16.47288772305637,BC
1343,78.189901303738,BC
1344,66.35189599520659,BC
1345,49.61075521886623,BC
1346,45.67505167802168,BC
1347,21.61186513809375,BC
1348,11.201704098343953,BC
1349,15.187959361211474,BC
1350,71.40572053781102,BC
1351,58.890404022175815,BC
1352,132.26047407445654,BC
1353,29.038121066853684,BC
1354,58.39169647215011,BC
1355,27.242206258032457,BC
1356,117.43409756299202,BC
1357,4.104875566333166,BC
1358,40.84541186104545,BC
1359,40.42971175677728,BC
1360,15.691930177598874,BC
1361,33.818902718276476,BC
1362,21.862647594964884,BC
1363,15.076736923250092,BC
1364,9.372347587784262,BC
1365,6.542966812058025,BC
1366,16.97761843251043,BC
1367,17.97917898474198,BC
1368,0.9801512208549695,BC
1369,7.444196617748491,BC
1370,10.993697059591954,BC
1371,8.177425800710033,BC
1372,50.713291467138426,BC
1373,43.03934250637588,BC
1374,62.57219858430594,BC
1375,156.45426348625568,BC
1376,0.7905224679268932,BC
1377,35.273781091164444,BC
1378,116.59850027462991,BC
1379,3.5737373079018595,BC
1380,24.176188722810632,BC
1381,24.523882718197175,BC
1382,9.855343991289837,BC
1383,14.823013437686052,BC
1384,34.48112891376522,BC
1385,0.6612696656707965,BC
1386,4.167105852530504,BC
1387,23.245886501098198,BC
1388,78.05197627934174,BC
1389,39.23302528269962,BC
1390,18.106998133256415,BC
1391,34.30585574865961,BC
1392,33.86200187453145,BC
1393,60.632481089876535,BC
1394,1.9909338807394619,BC
1395,39.271699462493636,BC
1396,0.827685728221866,BC
1397,27.165720155802223,BC
1398,2.3850494960816255,BC
1399,172.0290164595662,BC
1400,103.77261612794275,BC
1401,230.03815974928622,BC
1402,119.85274057871631,BC
1403,14.20397036133447,BC
1404,18.32802432664949,BC
1405,32.46326150660037,BC
1406,24.89886543364048,BC
1407,68.00611349163323,BC
1408,46.78582877271931,BC
1409,139.20952675429282,BC
1410,53.73201815414254,BC
1411,5.29670164127096,BC
1412,302.8683688594543,BC
1413,73.3434141507503,BC
1414,133.59562921053055,BC
1415,308.4559907915287,BC
1416,0.4690473473134208,BC
1417,7.765627724901503e-4,BC
1418,0.5208863103376022,BC
1419,19.745695660941774,BC
1420,0.34408869247093615,BC
1421,0.007629956671856705,BC
1422,0.2773382311195641,BC
1423,10.538418331419637,BC
1424,1.069600171463928,BC
1425,0.23194494616587963,BC
1426,1.353625477959086,BC
1427,13.139355228521257,BC
1428,6.228919986287671,BC
1429,13.225069368510246,BC
1430,1.064644678067603,BC
1431,0.5467387857283179,BC
1432,29.105212757721965,BC
1433,5.753485733683163,BC
1434,1.5932615773191603,BC
1435,6.639817314002544,BC
1436,20.737820524689425,BC
1437,14.413801519105984,BC
1438,1.687211609652061,BC
1439,1.7669449899260001,BC
1440,2.7243667247975147,BC
1441,0.9185358653323301,BC
1442,6.139939789088994,BC
1443,19.797204220624522,BC
1444,71.33960499858685,BC
1445,38.016592241673564,BC
1446,34.1879948271473,BC
1447,40.175576165280106,BC
1448,6.9413608906565285,BC
1449,15.08643341637286,BC
1450,14.84909575911463,BC
1451,40.1070924126052,BC
1452,18.662004843599792,BC
1453,12.016493556566518,BC
1454,1.9773980303469156,BC
1455,7.070219756222582,BC
1456,8.488101345749994,BC
1457,15.649639390946382,BC
1458,11.69041860714923,BC
1459,26.002053376841786,BC
1460,90.74581655155562,BC
1461,96.62034514325617,BC
1462,0.19392691323770406,BC
1463,164.42952694574112,BC
1464,39.384805645615415,BC
1465,1.4723026975231701,BC
1466,49.69882833475601,BC
1467,89.99383350561766,BC
1468,18.888461885584103,BC
1469,10.434963325330935,BC
1470,37.93812491910453,BC
1471,38.76751763153264,BC
1472,30.897567938891378,BC
1473,18.93569925126713,BC
1474,58.01062150651154,BC
1475,13.110048441728493,BC
1476,56.191037017371826,BC
1477,116.47632567322538,BC
1478,86.1724896044134,BC
1479,694.2611096749516,BC
1480,87.3336253664247,BC
1481,58.27841253762612,BC
1482,900.834039283372,BC
1483,0.8053435807406615,BC
1484,15.584537881900708,BC
1485,13.409948019625574,BC
1486,1.1688116741569972,BC
1487,2.984964236075726,BC
1488,1.013244816609073,BC
1489,0.8501347316593881,BC
1490,1.81958353328417,BC
1491,1.38183756249914,BC
1492,2.902656658964581,BC
1493,19.169848740319186,BC
1494,9.760137713356615,BC
1495,7.500380996515547,BC
1496,1.0557715757082569,BC
1497,0.9057479510757874,BC
1498,3.1371159370338644,BC
1499,2.6467819901690817,BC
1500,0.8243940385847589,BC
1501,0.145702807114877,BC
1502,0.11565676777226995,BC
1503,0.13684843145210088,BC
1504,0.04722267253981578,BC
1505,0.012029488939334913,BC
1506,0.028697077901118515,BC
1507,0.16628074858428096,BC
1508,1.902019245598317,BC
1509,0.29714798164979905,BC
1510,1.0400409385315457,BC
1511,1.0589101296846906,BC
1512,10.367044980735036,BC
1513,5.058470040835533,BC
1514,8.309572329328265,BC
1515,2.3172397543218284,BC
1516,0.33237385518487844,BC
1517,1.177727730623633,BC
1518,0.5252608557281855,BC
1519,9.600688607844802,BC
1520,3.3415329167129655,BC
1521,3.893542848818286,BC
1522,0.8632984841478177,BC
1523,0.03696642171367395,BC
1524,1.2358225962102203,BC
1525,1.2282347351139211,BC
1526,0.45945976575881103,BC
1527,0.09525155178429465,BC
1528,1.7073319666016544,BC
1529,1.970146476059854,BC
1530,3.029716129848886,BC
1531,0.5671261083518649,BC
1532,2.5467017988945653,BC
1533,0.40863155576928506,BC
1534,2.2331523205187884,BC
1535,2.5046068281303557,BC
1536,9.219042555960838,BC
1537,2.608858182794434,BC
1538,5.362799845925386,BC
1539,17.48452676002152,BC
1540,6.5504103032576975,BC
1541,205.58280246648695,BC
1542,44.58982911319893,BC
1543,231.77553798782128,BC
1544,41.609956145259716,BC
1545,11.023833282107688,BC
1546,1526.2070914493013,BC
1547,716.8835296164078,BC
1548,884.8488519469323,BC
1549,1995.4332498477966,BC
1550,43.479415241296884,BC
1551,126.24045741774303,BC
1552,902.8283169654944,BC
1553,1458.232975608622,BC
1554,505.92664893830613,BC
1555,79.07707971823449,BC
1556,133.5932575192045,BC
1557,21.36990780750724,BC
1558,104.87477929764977,BC
1559,7.55099616881504,BC
1560,25.006140722257665,BC
1561,14.18256090077331,BC
1562,4.427190668422696,BC
1563,16.770751154576125,BC
1564,25.200045413282613,BC
1565,43.67744558071893,BC
1566,1391.5092004499538,BC
1567,163.85909250503158,BC
1568,161.9647550166024,BC
1569,1167.9969934290245,BC
1570,35.76432671235262,BC
1571,27.27184204577161,BC
1572,57.19466922871802,BC
1573,23.3203265480969,BC
1574,11.111335348466756,BC
1575,0.8509009014011213,BC
1576,65.93443814975637,BC
1577,7.267981130475384,BC
1578,34.59735489133734,BC
1579,130.759257887351,BC
1580,14.399655683365454,BC
1581,42.08876014072401,BC
1582,15.29629428994171,BC
1583,8.457878704755927,BC
1584,16.850207912426313,BC
1585,7.801586470764172,BC
1586,123.17960568181645,BC
1587,614.989872957113,BC
1588,24.540096053589313,BC
1589,382.4789359879322,BC
1590,932.0409157674665,BC
1591,20.834888540696408,BC
1592,18.643604320896184,BC
1593,254.493462806038,BC
1594,745.9405609281648,BC
1595,543.7794138088007,BC
1596,107.56642626630399,BC
1597,1159.5407576466725,BC
1598,775.4915925970445,BC
1599,952.877494137677,BC
1600,1157.012275023841,BC
1601,789.9240792600934,BC
1602,257.1134526466345,BC
1603,102.7963635428891,BC
1604,445.49459857687486,BC
1605,497.81826523660243,BC
1606,189.1479577628197,BC
1607,125.4495486067411,BC
1608,78.03521296226161,BC
1609,773.838688824218,BC
1610,25.842747203352566,BC
1611,258.99625303307687,BC
1612,287.41262126102356,BC
1613,0.6844116762717961,BC
1614,0.5053006606694987,BC
1615,1.1878082726354153,BC
1616,1.1076177785843002,BC
1617,0.5401402585517154,BC
1618,0.46440517891188043,BC
1619,0.5194791576291549,BC
1620,1000.1094339735756,BC
1621,458.77403701600946,BC
1622,463.35082129599954,BC
1623,1086.2205138933398,BC
1624,302.60648076980914,BC
1625,280.87074306448244,BC
1626,2114.162609579053,BC
1627,1577.4209563756544,BC
1628,811.1618611902895,BC
1629,331.4882453576134,BC
1630,321.8473184668596,BC
1631,288.008731588614,BC
1632,950.4747025246709,BC
1633,1571.1922595644571,BC
1634,3116.75850895187,BC
1635,2973.747624152584,BC
1636,2344.862782634854,BC
1637,400.42992265074514,BC
1638,1246.7908633859665,BC
1639,2102.345122295464,BC
1640,1559.4147867132094,BC
1641,385.2511155044229,BC
1642,391.792952060209,BC
1643,1016.9329347511169,BC
1644,839.0168010379732,BC
1645,221.81543995253486,BC
1646,912.3200362880725,BC
1647,642.088594898548,BC
1648,794.5405943261211,BC
1649,240.23938447590004,BC
1650,404.8664786043978,BC
1651,707.9072376541159,BC
1652,944.2249832062682,BC
1653,1066.508346205698,BC
1654,995.4533028138954,BC
1655,47.16811841999784,BC
1656,5.430665532673762,BC
1657,21.59530756249856,BC
1658,51.554917871910426,BC
1659,1415.5124618344885,BC
1660,45.80729368105582,BC
1661,42.08953867665417,BC
1662,42.98678960392805,BC
1663,752.8892001014287,BC
1664,3.7521515141353143,BC
1665,93.12755576277037,BC
1666,47.05954583224841,BC
1667,29.65691432717759,BC
1668,25.80817367577578,BC
1669,14.401053622758685,BC
1670,19.903391918679105,BC
1671,132.6029975480588,BC
1672,94.53535619192188,BC
1673,30.522626653598877,BC
1674,95.01616690997865,BC
1675,359.67185040314723,BC
1676,278.6171199468037,BC
1677,707.457575399418,BC
1678,864.4665066153841,BC
1679,565.4135590629343,BC
1680,1531.9431909419409,BC
1681,314.0213781159031,BC
1682,157.13828663930266,BC
1683,62.00595203460899,BC
1684,108.67771010311569,BC
1685,151.53472368362824,BC
1686,331.90255110792305,BC
1687,873.1397306607067,BC
1688,271.9083170791131,BC
1689,771.5370741664506,BC
1690,746.2614734987355,BC
1691,4.145579873937706,BC
1692,0.23831956090820317,BC
1693,0.1507433664297092,BC
1694,1.539676932263381,BC
1695,7.057978438608292,BC
1696,0.9845040340949585,BC
1697,180.12417579795496,BC
1698,78.26918122999443,BC
1699,0.9791110919294947,BC
1700,27.768518428519823,BC
1701,30.733144555769986,BC
1702,4.851413336278433,BC
1703,143.83527651299943,BC
1704,166.3013103294759,BC
1705,0.11334781630027178,BC
1706,65.29308069323169,BC
1707,0.292025700544352,BC
1708,82.8185053897869,BC
1709,59.69574822774484,BC
1710,150.5104086752869,BC
1711,156.54143788877755,BC
1712,29.604471010201276,BC
1713,0.05107977169564694,BC
1714,12.278926687949152,BC
1715,47.83297122088562,BC
1716,47.968465669324615,BC
1717,44.7405719645633,BC
1718,13.05485388337344,BC
1719,32.35862186978389,BC
1720,0.6958800104226135,BC
1721,14.740593153848211,BC
1722,29.143220958237936,BC
1723,5.23514160228681,BC
1724,0.24895360968079594,BC
1725,34.53489209516923,BC
1726,7.65773645903145,BC
1727,97.79796774898442,BC
1728,1.240655779962115,BC
1729,8.902315548938041,BC
1730,707.314241229509,BC
1731,4.903258585965709,BC
1732,210.62245503507685,BC
1733,0.06185771301889135,BC
1734,0.6218171858784065,BC
1735,336.1433326440198,BC
1736,50.22289888245588,BC
1737,1.8051653198304554,BC
1738,83.63366843145467,BC
1739,204.6620807802794,BC
1740,3.045856457032404,BC
1741,88.30841626279766,BC
1742,0.05211387686067241,BC
1743,0.7391175939752889,BC
1744,11.249638363920367,BC
1745,0.8800397413983697,BC
1746,20.94127116730119,BC
1747,11.908829710005255,BC
1748,1.9758764067646983,BC
1749,92.57281695612048,BC
1750,79.15674950206764,BC
1751,171.23609087784627,BC
1752,1.2240531579099563,BC
1753,139.35326186803903,BC
1754,11.474090062515824,BC
1755,26.223382062792027,BC
1756,67.76134972317145,BC
1757,0.11129531865067603,BC
1758,1.5927863982644745,BC
1759,0,BC
1760,18.765545433295504,BC
1761,2.0903232999643553,BC
1762,0.006988548309006238,BC
1763,169.88381899816272,BC
1764,44.19315161531678,BC
1765,1.441251536719112,BC
1766,31.127743560139237,BC
1767,51.40246728241856,BC
1768,67.3515098932626,BC
1769,24.847748780852463,BC
1770,0.02634810609777585,BC
1771,4.931257098819104,BC
1772,128.52388292821638,BC
1773,0.3669270744955396,BC
1774,52.49828237499399,BC
1775,0.890037399826763,BC
1776,1.4859517380625256,BC
1777,2.386637163149977,BC
1778,28.512191873355718,BC
1779,0.9089853678567489,BC
1780,0.0331057472184682,BC
1781,29.771731599142367,BC
