GEOID17,observations,network,species
01073,3.6267949166666664,AQS,SO2
01097,0.679569,AQS,SO2
01117,0.7802585,AQS,SO2
02090,6.8957454,AQS,SO2
04007,9.4993898,AQS,SO2
04013,1.3610984166666666,AQS,SO2
04019,0.135219,AQS,SO2
05119,0.8053177499999999,AQS,SO2
06001,0.7990945,AQS,SO2
06013,1.3030491666666666,AQS,SO2
06019,0.80136275,AQS,SO2
06023,-0.0542403,AQS,SO2
06025,0.978205,AQS,SO2
06027,0.0646192,AQS,SO2
06037,0.8794686666666667,AQS,SO2
06059,0.1595312,AQS,SO2
06065,0.3549558,AQS,SO2
06067,2.0194992,AQS,SO2
06071,0.7528143076923077,AQS,SO2
06073,0.1409916,AQS,SO2
06079,0.0020804,AQS,SO2
06083,0.11484091666666667,AQS,SO2
06085,0.30978675,AQS,SO2
06095,0.95143325,AQS,SO2
08001,1.41114125,AQS,SO2
08007,0.76844875,AQS,SO2
08031,1.253092125,AQS,SO2
08041,1.63123475,AQS,SO2
09001,0.3831158,AQS,SO2
09003,0.3462298,AQS,SO2
09005,0.16874519999999998,AQS,SO2
09009,0.3668208,AQS,SO2
10003,0.4249814375,AQS,SO2
10005,0.15879575,AQS,SO2
11001,1.0869852,AQS,SO2
12011,0.4988599,AQS,SO2
12017,2.1245952,AQS,SO2
12031,0.78057025,AQS,SO2
12033,0.8472604,AQS,SO2
12047,0.7064384,AQS,SO2
12057,1.03551584,AQS,SO2
12081,1.7391118,AQS,SO2
12086,0.387347,AQS,SO2
12089,2.3962476,AQS,SO2
12095,0.1816118,AQS,SO2
12103,0.3311051,AQS,SO2
12105,1.1838594,AQS,SO2
12107,1.7437428000000001,AQS,SO2
12129,0.2461184,AQS,SO2
13021,0.647742,AQS,SO2
13051,2.12466,AQS,SO2
13089,0.23729024999999998,AQS,SO2
13115,1.3424475,AQS,SO2
13121,1.3907275000000001,AQS,SO2
13245,1.5823685,AQS,SO2
15001,19.448755494382024,AQS,SO2
15003,1.0146505,AQS,SO2
15007,0.502149,AQS,SO2
16001,0.3945482,AQS,SO2
16005,5.584769,AQS,SO2
16029,2.3847058,AQS,SO2
17019,0.9573394000000001,AQS,SO2
17031,1.1735455,AQS,SO2
17099,1.44129025,AQS,SO2
17115,4.3017580625,AQS,SO2
17117,0.3621595,AQS,SO2
17119,1.031905,AQS,SO2
17133,1.38993075,AQS,SO2
17143,1.34689375,AQS,SO2
17163,1.5158542499999998,AQS,SO2
17185,1.82450725,AQS,SO2
18027,3.1642525,AQS,SO2
18043,1.29169175,AQS,SO2
18051,2.79917375,AQS,SO2
18089,1.139070625,AQS,SO2
18097,0.3676265,AQS,SO2
18109,2.3305522499999998,AQS,SO2
18125,1.415229,AQS,SO2
18127,1.9519576250000001,AQS,SO2
18163,1.5746897499999999,AQS,SO2
18167,0.602189125,AQS,SO2
19045,1.16867625,AQS,SO2
19113,1.4001245,AQS,SO2
19139,1.2133566666666666,AQS,SO2
19153,0.096573,AQS,SO2
19163,0.5111325,AQS,SO2
19177,0.20812675,AQS,SO2
19193,0.332905,AQS,SO2
20133,1.37894,AQS,SO2
20191,1.3029606,AQS,SO2
20195,0.7216272,AQS,SO2
20209,0.8065464,AQS,SO2
21019,0.11934375,AQS,SO2
21037,0.53985775,AQS,SO2
21059,1.754152,AQS,SO2
21061,0.2073552,AQS,SO2
21067,0.2147105,AQS,SO2
21089,1.24185475,AQS,SO2
21101,3.055878,AQS,SO2
21111,1.14424525,AQS,SO2
21113,0.2145755,AQS,SO2
21145,0.86655875,AQS,SO2
22015,0.8534646,AQS,SO2
22019,1.0324817,AQS,SO2
22033,0.8609762,AQS,SO2
22087,2.5514507,AQS,SO2
22089,2.213028,AQS,SO2
22093,1.0439916,AQS,SO2
22121,2.1130377,AQS,SO2
23003,0.15389375,AQS,SO2
23005,2.5881257499999997,AQS,SO2
23009,0.05985,AQS,SO2
23011,0.7476802499999999,AQS,SO2
24001,5.3592889,AQS,SO2
24005,0.719566,AQS,SO2
24019,0.3530096,AQS,SO2
24023,0.5776266,AQS,SO2
24033,0.3578396,AQS,SO2
25005,0.823467,AQS,SO2
25013,0.7325240000000001,AQS,SO2
25015,0.666041,AQS,SO2
25025,0.630468375,AQS,SO2
25027,0.9580035,AQS,SO2
26065,0.97146,AQS,SO2
26081,0.504651,AQS,SO2
26115,0.8252346,AQS,SO2
26139,0.8723926000000001,AQS,SO2
26147,2.272133,AQS,SO2
26163,2.177484,AQS,SO2
27003,0.6542246,AQS,SO2
27037,1.154329,AQS,SO2
27053,1.5048827500000002,AQS,SO2
27163,1.0610425000000001,AQS,SO2
28049,0.69973125,AQS,SO2
28059,0.39951775,AQS,SO2
29071,0.906669375,AQS,SO2
29093,3.3718675625,AQS,SO2
29095,1.699938,AQS,SO2
29099,1.1898635,AQS,SO2
29137,0.6362935000000001,AQS,SO2
29143,1.18201975,AQS,SO2
29183,1.122247,AQS,SO2
29189,1.05431475,AQS,SO2
29510,1.7603885,AQS,SO2
30049,0.262666,AQS,SO2
30083,1.7640345,AQS,SO2
30087,0.9172551666666666,AQS,SO2
30111,2.99090725,AQS,SO2
31055,1.6440192307692307,AQS,SO2
31109,1.34803625,AQS,SO2
32003,1.018497,AQS,SO2
32031,0.4439036,AQS,SO2
33011,1.038211,AQS,SO2
33013,0.8323771999999999,AQS,SO2
33015,0.9881684000000001,AQS,SO2
34001,0.1835558,AQS,SO2
34007,0.1603042,AQS,SO2
34013,0.3011476,AQS,SO2
34017,0.3131298,AQS,SO2
34027,0.1333824,AQS,SO2
34039,0.2380473,AQS,SO2
34041,0.3919152,AQS,SO2
35001,0.5324382,AQS,SO2
35045,0.4973492857142857,AQS,SO2
36001,0.2794342,AQS,SO2
36005,0.7042305,AQS,SO2
36013,0.243956,AQS,SO2
36027,0.1866906,AQS,SO2
36029,0.5018911,AQS,SO2
36031,0.2100404,AQS,SO2
36033,0.8243721111111111,AQS,SO2
36041,0.0517628,AQS,SO2
36043,0.182831,AQS,SO2
36055,0.86132,AQS,SO2
36059,0.3278548,AQS,SO2
36067,0.398088,AQS,SO2
36079,0.2557588,AQS,SO2
36081,0.6714302,AQS,SO2
36089,5.623414625,AQS,SO2
36099,0.1999995,AQS,SO2
36101,0.1772448,AQS,SO2
36103,0.21921279999999999,AQS,SO2
36109,0.62813825,AQS,SO2
37013,0.7629376666666667,AQS,SO2
37019,3.440248,AQS,SO2
37021,1.0868387499999999,AQS,SO2
37027,-0.21313680000000002,AQS,SO2
37063,0.09415716666666667,AQS,SO2
37067,0.18318020000000002,AQS,SO2
37087,11.724749249999999,AQS,SO2
37105,0.1323735,AQS,SO2
37117,0.3153106666666667,AQS,SO2
37119,0.35612659999999996,AQS,SO2
37129,-0.16888616666666667,AQS,SO2
37145,1.5273299999999999,AQS,SO2
37157,0.642436,AQS,SO2
37183,0.20555416666666668,AQS,SO2
38007,1.11117375,AQS,SO2
38013,1.49312525,AQS,SO2
38015,0.94433425,AQS,SO2
38017,0.426973,AQS,SO2
38025,0.613733,AQS,SO2
38053,0.6153871666666667,AQS,SO2
38057,1.997951,AQS,SO2
38065,1.7316845,AQS,SO2
38093,1.1325515,AQS,SO2
38101,0.5801125,AQS,SO2
38105,1.6744774166666667,AQS,SO2
39001,1.0699055,AQS,SO2
39003,0.07648825000000001,AQS,SO2
39007,0.6536115,AQS,SO2
39013,0.14674625,AQS,SO2
39017,1.37617205,AQS,SO2
39023,0.2297205,AQS,SO2
39029,0.91863875,AQS,SO2
39035,1.3478813,AQS,SO2
39049,0.1041325,AQS,SO2
39053,2.1238530833333336,AQS,SO2
39061,1.221026875,AQS,SO2
39081,1.5221235,AQS,SO2
39085,0.558063,AQS,SO2
39087,0.31380875,AQS,SO2
39095,0.68686875,AQS,SO2
39099,0.222512,AQS,SO2
39115,0.972831,AQS,SO2
39135,0.4474235,AQS,SO2
39145,1.276369,AQS,SO2
39153,0.18323,AQS,SO2
40001,0.6254734,AQS,SO2
40047,1.5484048000000001,AQS,SO2
40071,2.0056964,AQS,SO2
40097,2.012804,AQS,SO2
40101,2.7329634,AQS,SO2
40109,0.08687800000000001,AQS,SO2
40143,0.7687930000000001,AQS,SO2
41051,0.4452958,AQS,SO2
42001,0.4403594,AQS,SO2
42003,2.37444152,AQS,SO2
42007,1.1626503,AQS,SO2
42011,0.6468366,AQS,SO2
42013,0.3793792,AQS,SO2
42021,0.8662108,AQS,SO2
42027,0.4969524,AQS,SO2
42045,0.7226442,AQS,SO2
42063,1.5241258,AQS,SO2
42073,0.6794482,AQS,SO2
42079,0.2451056,AQS,SO2
42095,2.987701,AQS,SO2
42101,1.2365378,AQS,SO2
42123,1.9337098,AQS,SO2
42125,0.8399504,AQS,SO2
42133,0.8692238,AQS,SO2
44007,0.327647,AQS,SO2
45019,0.6402566,AQS,SO2
45045,0.21630939999999999,AQS,SO2
45063,0.251997,AQS,SO2
45073,0.1331088,AQS,SO2
45079,0.2021021,AQS,SO2
46071,0.25617025,AQS,SO2
46099,0.67781175,AQS,SO2
46103,0.58264275,AQS,SO2
46127,0.4865445,AQS,SO2
47001,0.4267502,AQS,SO2
47009,0.1993462,AQS,SO2
47037,0.15470225,AQS,SO2
47157,0.448003,AQS,SO2
47163,6.886903,AQS,SO2
48029,1.927944125,AQS,SO2
48113,0.4116565,AQS,SO2
48139,0.363962,AQS,SO2
48141,0.7810651666666667,AQS,SO2
48161,1.29502425,AQS,SO2
48167,0.90046925,AQS,SO2
48183,1.295583,AQS,SO2
48201,0.4722944375,AQS,SO2
48203,2.0973800000000002,AQS,SO2
48227,8.17331575,AQS,SO2
48233,17.748490750000002,AQS,SO2
48245,2.2350634166666667,AQS,SO2
48257,0.89023875,AQS,SO2
48309,0.53662225,AQS,SO2
48331,1.2912667500000001,AQS,SO2
48349,3.083949375,AQS,SO2
48355,0.5034935,AQS,SO2
48361,3.54415625,AQS,SO2
48375,3.140287125,AQS,SO2
48395,0.73508975,AQS,SO2
48401,2.47838825,AQS,SO2
48449,1.4753315,AQS,SO2
48453,0.38911399999999996,AQS,SO2
49035,0.4521672,AQS,SO2
50007,0.141426,AQS,SO2
50021,0.39951400000000004,AQS,SO2
51023,1.6257404,AQS,SO2
51036,0.9284560000000001,AQS,SO2
51059,0.3868612,AQS,SO2
51071,24.351900750000002,AQS,SO2
51087,0.29359399999999997,AQS,SO2
51161,0.3074894,AQS,SO2
51165,0.343314,AQS,SO2
51580,2.7124374,AQS,SO2
51650,0.5279802,AQS,SO2
51710,0.3664316,AQS,SO2
53007,0.23610475,AQS,SO2
53009,0.090998,AQS,SO2
53033,0.470647,AQS,SO2
53057,0.49151475,AQS,SO2
53073,5.35602475,AQS,SO2
54009,3.0175786842105263,AQS,SO2
54029,2.50064664,AQS,SO2
54039,0.7658893999999999,AQS,SO2
54051,1.7419552,AQS,SO2
54053,2.3639555,AQS,SO2
54057,5.6612393999999995,AQS,SO2
54061,0.7438254,AQS,SO2
54107,2.0745252,AQS,SO2
55009,0.4796796,AQS,SO2
55025,0.8466163999999999,AQS,SO2
55027,0.2361084,AQS,SO2
55041,0.22710740000000001,AQS,SO2
55079,0.3118908,AQS,SO2
55085,1.4293674,AQS,SO2
55087,2.7511242,AQS,SO2
56001,0.2938074,AQS,SO2
56005,0.5974894,AQS,SO2
56007,2.6909245,AQS,SO2
56009,0.60340025,AQS,SO2
56013,5.1576585,AQS,SO2
56021,0.3636184,AQS,SO2
56025,0.8797882,AQS,SO2
56033,0.3065176,AQS,SO2
56037,1.4839326315789474,AQS,SO2
56045,0.5448174,AQS,SO2
72021,1.9874056,AQS,SO2
72033,0.7836794,AQS,SO2
72057,1.2300254,AQS,SO2
72123,1.4570902,AQS,SO2
01073,1.3244433333333334,AQS,SO4
01079,1.148575,AQS,SO4
01113,0.996129,AQS,SO4
02013,0.552667,AQS,SO4
02068,0.259796,AQS,SO4
02090,1.4545,AQS,SO4
02122,0.328195,AQS,SO4
02170,0.245888,AQS,SO4
04001,0.448531,AQS,SO4
04003,0.651,AQS,SO4
04005,0.4152655,AQS,SO4
04007,0.622795,AQS,SO4
04013,0.768893,AQS,SO4
04015,0.465697,AQS,SO4
04017,0.43313,AQS,SO4
04019,0.683881,AQS,SO4
04023,0.711434,AQS,SO4
04025,0.547571,AQS,SO4
05101,1.084159,AQS,SO4
05113,1.271534,AQS,SO4
05119,1.28188,AQS,SO4
06007,0.530164,AQS,SO4
06015,0.433325,AQS,SO4
06017,0.3549195,AQS,SO4
06019,0.7820223333333334,AQS,SO4
06025,1.135246,AQS,SO4
06027,0.409851,AQS,SO4
06029,0.9513773333333333,AQS,SO4
06037,1.072248,AQS,SO4
06041,0.67338,AQS,SO4
06043,0.515652,AQS,SO4
06051,0.33965,AQS,SO4
06059,1.123833,AQS,SO4
06063,0.427419,AQS,SO4
06065,1.00493975,AQS,SO4
06067,0.62062,AQS,SO4
06069,0.554158,AQS,SO4
06071,0.7427793333333333,AQS,SO4
06073,0.993917,AQS,SO4
06083,0.649458,AQS,SO4
06085,0.648348,AQS,SO4
06089,0.298873,AQS,SO4
06093,0.251026,AQS,SO4
06099,0.91,AQS,SO4
06105,0.332587,AQS,SO4
06107,1.075263,AQS,SO4
08001,0.540667,AQS,SO4
08003,0.315092,AQS,SO4
08031,0.528152,AQS,SO4
08057,0.316664,AQS,SO4
08067,0.339342,AQS,SO4
08069,0.354902,AQS,SO4
08083,0.357097,AQS,SO4
08097,0.265195,AQS,SO4
08103,0.322556,AQS,SO4
08111,0.308101,AQS,SO4
08123,0.477869,AQS,SO4
09005,0.691271,AQS,SO4
09009,0.722203,AQS,SO4
10003,0.893056,AQS,SO4
11001,1.069583,AQS,SO4
12011,1.105072,AQS,SO4
12017,1.227693,AQS,SO4
12057,1.164035,AQS,SO4
12073,0.897018,AQS,SO4
12086,1.229476,AQS,SO4
12129,1.184376,AQS,SO4
13021,1.001017,AQS,SO4
13049,1.151772,AQS,SO4
13069,0.804262,AQS,SO4
13089,0.939746,AQS,SO4
13115,1.118361,AQS,SO4
13213,0.976826,AQS,SO4
13215,0.94623,AQS,SO4
13245,0.935424,AQS,SO4
13295,0.958689,AQS,SO4
15001,1.800179,AQS,SO4
15003,0.942523,AQS,SO4
15009,0.482287,AQS,SO4
16001,0.367345,AQS,SO4
16023,0.272891,AQS,SO4
16037,0.219393,AQS,SO4
17019,1.195533,AQS,SO4
17031,0.9954086666666667,AQS,SO4
17043,1.3345,AQS,SO4
17119,1.085273,AQS,SO4
18019,1.231167,AQS,SO4
18037,1.3985,AQS,SO4
18065,1.184407,AQS,SO4
18089,1.180328,AQS,SO4
18097,1.203636,AQS,SO4
18163,1.339508,AQS,SO4
19137,0.960805,AQS,SO4
19163,0.863913,AQS,SO4
19177,0.991992,AQS,SO4
20017,1.0579,AQS,SO4
20173,1.022295,AQS,SO4
20195,0.781518,AQS,SO4
20209,1.011667,AQS,SO4
21061,1.2188375,AQS,SO4
21111,1.182232,AQS,SO4
22033,1.552521,AQS,SO4
22071,1.263387,AQS,SO4
23003,0.543948,AQS,SO4
23005,0.647265,AQS,SO4
23009,0.470227,AQS,SO4
23019,0.604036,AQS,SO4
23029,0.569672,AQS,SO4
24005,0.961667,AQS,SO4
24023,1.227871,AQS,SO4
24033,0.906864,AQS,SO4
25001,0.779632,AQS,SO4
25007,0.80767,AQS,SO4
25013,0.596917,AQS,SO4
25025,0.6858854999999999,AQS,SO4
26081,0.871724,AQS,SO4
26083,0.575597,AQS,SO4
26091,0.925333,AQS,SO4
26153,0.584615,AQS,SO4
26163,1.2172733333333332,AQS,SO4
27003,0.612881,AQS,SO4
27053,0.656,AQS,SO4
27075,0.524457,AQS,SO4
27137,0.556116,AQS,SO4
27169,0.738153,AQS,SO4
28049,1.137094,AQS,SO4
29099,1.161475,AQS,SO4
29207,1.234433,AQS,SO4
29213,1.118133,AQS,SO4
29510,1.159412,AQS,SO4
30027,0.492405,AQS,SO4
30029,0.334277,AQS,SO4
30047,0.28164,AQS,SO4
30049,0.280943,AQS,SO4
30077,0.259044,AQS,SO4
30081,0.222641,AQS,SO4
30085,0.657564,AQS,SO4
30087,0.457758,AQS,SO4
30089,0.265946,AQS,SO4
30091,0.662159,AQS,SO4
30093,0.303333,AQS,SO4
31055,0.890504,AQS,SO4
31171,0.598842,AQS,SO4
32003,0.578304,AQS,SO4
32007,0.256103,AQS,SO4
32031,0.326885,AQS,SO4
32033,0.318174,AQS,SO4
33007,0.551748,AQS,SO4
33011,0.557479,AQS,SO4
33015,0.712254,AQS,SO4
34001,0.966373,AQS,SO4
34007,1.070727,AQS,SO4
34013,0.805345,AQS,SO4
34023,0.759988,AQS,SO4
34027,0.762373,AQS,SO4
34039,0.92287,AQS,SO4
35001,0.469504,AQS,SO4
35003,0.4326,AQS,SO4
35005,0.915359,AQS,SO4
35015,0.723763,AQS,SO4
35027,0.588259,AQS,SO4
35028,0.388398,AQS,SO4
35039,0.35299,AQS,SO4
35053,0.488517,AQS,SO4
35055,0.304307,AQS,SO4
36001,0.674333,AQS,SO4
36005,0.824508,AQS,SO4
36029,0.973898,AQS,SO4
36031,0.526964,AQS,SO4
36055,0.891322,AQS,SO4
36061,0.910417,AQS,SO4
36081,0.797025,AQS,SO4
36101,0.788814,AQS,SO4
37011,0.842487,AQS,SO4
37067,0.905517,AQS,SO4
37087,0.773389,AQS,SO4
37095,0.958595,AQS,SO4
37119,0.917059,AQS,SO4
37183,0.753915,AQS,SO4
38007,0.603,AQS,SO4
38013,0.637387,AQS,SO4
38015,0.577436,AQS,SO4
39035,1.2729464,AQS,SO4
39061,1.265372,AQS,SO4
39081,1.777843,AQS,SO4
39093,1.069508,AQS,SO4
39113,1.213833,AQS,SO4
39121,1.2789,AQS,SO4
39135,1.171636,AQS,SO4
39151,1.283833,AQS,SO4
39153,1.450488,AQS,SO4
40001,1.26556,AQS,SO4
40031,1.164121,AQS,SO4
40109,1.105862,AQS,SO4
40143,1.118167,AQS,SO4
41005,0.244261,AQS,SO4
41013,0.206667,AQS,SO4
41033,0.32246,AQS,SO4
41035,0.237336,AQS,SO4
41039,0.266095,AQS,SO4
41051,0.433193,AQS,SO4
41061,0.276345,AQS,SO4
41063,0.26414,AQS,SO4
41067,0.302143,AQS,SO4
42001,1.051228,AQS,SO4
42003,1.6971289999999999,AQS,SO4
42021,1.371071,AQS,SO4
42029,1.000333,AQS,SO4
42045,1.0069405,AQS,SO4
42071,1.0245545,AQS,SO4
42101,0.9096785000000001,AQS,SO4
42125,1.233529,AQS,SO4
42129,1.2085,AQS,SO4
44007,0.679412,AQS,SO4
45019,1.130991,AQS,SO4
45025,0.838958,AQS,SO4
45079,0.908205,AQS,SO4
46033,0.444546,AQS,SO4
46071,0.564508,AQS,SO4
46099,0.727034,AQS,SO4
47009,0.982717,AQS,SO4
47093,1.018644,AQS,SO4
47157,1.129652,AQS,SO4
48043,1.309809,AQS,SO4
48109,0.789157,AQS,SO4
48113,1.60687,AQS,SO4
48139,2.301552,AQS,SO4
48141,0.794016,AQS,SO4
48201,1.726873,AQS,SO4
48203,1.31,AQS,SO4
48355,2.486296,AQS,SO4
49011,0.667288,AQS,SO4
49017,0.343077,AQS,SO4
49035,0.67094,AQS,SO4
49037,0.370467,AQS,SO4
49049,0.474576,AQS,SO4
49053,0.42894,AQS,SO4
49055,0.362184,AQS,SO4
50007,0.6012025,AQS,SO4
50025,0.625198,AQS,SO4
51087,0.94708,AQS,SO4
51113,0.967958,AQS,SO4
51163,0.980864,AQS,SO4
53009,0.32978450000000004,AQS,SO4
53033,0.49905533333333335,AQS,SO4
53037,0.277766,AQS,SO4
53039,0.481579,AQS,SO4
53041,0.222381,AQS,SO4
53047,0.225407,AQS,SO4
53053,0.41420650000000003,AQS,SO4
53073,0.309577,AQS,SO4
53077,0.359833,AQS,SO4
54039,1.06225,AQS,SO4
54051,1.312885,AQS,SO4
54093,0.97744,AQS,SO4
55009,0.723793,AQS,SO4
55027,0.758595,AQS,SO4
55041,0.705815,AQS,SO4
55079,0.852917,AQS,SO4
55119,0.568525,AQS,SO4
56005,0.450577,AQS,SO4
56021,0.388426,AQS,SO4
56029,0.251219,AQS,SO4
56035,0.2866975,AQS,SO4
56039,0.270809,AQS,SO4
72021,0.770506,AQS,SO4
78020,0.809788,AQS,SO4
80002,1.059016,AQS,SO4
01073,0.58313,AQS,NH4NO3
01079,0.467579,AQS,NH4NO3
02013,0.118522,AQS,NH4NO3
02068,0.052202,AQS,NH4NO3
02122,0.128064,AQS,NH4NO3
02170,0.066128,AQS,NH4NO3
04001,0.138908,AQS,NH4NO3
04003,0.181563,AQS,NH4NO3
04005,0.1767265,AQS,NH4NO3
04007,0.2405915,AQS,NH4NO3
04013,0.7301884999999999,AQS,NH4NO3
04015,0.18434,AQS,NH4NO3
04017,0.147996,AQS,NH4NO3
04019,0.3189226666666667,AQS,NH4NO3
04023,0.39835,AQS,NH4NO3
04025,0.264394,AQS,NH4NO3
05101,0.476514,AQS,NH4NO3
05113,0.44334,AQS,NH4NO3
06015,0.211073,AQS,NH4NO3
06017,0.167602,AQS,NH4NO3
06019,1.9531125,AQS,NH4NO3
06027,0.132087,AQS,NH4NO3
06029,0.488978,AQS,NH4NO3
06037,0.484225,AQS,NH4NO3
06041,0.762641,AQS,NH4NO3
06043,0.365345,AQS,NH4NO3
06051,0.163756,AQS,NH4NO3
06065,0.874905,AQS,NH4NO3
06069,0.48766,AQS,NH4NO3
06071,0.6596225,AQS,NH4NO3
06083,0.514947,AQS,NH4NO3
06089,0.148549,AQS,NH4NO3
06093,0.12901,AQS,NH4NO3
06105,0.160229,AQS,NH4NO3
06107,0.80115,AQS,NH4NO3
08003,0.129776,AQS,NH4NO3
08057,0.14126,AQS,NH4NO3
08067,0.128021,AQS,NH4NO3
08069,0.212895,AQS,NH4NO3
08083,0.112959,AQS,NH4NO3
08097,0.112071,AQS,NH4NO3
08103,0.110749,AQS,NH4NO3
08111,0.08719,AQS,NH4NO3
09005,0.520078,AQS,NH4NO3
12017,0.437582,AQS,NH4NO3
12086,0.459307,AQS,NH4NO3
12129,0.35613,AQS,NH4NO3
13049,0.35668,AQS,NH4NO3
13213,0.501423,AQS,NH4NO3
15001,0.095319,AQS,NH4NO3
15009,0.088,AQS,NH4NO3
16023,0.34555,AQS,NH4NO3
16037,0.079223,AQS,NH4NO3
17019,1.542055,AQS,NH4NO3
19137,1.209215,AQS,NH4NO3
19177,1.303806,AQS,NH4NO3
20017,0.906354,AQS,NH4NO3
20195,0.638406,AQS,NH4NO3
21061,0.7891205,AQS,NH4NO3
22071,0.403493,AQS,NH4NO3
23003,0.218943,AQS,NH4NO3
23005,0.383099,AQS,NH4NO3
23009,0.268683,AQS,NH4NO3
23019,0.270596,AQS,NH4NO3
23029,0.228197,AQS,NH4NO3
24023,0.652083,AQS,NH4NO3
25001,0.427501,AQS,NH4NO3
25007,0.542111,AQS,NH4NO3
26083,0.490112,AQS,NH4NO3
26153,0.52226,AQS,NH4NO3
27075,0.5152,AQS,NH4NO3
27137,0.477576,AQS,NH4NO3
27169,1.256332,AQS,NH4NO3
29207,0.609556,AQS,NH4NO3
29213,0.549259,AQS,NH4NO3
30027,0.278557,AQS,NH4NO3
30029,0.352639,AQS,NH4NO3
30047,0.188327,AQS,NH4NO3
30049,0.142835,AQS,NH4NO3
30077,0.110536,AQS,NH4NO3
30081,0.145592,AQS,NH4NO3
30085,0.512452,AQS,NH4NO3
30087,0.210051,AQS,NH4NO3
30089,0.168626,AQS,NH4NO3
30091,0.621188,AQS,NH4NO3
31171,0.539847,AQS,NH4NO3
32007,0.094477,AQS,NH4NO3
32033,0.11577,AQS,NH4NO3
33007,0.163352,AQS,NH4NO3
33011,0.336275,AQS,NH4NO3
33015,0.499878,AQS,NH4NO3
34001,0.75941,AQS,NH4NO3
35003,0.115497,AQS,NH4NO3
35005,0.547494,AQS,NH4NO3
35015,0.343398,AQS,NH4NO3
35027,0.166888,AQS,NH4NO3
35028,0.130307,AQS,NH4NO3
35039,0.124196,AQS,NH4NO3
35053,0.146498,AQS,NH4NO3
35055,0.113734,AQS,NH4NO3
37011,0.277252,AQS,NH4NO3
37087,0.287937,AQS,NH4NO3
37095,0.432393,AQS,NH4NO3
38007,0.524335,AQS,NH4NO3
38013,0.73455,AQS,NH4NO3
39121,0.866615,AQS,NH4NO3
40001,0.695098,AQS,NH4NO3
40031,0.647941,AQS,NH4NO3
41005,0.156288,AQS,NH4NO3
41033,0.134508,AQS,NH4NO3
41035,0.141668,AQS,NH4NO3
41039,0.112456,AQS,NH4NO3
41061,0.326694,AQS,NH4NO3
41063,0.47033,AQS,NH4NO3
45019,0.378538,AQS,NH4NO3
46033,0.283489,AQS,NH4NO3
46071,0.337508,AQS,NH4NO3
47009,0.386955,AQS,NH4NO3
48043,0.207026,AQS,NH4NO3
48109,0.278514,AQS,NH4NO3
49017,0.187354,AQS,NH4NO3
49037,0.133168,AQS,NH4NO3
49053,0.164498,AQS,NH4NO3
49055,0.167926,AQS,NH4NO3
50007,0.33813,AQS,NH4NO3
50025,0.498316,AQS,NH4NO3
51113,0.590499,AQS,NH4NO3
51163,0.408002,AQS,NH4NO3
53009,0.2167415,AQS,NH4NO3
53033,0.783123,AQS,NH4NO3
53037,0.317664,AQS,NH4NO3
53039,1.276527,AQS,NH4NO3
53041,0.14315,AQS,NH4NO3
53047,0.143697,AQS,NH4NO3
53053,0.152075,AQS,NH4NO3
53073,0.116639,AQS,NH4NO3
54093,0.459558,AQS,NH4NO3
55041,0.869015,AQS,NH4NO3
56005,0.226748,AQS,NH4NO3
56029,0.107932,AQS,NH4NO3
56035,0.12392149999999999,AQS,NH4NO3
56039,0.148827,AQS,NH4NO3
78020,0.292252,AQS,NH4NO3
01073,0.24529050000000002,AQS,NH4
01113,0.147742,AQS,NH4
02090,0.399667,AQS,NH4
04013,0.105776,AQS,NH4
04019,0.072583,AQS,NH4
05119,0.300855,AQS,NH4
06007,0.181639,AQS,NH4
06019,0.925169,AQS,NH4
06025,0.513279,AQS,NH4
06029,1.131966,AQS,NH4
06037,0.9599253333333333,AQS,NH4
06059,0.965333,AQS,NH4
06063,0.117258,AQS,NH4
06065,0.8440156666666667,AQS,NH4
06067,0.256103,AQS,NH4
06071,1.023,AQS,NH4
06073,0.2805,AQS,NH4
06085,0.261478,AQS,NH4
06099,0.834815,AQS,NH4
06107,1.351148,AQS,NH4
08001,0.2215,AQS,NH4
08031,0.226304,AQS,NH4
08123,0.248197,AQS,NH4
09009,0.185085,AQS,NH4
10003,0.301574,AQS,NH4
11001,0.312583,AQS,NH4
12011,0.100725,AQS,NH4
12057,0.119737,AQS,NH4
12073,0.082982,AQS,NH4
13021,0.129322,AQS,NH4
13069,0.059508,AQS,NH4
13089,0.16322,AQS,NH4
13115,0.191803,AQS,NH4
13215,0.155738,AQS,NH4
13245,0.143559,AQS,NH4
13295,0.172623,AQS,NH4
15003,0.086822,AQS,NH4
16001,0.356637,AQS,NH4
17031,0.4423936666666667,AQS,NH4
17043,0.419,AQS,NH4
17119,0.360727,AQS,NH4
18019,0.3695,AQS,NH4
18037,0.457,AQS,NH4
18065,0.459153,AQS,NH4
18089,0.461803,AQS,NH4
18097,0.465702,AQS,NH4
18163,0.415738,AQS,NH4
19163,0.344783,AQS,NH4
20173,0.321967,AQS,NH4
20209,0.278083,AQS,NH4
21111,0.326071,AQS,NH4
22033,0.305966,AQS,NH4
24005,0.321579,AQS,NH4
24033,0.233051,AQS,NH4
25013,0.121167,AQS,NH4
25025,0.1339755,AQS,NH4
26081,0.403362,AQS,NH4
26091,0.430167,AQS,NH4
26163,0.5071986666666666,AQS,NH4
27003,0.225508,AQS,NH4
27053,0.271,AQS,NH4
28049,0.224017,AQS,NH4
29099,0.345574,AQS,NH4
29510,0.35084,AQS,NH4
30049,0.085785,AQS,NH4
30093,0.135167,AQS,NH4
31055,0.263361,AQS,NH4
32003,0.051607,AQS,NH4
32031,0.079754,AQS,NH4
34007,0.453636,AQS,NH4
34013,0.269655,AQS,NH4
34023,0.201319,AQS,NH4
34027,0.206271,AQS,NH4
34039,0.303913,AQS,NH4
35001,0.03876,AQS,NH4
36001,0.190667,AQS,NH4
36005,0.276721,AQS,NH4
36029,0.334915,AQS,NH4
36031,0.078929,AQS,NH4
36055,0.27876,AQS,NH4
36061,0.28158300000000003,AQS,NH4
36081,0.256529,AQS,NH4
36101,0.172119,AQS,NH4
37067,0.165172,AQS,NH4
37119,0.197311,AQS,NH4
37183,0.19582,AQS,NH4
38015,0.14453,AQS,NH4
39035,0.4970798,AQS,NH4
39061,0.387686,AQS,NH4
39081,0.477255,AQS,NH4
39093,0.388033,AQS,NH4
39113,0.4285,AQS,NH4
39135,0.456273,AQS,NH4
39151,0.5475,AQS,NH4
39153,0.761707,AQS,NH4
40109,0.303103,AQS,NH4
40143,0.278917,AQS,NH4
41013,0.01,AQS,NH4
41051,0.082773,AQS,NH4
41067,0.090357,AQS,NH4
42001,0.390526,AQS,NH4
42003,0.660026,AQS,NH4
42021,0.366964,AQS,NH4
42029,0.4185,AQS,NH4
42045,0.30442,AQS,NH4
42071,0.5145284999999999,AQS,NH4
42101,0.31340100000000004,AQS,NH4
42125,0.30098,AQS,NH4
42129,0.356167,AQS,NH4
44007,0.122941,AQS,NH4
45025,0.131458,AQS,NH4
45079,0.142821,AQS,NH4
46099,0.265508,AQS,NH4
47093,0.231186,AQS,NH4
47157,0.256696,AQS,NH4
48113,0.390435,AQS,NH4
48139,0.755862,AQS,NH4
48141,0.113689,AQS,NH4
48201,0.376359,AQS,NH4
48203,0.196034,AQS,NH4
48355,0.644259,AQS,NH4
49011,0.523051,AQS,NH4
49035,0.558462,AQS,NH4
49049,0.471186,AQS,NH4
50007,0.107155,AQS,NH4
51087,0.205044,AQS,NH4
53033,0.0751745,AQS,NH4
53053,0.05082,AQS,NH4
53077,0.303667,AQS,NH4
54039,0.245417,AQS,NH4
54051,0.340769,AQS,NH4
55009,0.257414,AQS,NH4
55027,0.322893,AQS,NH4
55079,0.419,AQS,NH4
55119,0.130328,AQS,NH4
56021,0.066759,AQS,NH4
72021,0.008861,AQS,NH4
80002,0.581311,AQS,NH4
01073,2.6052576666666667,AQS,OC
01079,1.96275,AQS,OC
01113,2.304424,AQS,OC
02013,0.191624,AQS,OC
02068,0.333186,AQS,OC
02090,2.505893,AQS,OC
02122,0.379138,AQS,OC
02170,0.460684,AQS,OC
04001,0.837117,AQS,OC
04003,0.761667,AQS,OC
04005,0.795274,AQS,OC
04007,0.8182905,AQS,OC
04013,2.372626,AQS,OC
04015,0.521765,AQS,OC
04017,0.730885,AQS,OC
04019,0.90067975,AQS,OC
04023,2.292232,AQS,OC
04025,0.758571,AQS,OC
05101,1.448899,AQS,OC
05113,1.484237,AQS,OC
05119,2.277661,AQS,OC
06015,2.398509,AQS,OC
06017,1.3585435,AQS,OC
06019,2.760159333333333,AQS,OC
06027,0.994035,AQS,OC
06029,2.7577700000000003,AQS,OC
06037,1.9073775,AQS,OC
06041,1.106606,AQS,OC
06043,5.189474,AQS,OC
06051,1.291212,AQS,OC
06065,2.298264,AQS,OC
06067,3.294136,AQS,OC
06069,1.23375,AQS,OC
06071,0.9008725,AQS,OC
06073,2.478588,AQS,OC
06083,1.002617,AQS,OC
06085,3.221523,AQS,OC
06089,1.554068,AQS,OC
06093,1.984274,AQS,OC
06105,4.374762,AQS,OC
06107,2.371696,AQS,OC
08001,2.391133,AQS,OC
08003,0.738824,AQS,OC
08031,1.986611,AQS,OC
08057,0.847672,AQS,OC
08067,0.636525,AQS,OC
08069,0.90036,AQS,OC
08083,0.490885,AQS,OC
08097,0.425495,AQS,OC
08103,0.566,AQS,OC
08111,0.519412,AQS,OC
08123,1.776433,AQS,OC
09005,0.999412,AQS,OC
09009,2.221667,AQS,OC
10003,1.9078870000000001,AQS,OC
11001,2.0245,AQS,OC
12011,1.044403,AQS,OC
12017,2.727105,AQS,OC
12057,1.657534,AQS,OC
12073,2.150105,AQS,OC
12086,0.7626715,AQS,OC
12129,1.31094,AQS,OC
13021,2.944033,AQS,OC
13049,1.937965,AQS,OC
13069,2.388358,AQS,OC
13089,2.5942369999999997,AQS,OC
13115,2.603362,AQS,OC
13213,1.49767,AQS,OC
13215,3.090317,AQS,OC
13245,2.943642,AQS,OC
13295,2.518475,AQS,OC
15001,0.14717,AQS,OC
15003,0.219743,AQS,OC
15009,0.094783,AQS,OC
16001,2.697387,AQS,OC
16023,1.452185,AQS,OC
16037,2.165474,AQS,OC
17019,1.24125,AQS,OC
17031,1.8070873333333333,AQS,OC
17043,1.712984,AQS,OC
17119,2.046053,AQS,OC
18019,2.171383,AQS,OC
18037,1.706082,AQS,OC
18065,1.358433,AQS,OC
18089,1.709153,AQS,OC
18097,2.029295,AQS,OC
18163,1.894407,AQS,OC
19137,1.277627,AQS,OC
19163,1.604992,AQS,OC
19177,1.249417,AQS,OC
20017,1.422458,AQS,OC
20173,2.009869,AQS,OC
20195,0.985439,AQS,OC
20209,2.74906,AQS,OC
21061,1.544917,AQS,OC
21111,1.94457,AQS,OC
22033,1.953158,AQS,OC
22071,1.188426,AQS,OC
23003,1.011034,AQS,OC
23005,1.196239,AQS,OC
23009,0.8295,AQS,OC
23019,1.142407,AQS,OC
23029,0.829664,AQS,OC
24005,2.292843,AQS,OC
24023,1.195,AQS,OC
24033,1.747229,AQS,OC
25001,0.823694,AQS,OC
25007,0.8,AQS,OC
25013,1.540485,AQS,OC
25025,1.584793,AQS,OC
26081,1.766179,AQS,OC
26083,0.854622,AQS,OC
26091,1.373435,AQS,OC
26153,0.799224,AQS,OC
26163,1.953538,AQS,OC
27003,1.626429,AQS,OC
27053,1.720441,AQS,OC
27075,0.86025,AQS,OC
27137,0.956909,AQS,OC
27169,1.101652,AQS,OC
28049,2.589347,AQS,OC
29099,2.111434,AQS,OC
29207,1.729583,AQS,OC
29213,1.491428,AQS,OC
29510,2.220538,AQS,OC
30027,1.219397,AQS,OC
30029,4.823782,AQS,OC
30047,2.290179,AQS,OC
30049,2.0269765,AQS,OC
30077,3.815872,AQS,OC
30081,2.866813,AQS,OC
30085,1.049681,AQS,OC
30087,1.397583,AQS,OC
30089,2.404595,AQS,OC
30091,0.8571685,AQS,OC
30093,2.962789,AQS,OC
31055,1.456288,AQS,OC
31171,0.943333,AQS,OC
32003,2.778069,AQS,OC
32007,0.908667,AQS,OC
32031,2.240415,AQS,OC
32033,0.629828,AQS,OC
33007,0.835495,AQS,OC
33011,0.851293,AQS,OC
33015,1.431579,AQS,OC
34001,1.234957,AQS,OC
34007,1.965439,AQS,OC
34013,1.937386,AQS,OC
34023,1.684073,AQS,OC
34027,1.257914,AQS,OC
34039,2.103398,AQS,OC
35001,1.43085,AQS,OC
35003,1.142479,AQS,OC
35005,0.927281,AQS,OC
35015,0.660625,AQS,OC
35027,0.721389,AQS,OC
35028,0.712143,AQS,OC
35039,0.510194,AQS,OC
35053,0.773966,AQS,OC
35055,0.565304,AQS,OC
36001,1.769383,AQS,OC
36005,1.909265,AQS,OC
36029,1.766241,AQS,OC
36031,0.939483,AQS,OC
36055,1.602235,AQS,OC
36061,2.560883,AQS,OC
36081,1.708467,AQS,OC
36101,1.1075,AQS,OC
37011,1.558571,AQS,OC
37067,1.585714,AQS,OC
37087,1.004561,AQS,OC
37095,1.248362,AQS,OC
37119,2.409908,AQS,OC
37183,2.314177,AQS,OC
38007,0.944953,AQS,OC
38013,0.983697,AQS,OC
38015,1.269254,AQS,OC
39035,2.291163,AQS,OC
39061,1.772894,AQS,OC
39081,2.149542,AQS,OC
39093,1.538127,AQS,OC
39113,2.027475,AQS,OC
39121,1.36307,AQS,OC
39135,1.450314,AQS,OC
39151,2.331213,AQS,OC
39153,2.199292,AQS,OC
40001,1.879569,AQS,OC
40031,1.126364,AQS,OC
40109,1.690119,AQS,OC
40143,1.962455,AQS,OC
41005,1.044202,AQS,OC
41033,2.364867,AQS,OC
41035,3.475,AQS,OC
41039,3.303966,AQS,OC
41051,3.047602,AQS,OC
41061,1.750336,AQS,OC
41063,1.794545,AQS,OC
42001,1.476016,AQS,OC
42003,2.354649,AQS,OC
42021,2.019607,AQS,OC
42029,1.703579,AQS,OC
42045,1.7939159999999998,AQS,OC
42071,2.0956675000000002,AQS,OC
42101,1.818199,AQS,OC
42125,1.591897,AQS,OC
42129,1.826763,AQS,OC
44007,1.638747,AQS,OC
45019,1.48094,AQS,OC
45025,2.161212,AQS,OC
45079,2.848884,AQS,OC
46033,1.0215,AQS,OC
46071,0.946083,AQS,OC
46099,1.32512,AQS,OC
47009,1.373391,AQS,OC
47093,2.171167,AQS,OC
47157,1.869884,AQS,OC
48043,0.735043,AQS,OC
48109,0.827652,AQS,OC
48113,2.113387,AQS,OC
48141,1.921385,AQS,OC
48201,1.4191185000000002,AQS,OC
48203,2.233167,AQS,OC
49011,1.541322,AQS,OC
49017,0.670855,AQS,OC
49035,1.750193,AQS,OC
49037,0.584495,AQS,OC
49049,1.638925,AQS,OC
49053,0.658793,AQS,OC
49055,0.68307,AQS,OC
50007,1.161912,AQS,OC
50025,0.863276,AQS,OC
51087,2.140443,AQS,OC
51113,1.150593,AQS,OC
51163,1.618475,AQS,OC
53009,1.0490245,AQS,OC
53033,2.5181366666666665,AQS,OC
53037,1.691802,AQS,OC
53039,2.027797,AQS,OC
53041,1.745752,AQS,OC
53047,1.909561,AQS,OC
53053,2.2748885000000003,AQS,OC
53073,2.471443,AQS,OC
53077,2.835143,AQS,OC
54039,2.257504,AQS,OC
54051,3.274356,AQS,OC
54093,1.045,AQS,OC
55009,1.421911,AQS,OC
55027,1.424787,AQS,OC
55041,0.948487,AQS,OC
55079,1.747735,AQS,OC
55119,1.089236,AQS,OC
56005,1.434167,AQS,OC
56021,1.190122,AQS,OC
56029,0.842421,AQS,OC
56035,1.0452629999999998,AQS,OC
56039,1.340182,AQS,OC
72021,0.610685,AQS,OC
78020,0.500571,AQS,OC
01003,7.391818,AQS,PM_25
01027,7.90678,AQS,PM_25
01033,7.382353,AQS,PM_25
01049,8.006087,AQS,PM_25
01055,8.849558,AQS,PM_25
01069,8.609322,AQS,PM_25
01073,9.540386304347827,AQS,PM_25
01089,7.442973,AQS,PM_25
01097,7.953153,AQS,PM_25
01101,8.6393375,AQS,PM_25
01103,7.638261,AQS,PM_25
01113,11.219563428571428,AQS,PM_25
01121,8.7,AQS,PM_25
01125,8.115909,AQS,PM_25
02020,4.805776,AQS,PM_25
02090,11.306582782608695,AQS,PM_25
02110,5.573012444444444,AQS,PM_25
02170,4.4276013,AQS,PM_25
04001,2.6699425,AQS,PM_25
04003,5.7107686,AQS,PM_25
04012,5.587165000000001,AQS,PM_25
04013,8.123779721311475,AQS,PM_25
04019,6.876827636363636,AQS,PM_25
04021,12.332922805555556,AQS,PM_25
04023,8.829461222222223,AQS,PM_25
04027,8.549978600000001,AQS,PM_25
05001,7.755752,AQS,PM_25
05003,8.252066,AQS,PM_25
05035,7.953279,AQS,PM_25
05051,8.6290685,AQS,PM_25
05067,8.047541,AQS,PM_25
05113,8.116529,AQS,PM_25
05119,9.530641,AQS,PM_25
05139,8.878512,AQS,PM_25
05143,7.82562,AQS,PM_25
06001,10.342545,AQS,PM_25
06007,9.036593,AQS,PM_25
06009,13.3869098,AQS,PM_25
06011,5.7819023000000005,AQS,PM_25
06013,11.441566,AQS,PM_25
06015,6.0106004,AQS,PM_25
06019,12.687828619047618,AQS,PM_25
06023,6.738870666666667,AQS,PM_25
06025,10.7942505,AQS,PM_25
06027,6.442573535714286,AQS,PM_25
06029,10.871741133333334,AQS,PM_25
06031,16.73406807142857,AQS,PM_25
06033,6.113882500000001,AQS,PM_25
06037,11.643581985074627,AQS,PM_25
06039,12.172017,AQS,PM_25
06041,9.6947256,AQS,PM_25
06045,8.682126266666666,AQS,PM_25
06047,12.921358444444444,AQS,PM_25
06053,6.189696736842105,AQS,PM_25
06055,13.713524000000001,AQS,PM_25
06057,4.363572230769231,AQS,PM_25
06059,11.094327058823529,AQS,PM_25
06061,6.058407545454545,AQS,PM_25
06063,13.778661333333332,AQS,PM_25
06065,9.933995604166666,AQS,PM_25
06067,9.215096967741935,AQS,PM_25
06069,5.0563152,AQS,PM_25
06071,10.271250963636364,AQS,PM_25
06073,7.652577142857143,AQS,PM_25
06075,9.6831716,AQS,PM_25
06077,11.9472144,AQS,PM_25
06079,7.8408368,AQS,PM_25
06081,9.0176406,AQS,PM_25
06083,10.16654044,AQS,PM_25
06085,9.033437578947368,AQS,PM_25
06087,6.4233201,AQS,PM_25
06089,7.882759,AQS,PM_25
06093,10.805085,AQS,PM_25
06095,10.4121688,AQS,PM_25
06097,8.1024982,AQS,PM_25
06099,12.7683455,AQS,PM_25
06101,9.332934,AQS,PM_25
06103,6.9428558,AQS,PM_25
06107,16.725664,AQS,PM_25
06111,9.67895352,AQS,PM_25
06113,8.66,AQS,PM_25
08001,9.410422666666667,AQS,PM_25
08005,6.085833,AQS,PM_25
08013,6.2675,AQS,PM_25
08031,7.942277527777778,AQS,PM_25
08035,6.976092666666666,AQS,PM_25
08041,6.0574326,AQS,PM_25
08045,4.1511206666666665,AQS,PM_25
08067,4.921135333333333,AQS,PM_25
08069,7.3783254,AQS,PM_25
08077,5.6677202,AQS,PM_25
08093,3.4047503333333333,AQS,PM_25
08101,5.592373,AQS,PM_25
08103,7.6980868000000005,AQS,PM_25
08123,8.085187,AQS,PM_25
09001,6.802179944444444,AQS,PM_25
09003,6.718157944444444,AQS,PM_25
09005,3.600928333333333,AQS,PM_25
09009,6.253461681818182,AQS,PM_25
09011,4.8957120000000005,AQS,PM_25
10001,6.562845428571428,AQS,PM_25
10003,7.81299125,AQS,PM_25
10005,7.1227442,AQS,PM_25
11001,9.344667484375,AQS,PM_25
12001,6.897035499999999,AQS,PM_25
12009,6.731633,AQS,PM_25
12011,7.458608692307692,AQS,PM_25
12031,7.910187904761905,AQS,PM_25
12033,7.6112565,AQS,PM_25
12057,8.402784444444444,AQS,PM_25
12071,6.9597695,AQS,PM_25
12073,7.675685,AQS,PM_25
12086,7.6640429999999995,AQS,PM_25
12095,9.5272969,AQS,PM_25
12099,6.624324,AQS,PM_25
12103,7.895485333333333,AQS,PM_25
12105,7.7279599999999995,AQS,PM_25
12115,7.0420815,AQS,PM_25
12117,6.817748,AQS,PM_25
12127,7.087156,AQS,PM_25
13021,8.853292470588235,AQS,PM_25
13051,9.57915588888889,AQS,PM_25
13059,7.827966,AQS,PM_25
13063,9.646552,AQS,PM_25
13067,8.7625,AQS,PM_25
13069,7.177083,AQS,PM_25
13089,8.789509384615384,AQS,PM_25
13095,9.713559153846154,AQS,PM_25
13115,7.233333,AQS,PM_25
13121,10.0769845,AQS,PM_25
13127,7.498113,AQS,PM_25
13135,10.671380777777777,AQS,PM_25
13139,8.197251333333334,AQS,PM_25
13153,8.233913,AQS,PM_25
13185,8.195763,AQS,PM_25
13215,9.323543666666666,AQS,PM_25
13223,5.554545,AQS,PM_25
13245,10.176338444444445,AQS,PM_25
13295,9.68041088888889,AQS,PM_25
13303,8.57623,AQS,PM_25
15001,7.171488673913044,AQS,PM_25
15003,3.63406395,AQS,PM_25
15007,2.5785252,AQS,PM_25
15009,4.401785666666667,AQS,PM_25
16001,8.949138000000001,AQS,PM_25
16005,7.9120753684210525,AQS,PM_25
16009,12.458716666666666,AQS,PM_25
16027,10.208475,AQS,PM_25
16041,6.462664666666667,AQS,PM_25
16053,7.3725278,AQS,PM_25
16059,13.026957,AQS,PM_25
16079,12.551303333333333,AQS,PM_25
17019,7.729560076923077,AQS,PM_25
17031,8.87179429032258,AQS,PM_25
17043,8.762128444444444,AQS,PM_25
17065,8.649444200000001,AQS,PM_25
17083,8.8830398,AQS,PM_25
17089,7.971120666666667,AQS,PM_25
17111,7.115517,AQS,PM_25
17113,8.9129965,AQS,PM_25
17115,9.613063555555556,AQS,PM_25
17119,8.856414181818183,AQS,PM_25
17143,9.226584666666666,AQS,PM_25
17157,9.4995534,AQS,PM_25
17161,8.635595111111112,AQS,PM_25
17163,8.864912,AQS,PM_25
17167,9.120964111111112,AQS,PM_25
17197,8.210892444444445,AQS,PM_25
17201,8.000901,AQS,PM_25
18003,8.152974222222221,AQS,PM_25
18005,7.157605333333334,AQS,PM_25
18019,8.050614,AQS,PM_25
18035,7.689565,AQS,PM_25
18037,8.268376,AQS,PM_25
18039,7.98963511111111,AQS,PM_25
18043,8.450238076923076,AQS,PM_25
18055,7.661538,AQS,PM_25
18057,7.661491222222222,AQS,PM_25
18065,7.228333,AQS,PM_25
18067,8.140444333333333,AQS,PM_25
18089,8.873455823529412,AQS,PM_25
18091,7.485841,AQS,PM_25
18095,8.351090888888889,AQS,PM_25
18097,9.4350218,AQS,PM_25
18105,6.780998,AQS,PM_25
18127,7.5390134444444445,AQS,PM_25
18141,8.084106461538461,AQS,PM_25
18147,8.278814,AQS,PM_25
18153,8.134848,AQS,PM_25
18157,8.262389769230769,AQS,PM_25
18163,8.572572235294118,AQS,PM_25
18167,9.157178,AQS,PM_25
18183,7.994411,AQS,PM_25
19013,7.5425,AQS,PM_25
19045,7.361295500000001,AQS,PM_25
19055,5.988462,AQS,PM_25
19103,7.28338,AQS,PM_25
19111,8.101802,AQS,PM_25
19113,7.462277944444445,AQS,PM_25
19137,6.466667,AQS,PM_25
19139,7.6796788,AQS,PM_25
19147,6.298319,AQS,PM_25
19153,7.096585608695652,AQS,PM_25
19155,7.9327795000000005,AQS,PM_25
19163,7.580083,AQS,PM_25
19177,6.512281,AQS,PM_25
19193,7.556303,AQS,PM_25
20091,6.461844,AQS,PM_25
20133,8.122727,AQS,PM_25
20173,7.712130823529412,AQS,PM_25
20177,8.846056111111112,AQS,PM_25
20191,7.135593,AQS,PM_25
20195,4.2193514,AQS,PM_25
20209,9.033776461538462,AQS,PM_25
21013,7.605,AQS,PM_25
21019,8.10303,AQS,PM_25
21037,7.617213,AQS,PM_25
21043,6.202459,AQS,PM_25
21047,8.237931,AQS,PM_25
21059,9.3596632,AQS,PM_25
21067,7.748276,AQS,PM_25
21093,8.0972765,AQS,PM_25
21101,8.453782,AQS,PM_25
21111,8.644597542857143,AQS,PM_25
21145,9.9265824,AQS,PM_25
21151,7.443363,AQS,PM_25
21193,6.8,AQS,PM_25
21195,6.854373000000001,AQS,PM_25
21199,7.482203,AQS,PM_25
21227,7.8431415,AQS,PM_25
22017,10.7894145,AQS,PM_25
22019,7.74322,AQS,PM_25
22033,8.94098946153846,AQS,PM_25
22047,8.12807,AQS,PM_25
22051,7.6824075,AQS,PM_25
22055,8.064286,AQS,PM_25
22071,8.069672,AQS,PM_25
22073,7.856897,AQS,PM_25
22079,7.929907,AQS,PM_25
22087,8.173684,AQS,PM_25
22105,7.926253,AQS,PM_25
22109,7.52,AQS,PM_25
22121,9.146648,AQS,PM_25
23001,7.305087555555556,AQS,PM_25
23003,5.556116818181818,AQS,PM_25
23005,7.396396470588235,AQS,PM_25
23007,5.483004263157895,AQS,PM_25
23009,3.6164892142857146,AQS,PM_25
23011,6.280586,AQS,PM_25
23017,6.338862222222223,AQS,PM_25
23019,5.296602,AQS,PM_25
24005,7.931345461538461,AQS,PM_25
24015,7.8160578,AQS,PM_25
24019,7.727178,AQS,PM_25
24023,5.9538128,AQS,PM_25
24025,8.3385628,AQS,PM_25
24027,8.3430732,AQS,PM_25
24029,8.426649466666667,AQS,PM_25
24031,6.0961432,AQS,PM_25
24033,6.850172153846154,AQS,PM_25
24043,7.8060494,AQS,PM_25
24510,7.815140923076923,AQS,PM_25
25003,7.414397785714286,AQS,PM_25
25005,5.980503666666667,AQS,PM_25
25009,4.8036971363636365,AQS,PM_25
25011,5.279185333333333,AQS,PM_25
25013,5.844694176470588,AQS,PM_25
25015,4.5209354,AQS,PM_25
25023,5.130658846153846,AQS,PM_25
25025,7.123436971428571,AQS,PM_25
25027,5.529186153846154,AQS,PM_25
26005,7.458475,AQS,PM_25
26017,6.770833,AQS,PM_25
26021,7.99,AQS,PM_25
26033,6.694712571428571,AQS,PM_25
26049,7.086066,AQS,PM_25
26065,7.210924,AQS,PM_25
26077,8.150064,AQS,PM_25
26081,8.495944333333334,AQS,PM_25
26091,7.322314,AQS,PM_25
26099,7.387603,AQS,PM_25
26101,5.85339,AQS,PM_25
26113,4.811017,AQS,PM_25
26115,7.685345,AQS,PM_25
26125,8.027826,AQS,PM_25
26147,7.995082,AQS,PM_25
26161,8.087711500000001,AQS,PM_25
26163,8.9907055,AQS,PM_25
27003,7.231108888888889,AQS,PM_25
27005,5.1310562,AQS,PM_25
27007,5.7377400000000005,AQS,PM_25
27017,4.5570984,AQS,PM_25
27031,4.7344464,AQS,PM_25
27035,5.4210646,AQS,PM_25
27037,6.622859928571429,AQS,PM_25
27053,7.296039695652174,AQS,PM_25
27075,3.584761,AQS,PM_25
27083,5.0094069999999995,AQS,PM_25
27109,6.964203555555556,AQS,PM_25
27123,7.240987227272727,AQS,PM_25
27137,4.510460090909091,AQS,PM_25
27139,6.430833,AQS,PM_25
27145,5.8154142,AQS,PM_25
27163,6.6536815,AQS,PM_25
27171,6.6490334,AQS,PM_25
28033,7.8415715,AQS,PM_25
28035,8.232355,AQS,PM_25
28043,7.352427,AQS,PM_25
28045,7.640351,AQS,PM_25
28047,7.773148,AQS,PM_25
28049,9.097953857142857,AQS,PM_25
28059,7.991892,AQS,PM_25
29021,8.3726294,AQS,PM_25
29037,6.871314,AQS,PM_25
29039,6.7847422,AQS,PM_25
29047,6.6638404,AQS,PM_25
29077,7.4222688,AQS,PM_25
29095,8.836191699999999,AQS,PM_25
29099,8.0889192,AQS,PM_25
29189,9.070072555555555,AQS,PM_25
29510,8.450120888888888,AQS,PM_25
30027,5.975917,AQS,PM_25
30029,10.6187614,AQS,PM_25
30031,3.5935314,AQS,PM_25
30049,9.198319481481482,AQS,PM_25
30053,14.3418132,AQS,PM_25
30063,13.0644964,AQS,PM_25
30071,5.1559794,AQS,PM_25
30075,9.6884332,AQS,PM_25
30081,14.9895186,AQS,PM_25
30083,6.0117476,AQS,PM_25
30087,7.8008698,AQS,PM_25
30093,13.085561222222221,AQS,PM_25
30111,7.459554733333333,AQS,PM_25
31055,7.8933,AQS,PM_25
31079,5.961261,AQS,PM_25
31109,6.9073139999999995,AQS,PM_25
31153,9.7071352,AQS,PM_25
31157,7.519469,AQS,PM_25
31177,6.68843,AQS,PM_25
32003,7.035127912280702,AQS,PM_25
32005,6.350329333333333,AQS,PM_25
32031,6.557970421052632,AQS,PM_25
32510,5.896560263157895,AQS,PM_25
33001,4.991295666666667,AQS,PM_25
33005,5.581070666666666,AQS,PM_25
33009,6.225809357142857,AQS,PM_25
33011,3.0758465555555556,AQS,PM_25
33015,4.963745944444445,AQS,PM_25
34001,6.907972615384615,AQS,PM_25
34003,8.242999222222222,AQS,PM_25
34007,9.684217529411765,AQS,PM_25
34011,8.190155,AQS,PM_25
34013,8.158071444444445,AQS,PM_25
34015,7.45073,AQS,PM_25
34017,8.532662647058823,AQS,PM_25
34019,8.063563,AQS,PM_25
34021,7.8389124444444445,AQS,PM_25
34023,7.676108666666667,AQS,PM_25
34027,5.92069,AQS,PM_25
34029,6.713438,AQS,PM_25
34031,7.794017,AQS,PM_25
34039,9.32870511764706,AQS,PM_25
34041,7.830893555555555,AQS,PM_25
35001,6.255394444444445,AQS,PM_25
35013,7.249005153846154,AQS,PM_25
35025,8.291873894736842,AQS,PM_25
35049,4.8827940000000005,AQS,PM_25
35055,9.361536000000001,AQS,PM_25
36001,6.661960647058824,AQS,PM_25
36005,6.976918923076923,AQS,PM_25
36013,6.188235,AQS,PM_25
36029,7.227636,AQS,PM_25
36031,3.757143,AQS,PM_25
36047,7.545455,AQS,PM_25
36055,6.457906307692308,AQS,PM_25
36061,8.1440935,AQS,PM_25
36067,5.286418666666667,AQS,PM_25
36071,6.117544,AQS,PM_25
36081,6.933869538461538,AQS,PM_25
36085,7.197222,AQS,PM_25
36101,4.561601,AQS,PM_25
36103,6.672881,AQS,PM_25
37021,6.8507742857142855,AQS,PM_25
37035,8.087931,AQS,PM_25
37051,8.41410157142857,AQS,PM_25
37057,7.515146153846154,AQS,PM_25
37063,8.39939,AQS,PM_25
37067,7.0140460000000004,AQS,PM_25
37081,7.445921111111111,AQS,PM_25
37099,6.7714490000000005,AQS,PM_25
37101,8.1607088,AQS,PM_25
37119,8.404461545454545,AQS,PM_25
37121,6.7059126,AQS,PM_25
37123,5.7663462,AQS,PM_25
37129,6.097748,AQS,PM_25
37147,6.817213,AQS,PM_25
37173,8.094705000000001,AQS,PM_25
37183,8.605406933333333,AQS,PM_25
38007,4.070806,AQS,PM_25
38013,4.560238399999999,AQS,PM_25
38015,6.805957722222222,AQS,PM_25
38017,7.690763,AQS,PM_25
38025,6.022425,AQS,PM_25
38053,5.579821399999999,AQS,PM_25
38057,3.6706892,AQS,PM_25
38065,6.257851,AQS,PM_25
38101,4.5641398,AQS,PM_25
38105,4.9895032,AQS,PM_25
39003,7.552848,AQS,PM_25
39009,6.469917499999999,AQS,PM_25
39013,7.618919,AQS,PM_25
39017,9.417708925925925,AQS,PM_25
39023,8.104126,AQS,PM_25
39035,9.395327444444444,AQS,PM_25
39049,8.318547,AQS,PM_25
39057,7.3016119999999995,AQS,PM_25
39061,8.853468490196079,AQS,PM_25
39081,8.754695,AQS,PM_25
39085,7.250199,AQS,PM_25
39087,6.634513,AQS,PM_25
39093,7.808426,AQS,PM_25
39095,8.726951,AQS,PM_25
39099,7.794909333333333,AQS,PM_25
39103,7.792793,AQS,PM_25
39113,8.3868525,AQS,PM_25
39133,7.389381,AQS,PM_25
39135,7.395614,AQS,PM_25
39145,6.7909545,AQS,PM_25
39151,9.102024666666667,AQS,PM_25
39153,8.492647705882353,AQS,PM_25
39155,8.318750000000001,AQS,PM_25
40019,8.0520442,AQS,PM_25
40027,7.8151508000000005,AQS,PM_25
40031,6.9678113999999995,AQS,PM_25
40043,6.6612438,AQS,PM_25
40071,7.8482726000000005,AQS,PM_25
40109,7.816594470588235,AQS,PM_25
40121,8.01954011111111,AQS,PM_25
40135,8.204132,AQS,PM_25
40143,9.06632161111111,AQS,PM_25
40147,8.3534854,AQS,PM_25
41013,11.483036,AQS,PM_25
41025,11.040164,AQS,PM_25
41029,16.196513,AQS,PM_25
41033,12.889655,AQS,PM_25
41035,10.814517,AQS,PM_25
41037,10.415741,AQS,PM_25
41039,11.3957435,AQS,PM_25
41051,7.910924,AQS,PM_25
41067,8.0324065,AQS,PM_25
42001,7.5991688,AQS,PM_25
42003,10.414141181818183,AQS,PM_25
42005,9.7414906,AQS,PM_25
42007,10.150596333333334,AQS,PM_25
42011,8.315318357142857,AQS,PM_25
42013,8.500575600000001,AQS,PM_25
42015,6.4469714,AQS,PM_25
42021,11.787460600000001,AQS,PM_25
42027,8.499664,AQS,PM_25
42029,9.817767,AQS,PM_25
42041,9.0674355,AQS,PM_25
42043,9.396813285714286,AQS,PM_25
42045,8.758071428571428,AQS,PM_25
42049,7.9618804,AQS,PM_25
42059,7.2297571000000005,AQS,PM_25
42069,8.593960599999999,AQS,PM_25
42071,10.065653272727273,AQS,PM_25
42075,10.488772888888889,AQS,PM_25
42077,7.8961456000000005,AQS,PM_25
42085,11.809991,AQS,PM_25
42089,7.2516672,AQS,PM_25
42091,9.002139999999999,AQS,PM_25
42095,10.549608777777777,AQS,PM_25
42101,8.933109594594594,AQS,PM_25
42117,10.1196052,AQS,PM_25
42125,8.912129291666666,AQS,PM_25
42129,9.14599065,AQS,PM_25
42133,9.009828200000001,AQS,PM_25
44003,4.622822222222222,AQS,PM_25
44007,6.3664194,AQS,PM_25
44009,5.0559342,AQS,PM_25
45019,7.4453819999999995,AQS,PM_25
45025,6.9705259999999996,AQS,PM_25
45037,7.857,AQS,PM_25
45041,7.637363,AQS,PM_25
45045,8.253022470588235,AQS,PM_25
45063,8.321333777777777,AQS,PM_25
45073,6.0840254,AQS,PM_25
45079,7.986766749999999,AQS,PM_25
45083,7.980345,AQS,PM_25
46011,4.7293449999999995,AQS,PM_25
46013,5.677595666666667,AQS,PM_25
46029,7.5004438,AQS,PM_25
46033,5.1985908,AQS,PM_25
46065,3.5610826,AQS,PM_25
46071,3.7003687999999997,AQS,PM_25
46099,6.297299384615385,AQS,PM_25
46103,6.456585769230769,AQS,PM_25
46127,6.4056966,AQS,PM_25
47009,7.780266777777778,AQS,PM_25
47037,8.231137222222221,AQS,PM_25
47045,6.955301111111111,AQS,PM_25
47065,8.874795047619047,AQS,PM_25
47093,8.2307328,AQS,PM_25
47099,6.053347111111111,AQS,PM_25
47105,6.598518111111111,AQS,PM_25
47107,7.576304222222222,AQS,PM_25
47113,6.885696846153846,AQS,PM_25
47119,7.0144152222222225,AQS,PM_25
47125,8.0444928,AQS,PM_25
47141,7.361606,AQS,PM_25
47145,7.439713222222222,AQS,PM_25
47157,8.046065500000001,AQS,PM_25
47163,7.232431888888889,AQS,PM_25
47165,7.424295923076923,AQS,PM_25
48029,8.555744,AQS,PM_25
48037,8.965574,AQS,PM_25
48043,6.527327199999999,AQS,PM_25
48061,9.480357,AQS,PM_25
48113,8.777354117647059,AQS,PM_25
48139,8.565517,AQS,PM_25
48141,8.699929235294118,AQS,PM_25
48167,6.611409,AQS,PM_25
48201,9.04095082051282,AQS,PM_25
48203,8.452459,AQS,PM_25
48215,9.654717,AQS,PM_25
48245,9.1920698,AQS,PM_25
48355,7.942644666666666,AQS,PM_25
48361,10.47682,AQS,PM_25
48439,8.469376,AQS,PM_25
48453,9.108193588235293,AQS,PM_25
49003,7.6064478518518515,AQS,PM_25
49005,9.27838984375,AQS,PM_25
49011,9.141033629629629,AQS,PM_25
49013,6.2323366,AQS,PM_25
49035,7.991051153846154,AQS,PM_25
49045,6.460980666666667,AQS,PM_25
49047,5.662721599999999,AQS,PM_25
49049,7.214989408163265,AQS,PM_25
49053,4.8961434,AQS,PM_25
49057,8.4690860625,AQS,PM_25
50003,5.3205616,AQS,PM_25
50007,4.598423888888889,AQS,PM_25
50021,6.814353,AQS,PM_25
51003,6.538752,AQS,PM_25
51013,7.533889,AQS,PM_25
51036,6.95082,AQS,PM_25
51041,7.158197,AQS,PM_25
51059,8.153310888888889,AQS,PM_25
51069,7.5667495,AQS,PM_25
51087,7.239546333333333,AQS,PM_25
51107,7.317094,AQS,PM_25
51161,6.593113,AQS,PM_25
51165,6.848739,AQS,PM_25
51520,7.207965,AQS,PM_25
51650,6.808633666666666,AQS,PM_25
51680,6.435965,AQS,PM_25
51710,6.914876,AQS,PM_25
51760,8.301226555555557,AQS,PM_25
51775,6.941071,AQS,PM_25
51810,6.619313,AQS,PM_25
53007,9.642942399999999,AQS,PM_25
53011,8.7054988,AQS,PM_25
53033,7.670849827586207,AQS,PM_25
53035,4.90946,AQS,PM_25
53037,11.0623296,AQS,PM_25
53047,11.5124998,AQS,PM_25
53053,8.046757888888889,AQS,PM_25
53057,5.7595256,AQS,PM_25
53061,7.91564505,AQS,PM_25
53063,10.8810582,AQS,PM_25
53073,5.300178799999999,AQS,PM_25
53077,11.948162071428571,AQS,PM_25
54003,8.52623,AQS,PM_25
54009,8.998036333333333,AQS,PM_25
54011,7.6859795,AQS,PM_25
54029,8.334167,AQS,PM_25
54033,7.518852,AQS,PM_25
54039,7.700500923076923,AQS,PM_25
54049,7.762281,AQS,PM_25
54051,9.271074,AQS,PM_25
54061,7.298319,AQS,PM_25
54069,7.904167,AQS,PM_25
54107,8.168966,AQS,PM_25
55003,3.9000000000000004,AQS,PM_25
55009,6.38771423076923,AQS,PM_25
55025,7.404815076923077,AQS,PM_25
55027,6.237032777777777,AQS,PM_25
55035,6.5892434444444445,AQS,PM_25
55041,4.113336888888889,AQS,PM_25
55043,6.946872333333333,AQS,PM_25
55059,6.8315075555555556,AQS,PM_25
55063,6.5687533333333334,AQS,PM_25
55079,7.768343909090909,AQS,PM_25
55087,6.062393777777777,AQS,PM_25
55089,5.642365444444445,AQS,PM_25
55111,6.216668888888889,AQS,PM_25
55119,4.718775333333333,AQS,PM_25
55125,4.505133444444445,AQS,PM_25
55133,8.034788666666667,AQS,PM_25
56001,4.85474064516129,AQS,PM_25
56005,5.36062078,AQS,PM_25
56009,5.028138266666667,AQS,PM_25
56013,4.788429857142857,AQS,PM_25
56021,4.271415264705882,AQS,PM_25
56025,4.370076,AQS,PM_25
56029,5.064522500000001,AQS,PM_25
56033,6.8879269019607845,AQS,PM_25
56035,5.691911866666667,AQS,PM_25
56037,5.587705,AQS,PM_25
56039,3.7480246153846153,AQS,PM_25
72001,7.874468,AQS,PM_25
72021,17.355943,AQS,PM_25
72053,9.759259333333333,AQS,PM_25
72057,7.643182,AQS,PM_25
72059,7.544681,AQS,PM_25
72061,9.963415,AQS,PM_25
72113,10.542214,AQS,PM_25
78010,6.092308,AQS,PM_25
80002,21.349770666666668,AQS,PM_25
01073,18.100458,AQS,NOX
02090,27.538596,AQS,NOX
04013,25.20099,AQS,NOX
04019,10.0032855,AQS,NOX
05035,9.189549,AQS,NOX
05119,11.780989,AQS,NOX
06001,22.7653498,AQS,NOX
06007,9.27711,AQS,NOX
06013,8.51415575,AQS,NOX
06019,13.0666442,AQS,NOX
06025,14.7781855,AQS,NOX
06029,13.9250535,AQS,NOX
06031,11.547447,AQS,NOX
06037,23.774816,AQS,NOX
06039,7.929254,AQS,NOX
06041,14.510017,AQS,NOX
06047,9.13918,AQS,NOX
06053,5.087266,AQS,NOX
06055,12.569861,AQS,NOX
06059,24.73188925,AQS,NOX
06061,10.70467,AQS,NOX
06065,13.362754333333333,AQS,NOX
06067,10.26244942857143,AQS,NOX
06071,28.6571,AQS,NOX
06073,12.231307,AQS,NOX
06075,18.012228,AQS,NOX
06077,12.792766499999999,AQS,NOX
06079,3.9722014999999997,AQS,NOX
06081,17.698968,AQS,NOX
06083,3.2656196363636365,AQS,NOX
06085,24.839878,AQS,NOX
06095,14.720656,AQS,NOX
06097,7.839041,AQS,NOX
06099,14.948813,AQS,NOX
06101,11.873029,AQS,NOX
06107,14.842955,AQS,NOX
06111,8.1054975,AQS,NOX
06113,5.326121,AQS,NOX
08001,26.713935,AQS,NOX
08007,3.327944,AQS,NOX
08031,49.530454000000006,AQS,NOX
08045,5.535316,AQS,NOX
08067,4.680758666666667,AQS,NOX
08093,0.796367,AQS,NOX
08103,1.006513,AQS,NOX
09009,15.896526,AQS,NOX
10003,15.841629,AQS,NOX
11001,18.826482000000002,AQS,NOX
12011,23.775063000000003,AQS,NOX
12031,14.103550499999999,AQS,NOX
12057,10.04673,AQS,NOX
12086,12.758339333333332,AQS,NOX
12095,17.4350735,AQS,NOX
12099,5.111325,AQS,NOX
12103,5.511821,AQS,NOX
12115,1.976195,AQS,NOX
13089,27.455827,AQS,NOX
13121,41.916665,AQS,NOX
16001,33.617939,AQS,NOX
17031,23.5545195,AQS,NOX
17163,13.484908,AQS,NOX
18089,15.276388,AQS,NOX
18097,19.280603,AQS,NOX
18141,11.24809,AQS,NOX
18163,10.773923,AQS,NOX
19153,8.477935,AQS,NOX
19163,6.907007,AQS,NOX
19177,2.295128,AQS,NOX
20133,3.383432,AQS,NOX
20173,9.744976,AQS,NOX
20191,5.100829,AQS,NOX
20195,3.63949,AQS,NOX
20209,13.978364,AQS,NOX
21019,6.516314,AQS,NOX
21037,3.614662,AQS,NOX
21059,4.998279,AQS,NOX
21067,5.92651,AQS,NOX
21111,17.5715955,AQS,NOX
21145,5.837298,AQS,NOX
22005,9.702053,AQS,NOX
22019,10.716398,AQS,NOX
22033,8.0397875,AQS,NOX
22047,5.86857,AQS,NOX
22051,7.153373,AQS,NOX
22063,4.533342,AQS,NOX
22071,15.716055,AQS,NOX
22121,12.724066,AQS,NOX
23003,2.647806,AQS,NOX
23005,12.296998,AQS,NOX
23011,3.948017,AQS,NOX
24005,21.6537515,AQS,NOX
24023,1.86603,AQS,NOX
24027,33.531911,AQS,NOX
24033,8.244065,AQS,NOX
24510,20.64539,AQS,NOX
25009,3.980137,AQS,NOX
25013,13.511576999999999,AQS,NOX
25015,3.224157,AQS,NOX
25021,4.887155,AQS,NOX
25025,19.785959666666667,AQS,NOX
25027,19.1388,AQS,NOX
26065,7.346503,AQS,NOX
26113,2.315837,AQS,NOX
26163,18.643394375,AQS,NOX
27003,8.039055,AQS,NOX
27037,9.439099,AQS,NOX
27053,22.481842,AQS,NOX
28059,4.813156,AQS,NOX
29095,18.5705385,AQS,NOX
29137,2.213494,AQS,NOX
29189,17.260021,AQS,NOX
29510,14.881245666666667,AQS,NOX
30027,1.203943,AQS,NOX
30031,4.048734,AQS,NOX
30071,1.115417,AQS,NOX
30075,1.03961,AQS,NOX
30083,1.3351419999999998,AQS,NOX
30087,3.232214,AQS,NOX
32031,19.728332,AQS,NOX
33015,2.28911,AQS,NOX
34003,28.574134,AQS,NOX
34007,17.71375,AQS,NOX
34011,9.706876,AQS,NOX
34013,23.351454,AQS,NOX
34017,30.476642,AQS,NOX
34023,11.705731,AQS,NOX
34027,3.677288,AQS,NOX
34039,36.484295,AQS,NOX
34041,26.699027,AQS,NOX
35001,15.171293,AQS,NOX
35013,7.043068,AQS,NOX
35015,3.666947,AQS,NOX
35025,5.196933,AQS,NOX
35045,7.48227725,AQS,NOX
36005,21.2029315,AQS,NOX
36029,14.795168499999999,AQS,NOX
36033,2.089116,AQS,NOX
36055,15.82455,AQS,NOX
36081,19.60784,AQS,NOX
37067,8.843927,AQS,NOX
37105,1.573162,AQS,NOX
37119,14.206760000000001,AQS,NOX
37183,12.4231715,AQS,NOX
38013,2.201882,AQS,NOX
38015,6.565769,AQS,NOX
38017,5.496362,AQS,NOX
38025,2.768259,AQS,NOX
38053,1.660345,AQS,NOX
38057,3.267103,AQS,NOX
38065,2.62474,AQS,NOX
38101,1.940176,AQS,NOX
39013,9.954725,AQS,NOX
39035,15.0024905,AQS,NOX
39049,15.5514575,AQS,NOX
39061,30.850120999999998,AQS,NOX
40001,2.382387,AQS,NOX
40017,7.23325,AQS,NOX
40051,4.908609,AQS,NOX
40109,16.8743165,AQS,NOX
40135,5.572,AQS,NOX
40143,9.279306,AQS,NOX
41051,13.053032,AQS,NOX
41067,25.608405,AQS,NOX
42001,0.899381,AQS,NOX
42003,12.201199500000001,AQS,NOX
42007,14.018839,AQS,NOX
42015,5.300109,AQS,NOX
42021,8.542801,AQS,NOX
42027,4.221541,AQS,NOX
42045,14.962059,AQS,NOX
42049,4.391781,AQS,NOX
42069,16.894116,AQS,NOX
42095,10.64061,AQS,NOX
42101,23.90716666666667,AQS,NOX
42117,2.847509,AQS,NOX
42125,6.5210894999999995,AQS,NOX
42133,12.237205,AQS,NOX
44003,1.503799,AQS,NOX
44007,23.187401,AQS,NOX
46071,0.756588,AQS,NOX
46099,5.365273,AQS,NOX
46103,8.464948,AQS,NOX
46127,1.873318,AQS,NOX
47037,19.403251,AQS,NOX
47157,19.033642,AQS,NOX
48029,9.672369333333334,AQS,NOX
48039,4.3350575,AQS,NOX
48113,9.223911,AQS,NOX
48121,5.732539,AQS,NOX
48139,4.0944865,AQS,NOX
48141,20.935788,AQS,NOX
48167,2.603223,AQS,NOX
48183,3.595614,AQS,NOX
48201,14.071988538461538,AQS,NOX
48203,2.826254,AQS,NOX
48231,3.860301,AQS,NOX
48245,4.431111,AQS,NOX
48257,3.354407,AQS,NOX
48309,2.723435,AQS,NOX
48339,3.677447,AQS,NOX
48349,2.576329,AQS,NOX
48361,4.321747,AQS,NOX
48423,1.714282,AQS,NOX
48439,10.6453035,AQS,NOX
48453,14.872012000000002,AQS,NOX
49005,6.477678,AQS,NOX
49007,3.266542,AQS,NOX
49011,16.352495,AQS,NOX
49013,6.1833515000000006,AQS,NOX
49035,13.0257105,AQS,NOX
49045,4.428571,AQS,NOX
49047,4.084028,AQS,NOX
49049,22.072667,AQS,NOX
49053,3.065979,AQS,NOX
49057,32.404488,AQS,NOX
50007,8.35166,AQS,NOX
50021,10.579566,AQS,NOX
51013,12.119158,AQS,NOX
51036,4.271648,AQS,NOX
51059,26.891529,AQS,NOX
51087,9.595232,AQS,NOX
51107,7.628711,AQS,NOX
51153,5.008437,AQS,NOX
51161,6.815561,AQS,NOX
51165,12.269546,AQS,NOX
51650,3.598738,AQS,NOX
51710,9.714187,AQS,NOX
51760,20.04224,AQS,NOX
53025,5.49709,AQS,NOX
53033,32.813957,AQS,NOX
53053,40.565682,AQS,NOX
55071,0.612112,AQS,NOX
55079,18.437186,AQS,NOX
56001,8.542035,AQS,NOX
56005,3.725379,AQS,NOX
56007,0.94832,AQS,NOX
56009,1.9771345,AQS,NOX
56013,0.350146,AQS,NOX
56021,8.625101,AQS,NOX
56025,6.3505123333333335,AQS,NOX
56033,9.816143,AQS,NOX
56035,3.4129196,AQS,NOX
56037,2.9127829999999997,AQS,NOX
56041,2.2446990000000002,AQS,NOX
72025,15.027929,AQS,NOX
72061,36.773346,AQS,NOX
08083,0.249,CASTNET,SO2
42047,0.795,CASTNET,SO2
51071,1.252,CASTNET,SO2
26161,0.733,CASTNET,SO2
27007,0.341,CASTNET,SO2
48043,0.542,CASTNET,SO2
48373,0.687,CASTNET,SO2
54093,0.651,CASTNET,SO2
06071,0.44,CASTNET,SO2
47025,0.485,CASTNET,SO2
50007,0.348,CASTNET,SO2
06107,0.777,CASTNET,SO2
46033,0.308,CASTNET,SO2
34021,0.72,CASTNET,SO2
51113,0.579,CASTNET,SO2
56039,0.645,CASTNET,SO2
56005,0.398,CASTNET,SO2
06089,0.248,CASTNET,SO2
32033,0.193,CASTNET,SO2
31107,0.512,CASTNET,SO2
24033,0.767,CASTNET,SO2
21221,0.931,CASTNET,SO2
24019,1.06,CASTNET,SO2
01049,0.613,CASTNET,SO2
56035,0.221,CASTNET,SO2
36031,0.354,CASTNET,SO2
39121,1.24,CASTNET,SO2
47041,0.481,CASTNET,SO2
48381,0.775,CASTNET,SO2
13231,0.531,CASTNET,SO2
16049,0.213,CASTNET,SO2
37011,0.419,CASTNET,SO2
17119,0.995,CASTNET,SO2
37123,0.568,CASTNET,SO2
17019,0.876,CASTNET,SO2
28161,0.568,CASTNET,SO2
30029,0.247,CASTNET,SO2
38007,0.669,CASTNET,SO2
56033,0.365,CASTNET,SO2
47009,0.406,CASTNET,SO2
37031,0.59,CASTNET,SO2
20013,0.597,CASTNET,SO2
04003,0.309,CASTNET,SO2
49047,0.365,CASTNET,SO2
18169,0.887,CASTNET,SO2
08069,0.195,CASTNET,SO2
09015,0.515,CASTNET,SO2
26165,0.477,CASTNET,SO2
21229,0.725,CASTNET,SO2
08051,0.17,CASTNET,SO2
21061,0.752,CASTNET,SO2
42085,0.907,CASTNET,SO2
36109,0.668,CASTNET,SO2
54021,0.586,CASTNET,SO2
51147,0.581,CASTNET,SO2
20161,0.511,CASTNET,SO2
33009,0.375,CASTNET,SO2
49037,0.255,CASTNET,SO2
56001,0.21,CASTNET,SO2
23019,0.411,CASTNET,SO2
12061,0.944,CASTNET,SO2
39047,0.82,CASTNET,SO2
42027,0.914,CASTNET,SO2
12077,0.432,CASTNET,SO2
37113,0.294,CASTNET,SO2
21175,0.718,CASTNET,SO2
17085,0.694,CASTNET,SO2
08069,0.198,CASTNET,SO2
36111,0.53,CASTNET,SO2
42111,0.837,CASTNET,SO2
06043,0.386,CASTNET,SO2
23009,0.513,CASTNET,SO2
23003,0.456,CASTNET,SO2
56019,0.373,CASTNET,SO2
55119,0.471,CASTNET,SO2
18083,1.452,CASTNET,SO2
36031,0.365,CASTNET,SO2
42001,0.931,CASTNET,SO2
56003,1.713,CASTNET,SO2
04005,0.246,CASTNET,SO2
21229,0.714,CASTNET,SO2
26157,0.824,CASTNET,SO2
39017,1.078,CASTNET,SO2
36043,0.241,CASTNET,SO2
06069,0.344,CASTNET,SO2
40001,0.71,CASTNET,SO2
27137,0.301,CASTNET,SO2
05019,0.625,CASTNET,SO2
08083,0.406,CASTNET,SO4
42047,1.12,CASTNET,SO4
51071,1.098,CASTNET,SO4
26161,1.1,CASTNET,SO4
27007,0.656,CASTNET,SO4
48043,1.486,CASTNET,SO4
48373,1.859,CASTNET,SO4
54093,1.22,CASTNET,SO4
06071,0.721,CASTNET,SO4
47025,1.168,CASTNET,SO4
50007,0.639,CASTNET,SO4
06107,1.075,CASTNET,SO4
46033,0.505,CASTNET,SO4
34021,1.03,CASTNET,SO4
51113,0.986,CASTNET,SO4
56039,0.278,CASTNET,SO4
56005,0.491,CASTNET,SO4
06089,0.292,CASTNET,SO4
32033,0.379,CASTNET,SO4
31107,0.939,CASTNET,SO4
24033,1.108,CASTNET,SO4
21221,1.476,CASTNET,SO4
24019,1.127,CASTNET,SO4
01049,1.264,CASTNET,SO4
56035,0.314,CASTNET,SO4
36031,0.644,CASTNET,SO4
39121,1.388,CASTNET,SO4
47041,1.222,CASTNET,SO4
48381,1.121,CASTNET,SO4
13231,1.198,CASTNET,SO4
16049,0.277,CASTNET,SO4
37011,1.008,CASTNET,SO4
17119,1.4,CASTNET,SO4
37123,1.081,CASTNET,SO4
17019,1.334,CASTNET,SO4
28161,1.329,CASTNET,SO4
30029,0.368,CASTNET,SO4
38007,0.761,CASTNET,SO4
56033,0.487,CASTNET,SO4
47009,1.065,CASTNET,SO4
37031,1.18,CASTNET,SO4
20013,1.323,CASTNET,SO4
04003,0.72,CASTNET,SO4
49047,0.487,CASTNET,SO4
18169,1.274,CASTNET,SO4
08069,0.344,CASTNET,SO4
09015,0.771,CASTNET,SO4
26165,0.813,CASTNET,SO4
21229,1.456,CASTNET,SO4
08051,0.31,CASTNET,SO4
21061,1.371,CASTNET,SO4
42085,1.204,CASTNET,SO4
36109,0.945,CASTNET,SO4
54021,1.212,CASTNET,SO4
51147,1.081,CASTNET,SO4
20161,1.214,CASTNET,SO4
33009,0.578,CASTNET,SO4
49037,0.398,CASTNET,SO4
56001,0.32,CASTNET,SO4
23019,0.566,CASTNET,SO4
12061,1.904,CASTNET,SO4
39047,1.304,CASTNET,SO4
42027,1.253,CASTNET,SO4
12077,1.291,CASTNET,SO4
37113,0.877,CASTNET,SO4
21175,1.284,CASTNET,SO4
17085,0.993,CASTNET,SO4
08069,0.343,CASTNET,SO4
36111,0.768,CASTNET,SO4
42111,1.287,CASTNET,SO4
06043,0.586,CASTNET,SO4
23009,0.622,CASTNET,SO4
23003,0.513,CASTNET,SO4
56019,0.465,CASTNET,SO4
55119,0.717,CASTNET,SO4
18083,1.563,CASTNET,SO4
36031,0.62,CASTNET,SO4
42001,1.18,CASTNET,SO4
56003,0.676,CASTNET,SO4
04005,0.452,CASTNET,SO4
21229,1.384,CASTNET,SO4
26157,0.987,CASTNET,SO4
39017,1.432,CASTNET,SO4
36043,0.704,CASTNET,SO4
06069,0.711,CASTNET,SO4
40001,1.492,CASTNET,SO4
27137,0.593,CASTNET,SO4
05019,1.518,CASTNET,SO4
08083,0.149,CASTNET,NO3
42047,0.541,CASTNET,NO3
51071,0.502,CASTNET,NO3
26161,1.233,CASTNET,NO3
27007,0.659,CASTNET,NO3
48043,0.421,CASTNET,NO3
48373,0.615,CASTNET,NO3
54093,0.473,CASTNET,NO3
06071,0.621,CASTNET,NO3
47025,0.494,CASTNET,NO3
50007,0.354,CASTNET,NO3
06107,0.992,CASTNET,NO3
46033,0.215,CASTNET,NO3
34021,1.027,CASTNET,NO3
51113,0.561,CASTNET,NO3
56039,0.103,CASTNET,NO3
56005,0.195,CASTNET,NO3
06089,0.119,CASTNET,NO3
32033,0.146,CASTNET,NO3
31107,1.18,CASTNET,NO3
24033,0.821,CASTNET,NO3
21221,0.726,CASTNET,NO3
24019,0.919,CASTNET,NO3
01049,0.785,CASTNET,NO3
56035,0.109,CASTNET,NO3
36031,0.279,CASTNET,NO3
39121,0.913,CASTNET,NO3
47041,0.449,CASTNET,NO3
48381,0.685,CASTNET,NO3
13231,0.438,CASTNET,NO3
16049,0.123,CASTNET,NO3
37011,0.366,CASTNET,NO3
17119,1.275,CASTNET,NO3
37123,0.499,CASTNET,NO3
17019,1.476,CASTNET,NO3
28161,0.467,CASTNET,NO3
30029,0.32,CASTNET,NO3
38007,0.448,CASTNET,NO3
56033,0.344,CASTNET,NO3
47009,0.367,CASTNET,NO3
37031,0.825,CASTNET,NO3
20013,1.513,CASTNET,NO3
04003,0.291,CASTNET,NO3
49047,0.759,CASTNET,NO3
18169,1.542,CASTNET,NO3
08069,0.147,CASTNET,NO3
09015,0.708,CASTNET,NO3
26165,0.675,CASTNET,NO3
21229,0.855,CASTNET,NO3
08051,0.102,CASTNET,NO3
21061,0.775,CASTNET,NO3
42085,0.829,CASTNET,NO3
36109,0.656,CASTNET,NO3
54021,0.321,CASTNET,NO3
51147,0.372,CASTNET,NO3
20161,1.162,CASTNET,NO3
33009,0.183,CASTNET,NO3
49037,0.157,CASTNET,NO3
56001,0.112,CASTNET,NO3
23019,0.219,CASTNET,NO3
12061,1.342,CASTNET,NO3
39047,1.102,CASTNET,NO3
42027,1.02,CASTNET,NO3
12077,0.474,CASTNET,NO3
37113,0.201,CASTNET,NO3
21175,0.483,CASTNET,NO3
17085,1.523,CASTNET,NO3
08069,0.148,CASTNET,NO3
36111,0.529,CASTNET,NO3
42111,0.506,CASTNET,NO3
06043,0.346,CASTNET,NO3
23009,0.372,CASTNET,NO3
23003,0.189,CASTNET,NO3
56019,0.154,CASTNET,NO3
55119,0.987,CASTNET,NO3
18083,1.315,CASTNET,NO3
36031,0.218,CASTNET,NO3
42001,1.164,CASTNET,NO3
56003,0.582,CASTNET,NO3
04005,0.193,CASTNET,NO3
21229,0.858,CASTNET,NO3
26157,1.229,CASTNET,NO3
39017,1.23,CASTNET,NO3
36043,0.312,CASTNET,NO3
06069,0.664,CASTNET,NO3
40001,0.719,CASTNET,NO3
27137,0.535,CASTNET,NO3
05019,0.378,CASTNET,NO3
08083,0.153,CASTNET,NH4
42047,0.469,CASTNET,NH4
51071,0.436,CASTNET,NH4
26161,0.601,CASTNET,NH4
27007,0.332,CASTNET,NH4
48043,0.453,CASTNET,NH4
48373,0.325,CASTNET,NH4
54093,0.431,CASTNET,NH4
06071,0.247,CASTNET,NH4
47025,0.424,CASTNET,NH4
50007,0.277,CASTNET,NH4
06107,0.537,CASTNET,NH4
46033,0.21,CASTNET,NH4
34021,0.483,CASTNET,NH4
51113,0.427,CASTNET,NH4
56039,0.137,CASTNET,NH4
56005,0.214,CASTNET,NH4
06089,0.127,CASTNET,NH4
32033,0.142,CASTNET,NH4
31107,0.495,CASTNET,NH4
24033,0.475,CASTNET,NH4
21221,0.57,CASTNET,NH4
24019,0.469,CASTNET,NH4
01049,0.538,CASTNET,NH4
56035,0.136,CASTNET,NH4
36031,0.266,CASTNET,NH4
39121,0.612,CASTNET,NH4
47041,0.436,CASTNET,NH4
48381,0.418,CASTNET,NH4
13231,0.391,CASTNET,NH4
16049,0.163,CASTNET,NH4
37011,0.387,CASTNET,NH4
17119,0.668,CASTNET,NH4
37123,0.392,CASTNET,NH4
17019,0.725,CASTNET,NH4
28161,0.42,CASTNET,NH4
30029,0.232,CASTNET,NH4
38007,0.315,CASTNET,NH4
56033,0.253,CASTNET,NH4
47009,0.334,CASTNET,NH4
37031,0.291,CASTNET,NH4
20013,0.44,CASTNET,NH4
04003,0.24,CASTNET,NH4
49047,0.329,CASTNET,NH4
18169,0.751,CASTNET,NH4
08069,0.15,CASTNET,NH4
09015,0.34,CASTNET,NH4
26165,0.423,CASTNET,NH4
21229,0.637,CASTNET,NH4
08051,0.124,CASTNET,NH4
21061,0.584,CASTNET,NH4
42085,0.543,CASTNET,NH4
36109,0.463,CASTNET,NH4
54021,0.457,CASTNET,NH4
51147,0.401,CASTNET,NH4
20161,0.409,CASTNET,NH4
33009,0.219,CASTNET,NH4
49037,0.148,CASTNET,NH4
56001,0.137,CASTNET,NH4
23019,0.202,CASTNET,NH4
12061,0.334,CASTNET,NH4
39047,0.676,CASTNET,NH4
42027,0.646,CASTNET,NH4
12077,0.253,CASTNET,NH4
37113,0.306,CASTNET,NH4
21175,0.502,CASTNET,NH4
17085,0.591,CASTNET,NH4
08069,0.151,CASTNET,NH4
36111,0.372,CASTNET,NH4
42111,0.512,CASTNET,NH4
06043,0.257,CASTNET,NH4
23009,0.182,CASTNET,NH4
23003,0.184,CASTNET,NH4
56019,0.202,CASTNET,NH4
55119,0.466,CASTNET,NH4
18083,0.691,CASTNET,NH4
36031,0.249,CASTNET,NH4
42001,0.64,CASTNET,NH4
56003,0.394,CASTNET,NH4
04005,0.164,CASTNET,NH4
21229,0.614,CASTNET,NH4
26157,0.613,CASTNET,NH4
39017,0.713,CASTNET,NH4
36043,0.281,CASTNET,NH4
06069,0.17,CASTNET,NH4
40001,0.506,CASTNET,NH4
27137,0.308,CASTNET,NH4
05019,0.449,CASTNET,NH4
01073,1.462739,IMPROVE,SO4
01079,1.1486129166666668,IMPROVE,SO4
02013,0.5486510280373832,IMPROVE,SO4
02068,0.25982893805309737,IMPROVE,SO4
02122,0.32292045454545454,IMPROVE,SO4
02170,0.24462841121495327,IMPROVE,SO4
04001,0.4361485849056604,IMPROVE,SO4
04003,0.651040756302521,IMPROVE,SO4
04005,0.4099400913242009,IMPROVE,SO4
04007,0.6442346794871795,IMPROVE,SO4
04013,0.7623424644549763,IMPROVE,SO4
04015,0.4483571818181818,IMPROVE,SO4
04017,0.43310759259259257,IMPROVE,SO4
04019,0.6898603963414635,IMPROVE,SO4
04023,0.7114472566371681,IMPROVE,SO4
04025,0.5375116161616161,IMPROVE,SO4
05101,1.084131238938053,IMPROVE,SO4
05113,1.2715374576271186,IMPROVE,SO4
06015,0.42834938053097343,IMPROVE,SO4
06017,0.3602052358490566,IMPROVE,SO4
06019,0.7302414516129032,IMPROVE,SO4
06027,0.40042168224299063,IMPROVE,SO4
06029,0.7234877777777777,IMPROVE,SO4
06037,0.5234854545454546,IMPROVE,SO4
06041,0.6733638888888889,IMPROVE,SO4
06043,0.5201835087719299,IMPROVE,SO4
06051,0.34026633333333334,IMPROVE,SO4
06065,0.8671780952380952,IMPROVE,SO4
06069,0.5594455932203389,IMPROVE,SO4
06071,0.5653832882882883,IMPROVE,SO4
06083,0.6555614150943396,IMPROVE,SO4
06089,0.2988465254237288,IMPROVE,SO4
06093,0.24734534482758622,IMPROVE,SO4
06105,0.33257984126984125,IMPROVE,SO4
06107,0.8622145871559633,IMPROVE,SO4
08003,0.3026748623853211,IMPROVE,SO4
08057,0.31517754545454546,IMPROVE,SO4
08067,0.33934803418803416,IMPROVE,SO4
08069,0.354840625,IMPROVE,SO4
08083,0.3516817924528302,IMPROVE,SO4
08097,0.2587862385321101,IMPROVE,SO4
08103,0.32098254545454546,IMPROVE,SO4
08111,0.30605169642857144,IMPROVE,SO4
09005,0.6912893220338983,IMPROVE,SO4
12017,1.2237016822429907,IMPROVE,SO4
12086,1.2294968932038834,IMPROVE,SO4
12129,1.1843755555555555,IMPROVE,SO4
13049,1.1645290566037736,IMPROVE,SO4
13213,0.9874000934579439,IMPROVE,SO4
15001,1.800156886792453,IMPROVE,SO4
16023,0.2771068867924528,IMPROVE,SO4
16037,0.22645415841584157,IMPROVE,SO4
17019,1.1954704166666668,IMPROVE,SO4
19137,0.9575604504504505,IMPROVE,SO4
20017,1.0591416814159291,IMPROVE,SO4
20195,0.7850008411214954,IMPROVE,SO4
21061,1.2320153097345132,IMPROVE,SO4
22075,1.2681252,IMPROVE,SO4
23003,0.5439625862068965,IMPROVE,SO4
23005,0.6377173148148149,IMPROVE,SO4
23009,0.5830077118644068,IMPROVE,SO4
23019,0.6040593693693693,IMPROVE,SO4
23029,0.5696331092436975,IMPROVE,SO4
24023,1.2385200881057268,IMPROVE,SO4
25001,0.7548406542056074,IMPROVE,SO4
25007,0.8179332608695652,IMPROVE,SO4
26083,0.575656218487395,IMPROVE,SO4
26153,0.5846122222222222,IMPROVE,SO4
27075,0.5244164655172414,IMPROVE,SO4
27137,0.5797205825242718,IMPROVE,SO4
27169,0.738166186440678,IMPROVE,SO4
29207,1.2344565,IMPROVE,SO4
29213,1.133377610619469,IMPROVE,SO4
30027,0.4763301739130435,IMPROVE,SO4
30029,0.3342894117647059,IMPROVE,SO4
30047,0.2803910476190476,IMPROVE,SO4
30049,0.2363981651376147,IMPROVE,SO4
30077,0.25642141509433963,IMPROVE,SO4
30081,0.26798238095238097,IMPROVE,SO4
30085,0.6575914893617021,IMPROVE,SO4
30087,0.4502545299145299,IMPROVE,SO4
30089,0.25525444444444445,IMPROVE,SO4
30091,0.6622975,IMPROVE,SO4
31171,0.457386,IMPROVE,SO4
32007,0.26457757575757573,IMPROVE,SO4
32033,0.3198270535714286,IMPROVE,SO4
33007,0.5517538738738739,IMPROVE,SO4
33011,0.5525766964285714,IMPROVE,SO4
34001,0.9256191071428571,IMPROVE,SO4
35003,0.4787466216216216,IMPROVE,SO4
35005,0.9067936363636364,IMPROVE,SO4
35015,0.7238378947368421,IMPROVE,SO4
35027,0.5882719642857143,IMPROVE,SO4
35028,0.3883924778761062,IMPROVE,SO4
35039,0.3350154255319149,IMPROVE,SO4
35053,0.49942491071428574,IMPROVE,SO4
35055,0.297741981981982,IMPROVE,SO4
37011,0.8425412605042016,IMPROVE,SO4
37087,0.7733446902654867,IMPROVE,SO4
37095,0.9340435185185185,IMPROVE,SO4
38007,0.6029766666666667,IMPROVE,SO4
38013,0.6362598305084746,IMPROVE,SO4
39121,1.277883185840708,IMPROVE,SO4
40031,1.164158080808081,IMPROVE,SO4
40071,1.2862179816513761,IMPROVE,SO4
41005,0.2483982905982906,IMPROVE,SO4
41033,0.3224529203539823,IMPROVE,SO4
41035,0.23649892857142857,IMPROVE,SO4
41039,0.2684168695652174,IMPROVE,SO4
41061,0.2746844761904762,IMPROVE,SO4
41063,0.28188605263157895,IMPROVE,SO4
45019,1.1309782905982906,IMPROVE,SO4
46033,0.4543281081081081,IMPROVE,SO4
46071,0.5644849166666667,IMPROVE,SO4
47009,0.9869159663865547,IMPROVE,SO4
48043,1.2692819444444445,IMPROVE,SO4
48109,0.770238425925926,IMPROVE,SO4
49017,0.33874333333333334,IMPROVE,SO4
49037,0.37048981308411216,IMPROVE,SO4
49053,0.39330472972972974,IMPROVE,SO4
49055,0.32510988636363636,IMPROVE,SO4
50007,0.6143065765765766,IMPROVE,SO4
50025,0.6252068965517241,IMPROVE,SO4
51113,0.976232735042735,IMPROVE,SO4
51163,0.9808554237288135,IMPROVE,SO4
53009,0.34282813559322034,IMPROVE,SO4
53033,0.48514657657657656,IMPROVE,SO4
53037,0.2802879090909091,IMPROVE,SO4
53039,0.48160991228070177,IMPROVE,SO4
53041,0.21858174311926606,IMPROVE,SO4
53047,0.2202670754716981,IMPROVE,SO4
53053,0.3356554464285714,IMPROVE,SO4
53073,0.31277760416666667,IMPROVE,SO4
54093,0.9774569827586207,IMPROVE,SO4
55041,0.7057952941176471,IMPROVE,SO4
56005,0.45011144329896907,IMPROVE,SO4
56029,0.2456429213483146,IMPROVE,SO4
56035,0.2818295890410959,IMPROVE,SO4
56039,0.2682009708737864,IMPROVE,SO4
78020,0.815068923076923,IMPROVE,SO4
01073,0.5831293666666667,IMPROVE,NH4NO3
01079,0.46757894,IMPROVE,NH4NO3
02013,0.11852203333333333,IMPROVE,NH4NO3
02068,0.05362530454545455,IMPROVE,NH4NO3
02122,0.1280641,IMPROVE,NH4NO3
02170,0.06729545350877193,IMPROVE,NH4NO3
04001,0.13890698407079646,IMPROVE,NH4NO3
04003,0.18156351512605043,IMPROVE,NH4NO3
04005,0.1772141401746725,IMPROVE,NH4NO3
04007,0.2391003782051282,IMPROVE,NH4NO3
04013,0.730454079385965,IMPROVE,NH4NO3
04015,0.1843394731092437,IMPROVE,NH4NO3
04017,0.1479965962962963,IMPROVE,NH4NO3
04019,0.31779966142433236,IMPROVE,NH4NO3
04023,0.3983500707964602,IMPROVE,NH4NO3
04025,0.2643936438095238,IMPROVE,NH4NO3
05101,0.47651459911504424,IMPROVE,NH4NO3
05113,0.44334045423728813,IMPROVE,NH4NO3
06015,0.21107316754385966,IMPROVE,NH4NO3
06017,0.16803962196261682,IMPROVE,NH4NO3
06019,2.1974093372549017,IMPROVE,NH4NO3
06027,0.1320873456140351,IMPROVE,NH4NO3
06029,0.4889787256410256,IMPROVE,NH4NO3
06037,0.484225625,IMPROVE,NH4NO3
06041,0.7626404481481481,IMPROVE,NH4NO3
06043,0.3718117168141593,IMPROVE,NH4NO3
06051,0.16709657142857143,IMPROVE,NH4NO3
06065,0.8749047376470588,IMPROVE,NH4NO3
06069,0.48766028499999997,IMPROVE,NH4NO3
06071,0.6580549300847458,IMPROVE,NH4NO3
06083,0.5149473448598131,IMPROVE,NH4NO3
06089,0.15115394137931035,IMPROVE,NH4NO3
06093,0.13012291120689656,IMPROVE,NH4NO3
06105,0.16022714285714285,IMPROVE,NH4NO3
06107,0.8011494726495727,IMPROVE,NH4NO3
08003,0.12977485042016806,IMPROVE,NH4NO3
08057,0.14125954051724138,IMPROVE,NH4NO3
08067,0.12802105982905984,IMPROVE,NH4NO3
08069,0.21487021711711712,IMPROVE,NH4NO3
08083,0.1129584831858407,IMPROVE,NH4NO3
08097,0.11207120530973451,IMPROVE,NH4NO3
08103,0.11074883760683761,IMPROVE,NH4NO3
08111,0.08719110504201681,IMPROVE,NH4NO3
09005,0.520077366101695,IMPROVE,NH4NO3
12017,0.43758226754385965,IMPROVE,NH4NO3
12086,0.45930666019417477,IMPROVE,NH4NO3
12129,0.3561301803418803,IMPROVE,NH4NO3
13049,0.3566804745614035,IMPROVE,NH4NO3
13213,0.5014237697247707,IMPROVE,NH4NO3
15001,0.09531871886792453,IMPROVE,NH4NO3
16023,0.3484776406779661,IMPROVE,NH4NO3
16037,0.08073237047619047,IMPROVE,NH4NO3
17019,1.5420555416666666,IMPROVE,NH4NO3
19137,1.2092150762711864,IMPROVE,NH4NO3
20017,0.9063534875,IMPROVE,NH4NO3
20195,0.6384069877192983,IMPROVE,NH4NO3
21061,0.7891199758333334,IMPROVE,NH4NO3
22075,0.40349431226415094,IMPROVE,NH4NO3
23003,0.21894441120689656,IMPROVE,NH4NO3
23005,0.38309911282051284,IMPROVE,NH4NO3
23009,0.2686834008474576,IMPROVE,NH4NO3
23019,0.27059692792792794,IMPROVE,NH4NO3
23029,0.228195956302521,IMPROVE,NH4NO3
24023,0.6520834245833333,IMPROVE,NH4NO3
25001,0.42750093771929826,IMPROVE,NH4NO3
25007,0.5421113705357142,IMPROVE,NH4NO3
26083,0.490112112605042,IMPROVE,NH4NO3
26153,0.5222595538461539,IMPROVE,NH4NO3
27075,0.5152011163793103,IMPROVE,NH4NO3
27137,0.4818787054054054,IMPROVE,NH4NO3
27169,1.2563315144067797,IMPROVE,NH4NO3
29207,0.6095560283333333,IMPROVE,NH4NO3
29213,0.5492583891666667,IMPROVE,NH4NO3
30027,0.2785566422413793,IMPROVE,NH4NO3
30029,0.3526394193277311,IMPROVE,NH4NO3
30047,0.19003763727272727,IMPROVE,NH4NO3
30049,0.14283475321100916,IMPROVE,NH4NO3
30077,0.11053691327433629,IMPROVE,NH4NO3
30081,0.14882800222222223,IMPROVE,NH4NO3
30085,0.5124520361702127,IMPROVE,NH4NO3
30087,0.2100512325,IMPROVE,NH4NO3
30089,0.16862626036036035,IMPROVE,NH4NO3
30091,0.6211872,IMPROVE,NH4NO3
31171,0.5398463833333333,IMPROVE,NH4NO3
32007,0.095299360869565225,IMPROVE,NH4NO3
32033,0.11577031217391304,IMPROVE,NH4NO3
33007,0.16335246846846846,IMPROVE,NH4NO3
33011,0.3362745831932773,IMPROVE,NH4NO3
34001,0.7594105152542373,IMPROVE,NH4NO3
35003,0.11549664521739131,IMPROVE,NH4NO3
35005,0.5474938461538461,IMPROVE,NH4NO3
35015,0.34339788684210526,IMPROVE,NH4NO3
35027,0.16688777142857142,IMPROVE,NH4NO3
35028,0.1303074849557522,IMPROVE,NH4NO3
35039,0.12419544854368932,IMPROVE,NH4NO3
35053,0.14322231565217391,IMPROVE,NH4NO3
35055,0.11373414824561404,IMPROVE,NH4NO3
37011,0.2772515655462185,IMPROVE,NH4NO3
37087,0.2879366796460177,IMPROVE,NH4NO3
37095,0.4323928905172414,IMPROVE,NH4NO3
38007,0.5243350144144144,IMPROVE,NH4NO3
38013,0.734550331092437,IMPROVE,NH4NO3
39121,0.8666147508333333,IMPROVE,NH4NO3
40031,0.6479401404040404,IMPROVE,NH4NO3
40071,0.6950975948275863,IMPROVE,NH4NO3
41005,0.1617244660869565,IMPROVE,NH4NO3
41033,0.13570880625,IMPROVE,NH4NO3
41035,0.14290039043478261,IMPROVE,NH4NO3
41039,0.11647151785714285,IMPROVE,NH4NO3
41061,0.32669377226890756,IMPROVE,NH4NO3
41063,0.4703299626168224,IMPROVE,NH4NO3
45019,0.3785376820512821,IMPROVE,NH4NO3
46033,0.2834887025210084,IMPROVE,NH4NO3
46071,0.33750718416666664,IMPROVE,NH4NO3
47009,0.3869546783333333,IMPROVE,NH4NO3
48043,0.20702629217391305,IMPROVE,NH4NO3
48109,0.2785135695652174,IMPROVE,NH4NO3
49017,0.18735443418803419,IMPROVE,NH4NO3
49037,0.1331689859813084,IMPROVE,NH4NO3
49053,0.16449742844827586,IMPROVE,NH4NO3
49055,0.16792586842105264,IMPROVE,NH4NO3
50007,0.33813025714285716,IMPROVE,NH4NO3
50025,0.4983148517241379,IMPROVE,NH4NO3
51113,0.5904981805084746,IMPROVE,NH4NO3
51163,0.40800266779661015,IMPROVE,NH4NO3
53009,0.26834599243697477,IMPROVE,NH4NO3
53033,0.7831225762711864,IMPROVE,NH4NO3
53037,0.3176635945945946,IMPROVE,NH4NO3
53039,1.2765271807017544,IMPROVE,NH4NO3
53041,0.14572861081081082,IMPROVE,NH4NO3
53047,0.14497985089285714,IMPROVE,NH4NO3
53053,0.15207494513274336,IMPROVE,NH4NO3
53073,0.12036124042553191,IMPROVE,NH4NO3
54093,0.4595577948275862,IMPROVE,NH4NO3
55041,0.8690148638655463,IMPROVE,NH4NO3
56005,0.22674751153846154,IMPROVE,NH4NO3
56029,0.10906803157894737,IMPROVE,NH4NO3
56035,0.12448917356828194,IMPROVE,NH4NO3
56039,0.14882701272727272,IMPROVE,NH4NO3
78020,0.2922525151515152,IMPROVE,NH4NO3
01073,0.4520383333333333,IMPROVE,NO3
01079,0.36246416666666664,IMPROVE,NO3
02013,0.09250084112149533,IMPROVE,NO3
02068,0.04157,IMPROVE,NO3
02122,0.09623,IMPROVE,NO3
02170,0.048842666666666666,IMPROVE,NO3
04001,0.10343603773584906,IMPROVE,NO3
04003,0.14074689075630253,IMPROVE,NO3
04005,0.1368130593607306,IMPROVE,NO3
04007,0.18534916666666668,IMPROVE,NO3
04013,0.5793922274881517,IMPROVE,NO3
04015,0.1377031818181818,IMPROVE,NO3
04017,0.11472601851851852,IMPROVE,NO3
04019,0.24348009146341462,IMPROVE,NO3
04023,0.30879849557522127,IMPROVE,NO3
04025,0.20331444444444444,IMPROVE,NO3
05101,0.3693911504424779,IMPROVE,NO3
05113,0.34367474576271184,IMPROVE,NO3
06015,0.1542874336283186,IMPROVE,NO3
06017,0.1302632710280374,IMPROVE,NO3
06019,1.7239464361702128,IMPROVE,NO3
06027,0.1018888785046729,IMPROVE,NO3
06029,0.37905324786324784,IMPROVE,NO3
06037,0.3820454545454545,IMPROVE,NO3
06041,0.5911939814814815,IMPROVE,NO3
06043,0.2882261946902655,IMPROVE,NO3
06051,0.12940233333333334,IMPROVE,NO3
06065,0.6857585714285714,IMPROVE,NO3
06069,0.37921542372881356,IMPROVE,NO3
06071,0.5220357847533632,IMPROVE,NO3
06083,0.3991839252336449,IMPROVE,NO3
06089,0.11717353448275862,IMPROVE,NO3
06093,0.09965791304347826,IMPROVE,NO3
06105,0.12420714285714285,IMPROVE,NO3
06107,0.6287385454545454,IMPROVE,NO3
08003,0.09979678899082568,IMPROVE,NO3
08057,0.110732,IMPROVE,NO3
08067,0.09924111111111111,IMPROVE,NO3
08069,0.16656603603603604,IMPROVE,NO3
08083,0.0835256603773585,IMPROVE,NO3
08097,0.08569715596330275,IMPROVE,NO3
08103,0.08486563636363637,IMPROVE,NO3
08111,0.06657205357142858,IMPROVE,NO3
09005,0.4031606779661017,IMPROVE,NO3
12017,0.3422668224299065,IMPROVE,NO3
12086,0.3560516504854369,IMPROVE,NO3
12129,0.27606991452991453,IMPROVE,NO3
13049,0.2779062264150943,IMPROVE,NO3
13213,0.39161259259259257,IMPROVE,NO3
15001,0.0738904716981132,IMPROVE,NO3
16023,0.2876405714285714,IMPROVE,NO3
16037,0.06465555555555555,IMPROVE,NO3
17019,1.1953920833333334,IMPROVE,NO3
19137,0.9786417117117118,IMPROVE,NO3
20017,0.7353738938053097,IMPROVE,NO3
20195,0.5157001869158878,IMPROVE,NO3
21061,0.6375455309734513,IMPROVE,NO3
22075,0.3041969,IMPROVE,NO3
23003,0.1697243103448276,IMPROVE,NO3
23005,0.29775833333333335,IMPROVE,NO3
23009,0.20828169491525425,IMPROVE,NO3
23019,0.20976504504504503,IMPROVE,NO3
23029,0.17689613445378152,IMPROVE,NO3
24023,0.527217577092511,IMPROVE,NO3
25001,0.3259530841121495,IMPROVE,NO3
25007,0.40516673913043477,IMPROVE,NO3
26083,0.3799318487394958,IMPROVE,NO3
26153,0.40485239316239313,IMPROVE,NO3
27075,0.3993805172413793,IMPROVE,NO3
27137,0.4028819607843137,IMPROVE,NO3
27169,0.9739005084745763,IMPROVE,NO3
29207,0.472524,IMPROVE,NO3
29213,0.44548398230088493,IMPROVE,NO3
30027,0.20613365217391305,IMPROVE,NO3
30029,0.27336361344537813,IMPROVE,NO3
30047,0.15175951923076925,IMPROVE,NO3
30049,0.1107245871559633,IMPROVE,NO3
30077,0.08873094339622642,IMPROVE,NO3
30081,0.14925822580645162,IMPROVE,NO3
30085,0.3972496808510638,IMPROVE,NO3
30087,0.16217700854700856,IMPROVE,NO3
30089,0.10587838383838384,IMPROVE,NO3
30091,0.4838383035714286,IMPROVE,NO3
31171,0.35762285714285713,IMPROVE,NO3
32007,0.07913377551020408,IMPROVE,NO3
32033,0.08962553571428572,IMPROVE,NO3
33007,0.12662981981981983,IMPROVE,NO3
33011,0.26809375,IMPROVE,NO3
34001,0.5995395535714286,IMPROVE,NO3
35003,0.08576716216216217,IMPROVE,NO3
35005,0.4364999090909091,IMPROVE,NO3
35015,0.26619973684210524,IMPROVE,NO3
35027,0.12937035714285713,IMPROVE,NO3
35028,0.10101353982300885,IMPROVE,NO3
35039,0.08641563829787234,IMPROVE,NO3
35053,0.10748410714285714,IMPROVE,NO3
35055,0.0876836036036036,IMPROVE,NO3
37011,0.2149236974789916,IMPROVE,NO3
37087,0.22320672566371683,IMPROVE,NO3
37095,0.3415489814814815,IMPROVE,NO3
38007,0.4064610810810811,IMPROVE,NO3
38013,0.563463220338983,IMPROVE,NO3
39121,0.7022242477876106,IMPROVE,NO3
40031,0.5022791919191919,IMPROVE,NO3
40071,0.5653233027522936,IMPROVE,NO3
41005,0.1253678260869565,IMPROVE,NO3
41033,0.105200625,IMPROVE,NO3
41035,0.1120525,IMPROVE,NO3
41039,0.09028794642857142,IMPROVE,NO3
41061,0.26858190476190474,IMPROVE,NO3
41063,0.40304763157894735,IMPROVE,NO3
45019,0.2934400854700855,IMPROVE,NO3
46033,0.23200549549549548,IMPROVE,NO3
46071,0.2616334166666667,IMPROVE,NO3
47009,0.30187613445378153,IMPROVE,NO3
48043,0.15750462962962963,IMPROVE,NO3
48109,0.2181825925925926,IMPROVE,NO3
49017,0.14661684210526316,IMPROVE,NO3
49037,0.10323177570093457,IMPROVE,NO3
49053,0.14385689189189188,IMPROVE,NO3
49055,0.13335477272727272,IMPROVE,NO3
50007,0.27462270270270267,IMPROVE,NO3
50025,0.38629060344827587,IMPROVE,NO3
51113,0.4577504237288136,IMPROVE,NO3
51163,0.31628110169491525,IMPROVE,NO3
53009,0.2080201680672269,IMPROVE,NO3
53033,0.6086307207207208,IMPROVE,NO3
53037,0.2462509009009009,IMPROVE,NO3
53039,0.9895554385964912,IMPROVE,NO3
53041,0.08948136363636364,IMPROVE,NO3
53047,0.11413161904761905,IMPROVE,NO3
53053,0.11650535714285715,IMPROVE,NO3
53073,0.09330329787234043,IMPROVE,NO3
54093,0.3562463793103448,IMPROVE,NO3
55041,0.6736549579831933,IMPROVE,NO3
56005,0.18291134020618557,IMPROVE,NO3
56029,0.08681261363636364,IMPROVE,NO3
56035,0.09728073394495412,IMPROVE,NO3
56039,0.11956941747572816,IMPROVE,NO3
78020,0.22850246153846154,IMPROVE,NO3
01073,8.763225166666667,IMPROVE,PM_25
01079,6.2744292561983475,IMPROVE,PM_25
02013,2.5312391228070177,IMPROVE,PM_25
02068,1.0784618918918918,IMPROVE,PM_25
02122,1.6291553731343285,IMPROVE,PM_25
02170,1.332758717948718,IMPROVE,PM_25
04001,2.794211592920354,IMPROVE,PM_25
04003,3.9278314754098362,IMPROVE,PM_25
04005,4.259590218340612,IMPROVE,PM_25
04007,3.8093205095541403,IMPROVE,PM_25
04013,8.557257142857143,IMPROVE,PM_25
04015,2.7665573728813557,IMPROVE,PM_25
04017,3.07038850877193,IMPROVE,PM_25
04019,4.398723255131965,IMPROVE,PM_25
04023,9.712157391304348,IMPROVE,PM_25
04025,3.228110093457944,IMPROVE,PM_25
05101,5.613331217391305,IMPROVE,PM_25
05113,5.929906186440678,IMPROVE,PM_25
06015,3.6790491071428573,IMPROVE,PM_25
06017,3.717586712962963,IMPROVE,PM_25
06019,8.872541062801933,IMPROVE,PM_25
06027,3.7746196551724136,IMPROVE,PM_25
06029,5.260917394957983,IMPROVE,PM_25
06037,3.3139636470588236,IMPROVE,PM_25
06041,6.830749908256881,IMPROVE,PM_25
06043,5.643081739130435,IMPROVE,PM_25
06051,3.654992828282828,IMPROVE,PM_25
06065,4.782497037037037,IMPROVE,PM_25
06069,4.483874754098361,IMPROVE,PM_25
06071,3.5485212658227847,IMPROVE,PM_25
06083,4.378077570093458,IMPROVE,PM_25
06089,3.9753956666666665,IMPROVE,PM_25
06093,4.626013559322034,IMPROVE,PM_25
06105,6.94851390625,IMPROVE,PM_25
06107,7.344543418803418,IMPROVE,PM_25
08003,2.327828347107438,IMPROVE,PM_25
08057,2.5342115384615385,IMPROVE,PM_25
08067,2.9100789915966385,IMPROVE,PM_25
08069,2.886675,IMPROVE,PM_25
08083,2.1500662053571427,IMPROVE,PM_25
08097,1.7398191228070177,IMPROVE,PM_25
08103,2.1373586440677967,IMPROVE,PM_25
08111,1.966846218487395,IMPROVE,PM_25
09005,3.7308079338842974,IMPROVE,PM_25
12017,6.3982734210526315,IMPROVE,PM_25
12086,5.3506384,IMPROVE,PM_25
12129,5.791981524663677,IMPROVE,PM_25
13049,6.264185044247788,IMPROVE,PM_25
13213,5.228396981132075,IMPROVE,PM_25
15001,3.9562392380952383,IMPROVE,PM_25
16023,4.1500763865546215,IMPROVE,PM_25
16037,4.324424234234234,IMPROVE,PM_25
17019,6.523761065573771,IMPROVE,PM_25
19137,5.802394453781512,IMPROVE,PM_25
20017,5.424739745762712,IMPROVE,PM_25
20195,4.475190775862069,IMPROVE,PM_25
21061,5.7455298360655735,IMPROVE,PM_25
22075,5.856396822429907,IMPROVE,PM_25
23003,3.511577033898305,IMPROVE,PM_25
23005,4.20204406779661,IMPROVE,PM_25
23009,3.2036831967213115,IMPROVE,PM_25
23019,3.769883274336283,IMPROVE,PM_25
23029,3.028617272727273,IMPROVE,PM_25
24023,4.894916967213115,IMPROVE,PM_25
25001,4.28539149122807,IMPROVE,PM_25
25007,4.906199082568807,IMPROVE,PM_25
26083,3.2545762809917353,IMPROVE,PM_25
26153,3.021679745762712,IMPROVE,PM_25
27075,3.0331894166666666,IMPROVE,PM_25
27137,3.454870608695652,IMPROVE,PM_25
27169,5.028059159663865,IMPROVE,PM_25
29207,6.561605983606557,IMPROVE,PM_25
29213,5.526761092436975,IMPROVE,PM_25
30027,3.9122460169491524,IMPROVE,PM_25
30029,4.808372627118644,IMPROVE,PM_25
30047,4.119653888888889,IMPROVE,PM_25
30049,3.9948691588785046,IMPROVE,PM_25
30077,4.782218190476191,IMPROVE,PM_25
30081,3.889877934782609,IMPROVE,PM_25
30085,3.906455777777778,IMPROVE,PM_25
30087,3.9281153719008266,IMPROVE,PM_25
30089,4.232673679245283,IMPROVE,PM_25
30091,3.8213093859649123,IMPROVE,PM_25
31171,3.939938620689655,IMPROVE,PM_25
32007,3.2105039344262294,IMPROVE,PM_25
32033,2.2377335042735043,IMPROVE,PM_25
33007,2.9259646017699117,IMPROVE,PM_25
33011,2.8528692372881355,IMPROVE,PM_25
34001,5.174645982905983,IMPROVE,PM_25
35003,2.849937410714286,IMPROVE,PM_25
35005,4.97477949579832,IMPROVE,PM_25
35015,3.342387878787879,IMPROVE,PM_25
35027,3.03553981981982,IMPROVE,PM_25
35028,2.6384623275862067,IMPROVE,PM_25
35039,2.1028758653846156,IMPROVE,PM_25
35053,3.0464537391304347,IMPROVE,PM_25
35055,2.1337133043478262,IMPROVE,PM_25
37011,5.0408125,IMPROVE,PM_25
37087,3.847605,IMPROVE,PM_25
37095,4.928638859649123,IMPROVE,PM_25
38007,3.6352917699115044,IMPROVE,PM_25
38013,4.100755194805195,IMPROVE,PM_25
39121,5.919165416666667,IMPROVE,PM_25
40031,5.0931719387755106,IMPROVE,PM_25
40071,6.72781641025641,IMPROVE,PM_25
41005,3.141034298245614,IMPROVE,PM_25
41033,3.734093392857143,IMPROVE,PM_25
41035,5.11054375,IMPROVE,PM_25
41039,3.6418092523364485,IMPROVE,PM_25
41061,3.778786833333333,IMPROVE,PM_25
41063,4.7271591964285715,IMPROVE,PM_25
45019,6.151914537815126,IMPROVE,PM_25
46033,3.4146371666666666,IMPROVE,PM_25
46071,3.478939262295082,IMPROVE,PM_25
47009,5.060560743801653,IMPROVE,PM_25
48043,4.633048461538461,IMPROVE,PM_25
48109,5.126233793103448,IMPROVE,PM_25
49017,2.2813553846153845,IMPROVE,PM_25
49037,2.4530871296296297,IMPROVE,PM_25
49053,3.0037525423728813,IMPROVE,PM_25
49055,2.5786716071428573,IMPROVE,PM_25
50007,3.1927487280701756,IMPROVE,PM_25
50025,3.2366096610169492,IMPROVE,PM_25
51113,4.636971896551724,IMPROVE,PM_25
51163,5.486937,IMPROVE,PM_25
53009,3.41013925,IMPROVE,PM_25
53033,5.845183278688524,IMPROVE,PM_25
53037,4.2667046428571425,IMPROVE,PM_25
53039,5.984629661016949,IMPROVE,PM_25
53041,3.1535607692307694,IMPROVE,PM_25
53047,4.797813448275862,IMPROVE,PM_25
53053,3.8378158260869566,IMPROVE,PM_25
53073,3.2758496666666668,IMPROVE,PM_25
54093,4.190706637931035,IMPROVE,PM_25
55041,3.7574681666666665,IMPROVE,PM_25
56005,4.573958090909091,IMPROVE,PM_25
56029,2.5335891304347826,IMPROVE,PM_25
56035,2.956306943231441,IMPROVE,PM_25
56039,3.3072370535714284,IMPROVE,PM_25
78020,6.553231612903226,IMPROVE,PM_25
01073,2.5432758796296295,IMPROVE,OC
01079,1.9626767685185185,IMPROVE,OC
02013,0.19514771014492754,IMPROVE,OC
02068,0.3366204464285714,IMPROVE,OC
02122,0.37912847701149427,IMPROVE,OC
02170,0.4645504118773946,IMPROVE,OC
04001,0.8526577370030581,IMPROVE,OC
04003,0.7618519907407407,IMPROVE,OC
04005,0.8040244444444444,IMPROVE,OC
04007,0.828662556980057,IMPROVE,OC
04013,2.3096550807217473,IMPROVE,OC
04015,0.5219149112978525,IMPROVE,OC
04017,0.7306547787610619,IMPROVE,OC
04019,0.724069643916914,IMPROVE,OC
04023,2.291872033730159,IMPROVE,OC
04025,0.7585073862433862,IMPROVE,OC
05101,1.448486748216106,IMPROVE,OC
05113,1.4842853013182673,IMPROVE,OC
06015,2.3983090253411308,IMPROVE,OC
06017,1.3566944086021504,IMPROVE,OC
06019,2.468185165311653,IMPROVE,OC
06027,0.9941251559454191,IMPROVE,OC
06029,1.4489150595238094,IMPROVE,OC
06037,0.8912508433734939,IMPROVE,OC
06041,1.1265994184839043,IMPROVE,OC
06043,5.189426198830409,IMPROVE,OC
06051,1.318407239404353,IMPROVE,OC
06065,1.0828129118773946,IMPROVE,OC
06069,1.2335820277777778,IMPROVE,OC
06071,0.8993283263009845,IMPROVE,OC
06083,1.022268455026455,IMPROVE,OC
06089,1.5958347149758454,IMPROVE,OC
06093,1.9837951092117758,IMPROVE,OC
06105,4.375079488536155,IMPROVE,OC
06107,2.3720137202380953,IMPROVE,OC
08003,0.739025639589169,IMPROVE,OC
08057,0.8553677971014493,IMPROVE,OC
08067,0.6366214406779661,IMPROVE,OC
08069,0.9003927827827828,IMPROVE,OC
08083,0.49120182890855457,IMPROVE,OC
08097,0.42984080808080805,IMPROVE,OC
08103,0.5713114814814815,IMPROVE,OC
08111,0.5198581045751633,IMPROVE,OC
09005,0.9994623809523809,IMPROVE,OC
12017,2.7274465984405456,IMPROVE,OC
12086,0.7625410595647193,IMPROVE,OC
12129,1.3107917948717949,IMPROVE,OC
13049,1.9378990658800392,IMPROVE,OC
13089,2.53085465337132,IMPROVE,OC
13213,1.497369352750809,IMPROVE,OC
15001,0.16241755102040817,IMPROVE,OC
16023,1.451838898225957,IMPROVE,OC
16037,2.165455497076023,IMPROVE,OC
17019,1.2412731296296295,IMPROVE,OC
19137,1.2774672128060263,IMPROVE,OC
20017,1.4225345197740114,IMPROVE,OC
20195,0.9857787134502923,IMPROVE,OC
21061,1.5453317777777777,IMPROVE,OC
22075,1.188145925925926,IMPROVE,OC
23003,1.0113697509578543,IMPROVE,OC
23005,1.1957938651471984,IMPROVE,OC
23009,0.8292359444444444,IMPROVE,OC
23019,1.14269433127572,IMPROVE,OC
23029,0.8295890196078431,IMPROVE,OC
24023,1.1947369166666666,IMPROVE,OC
25001,0.8234494894894895,IMPROVE,OC
25007,0.8004039429695182,IMPROVE,OC
26083,0.8693789363722697,IMPROVE,OC
26153,0.7988818007662835,IMPROVE,OC
26163,1.6652925595238095,IMPROVE,OC
27075,0.8608660185185185,IMPROVE,OC
27137,0.9563515353535353,IMPROVE,OC
27169,1.1017010531400966,IMPROVE,OC
29207,1.7298441296296296,IMPROVE,OC
29213,1.4916137787154242,IMPROVE,OC
30027,1.2196835727969348,IMPROVE,OC
30029,2.2184793691148776,IMPROVE,OC
30047,2.2901884126984124,IMPROVE,OC
30049,1.7500809034267912,IMPROVE,OC
30077,3.815715331294597,IMPROVE,OC
30081,2.8987956049382717,IMPROVE,OC
30085,1.0495228014184397,IMPROVE,OC
30087,1.3980426944444444,IMPROVE,OC
30089,2.404505915915916,IMPROVE,OC
30091,0.8567557698056801,IMPROVE,OC
31171,0.9429899122807017,IMPROVE,OC
32007,0.9085386944444445,IMPROVE,OC
32033,0.6295897413793103,IMPROVE,OC
33007,0.8431565858585859,IMPROVE,OC
33011,0.8517187835249042,IMPROVE,OC
34001,1.235133420289855,IMPROVE,OC
35003,1.142743779677113,IMPROVE,OC
35005,0.9266375925925926,IMPROVE,OC
35015,0.6604652777777777,IMPROVE,OC
35027,0.7217889300411522,IMPROVE,OC
35028,0.7124005456349206,IMPROVE,OC
35039,0.5150477668845316,IMPROVE,OC
35053,0.7811726086956522,IMPROVE,OC
35055,0.5749627335299902,IMPROVE,OC
37011,1.5588797665732959,IMPROVE,OC
37087,1.0044420272904484,IMPROVE,OC
37095,1.2483714846743295,IMPROVE,OC
38007,0.9449835306334371,IMPROVE,OC
38013,0.9836393277310924,IMPROVE,OC
39121,1.363096910331384,IMPROVE,OC
40031,1.1262374747474748,IMPROVE,OC
40071,1.8799989655172413,IMPROVE,OC
41005,1.1428090927624872,IMPROVE,OC
41033,2.3646140019665682,IMPROVE,OC
41035,3.504779642512077,IMPROVE,OC
41039,3.4541935335335334,IMPROVE,OC
41061,1.7507409243697478,IMPROVE,OC
41063,1.7947678282828283,IMPROVE,OC
42003,1.9918763796296295,IMPROVE,OC
45019,1.481084767331434,IMPROVE,OC
46033,1.0213085185185184,IMPROVE,OC
46071,0.9459973148148147,IMPROVE,OC
47009,1.373334618357488,IMPROVE,OC
48043,0.7351128115942028,IMPROVE,OC
48109,0.8270815845410628,IMPROVE,OC
49017,0.6705048717948718,IMPROVE,OC
49037,0.5842108562691132,IMPROVE,OC
49053,0.6588758812260537,IMPROVE,OC
49055,0.6826727777777778,IMPROVE,OC
50007,0.9828520821661998,IMPROVE,OC
50025,0.8706709178743961,IMPROVE,OC
51113,1.150220395480226,IMPROVE,OC
51163,1.6185691807909603,IMPROVE,OC
53009,1.1653304388422034,IMPROVE,OC
53033,1.984576111111111,IMPROVE,OC
53037,1.6914936936936937,IMPROVE,OC
53039,2.0279842937853108,IMPROVE,OC
53041,1.8799384444444445,IMPROVE,OC
53047,1.9802329898989899,IMPROVE,OC
53053,1.4313008357915438,IMPROVE,OC
53073,2.523709157894737,IMPROVE,OC
54093,1.044848888888889,IMPROVE,OC
55041,0.94863720821662,IMPROVE,OC
56005,1.434068621399177,IMPROVE,OC
56029,0.852307304964539,IMPROVE,OC
56035,1.0496798678414097,IMPROVE,OC
56039,1.340148595959596,IMPROVE,OC
78020,0.5007321904761904,IMPROVE,OC
